[sudo] password for qyunt: === Checking Ubuntu and backing up APT configuration ===
=== Retrieving and verifying ROS repository key ===
gpg: keybox '/tmp/tmp.LJK2JuGeos/pubring.kbx' created
gpg: /tmp/tmp.LJK2JuGeos/trustdb.gpg: trustdb created
gpg: Total number processed: 1
pub   rsa4096 2019-05-30 [SC] [expires: 2030-06-01]
      C1CF6E31E6BADE8868B172B4F42ED6FBAB17C654
uid                      Open Robotics <info@osrfoundation.org>

gpg: Total number processed: 1
=== Updating APT indexes ===
Get:1 https://mirrors.tuna.tsinghua.edu.cn/ubuntu bionic InRelease [242 kB]
Get:2 https://mirrors.tuna.tsinghua.edu.cn/ubuntu bionic-updates InRelease [102 kB]
Get:3 https://mirrors.tuna.tsinghua.edu.cn/ubuntu bionic-backports InRelease [102 kB]
Get:4 https://mirrors.tuna.tsinghua.edu.cn/ubuntu bionic-security InRelease [102 kB]
Get:5 https://mirrors.tuna.tsinghua.edu.cn/ros/ubuntu bionic InRelease [4,680 B]
Get:6 https://mirrors.tuna.tsinghua.edu.cn/ubuntu bionic/main i386 Packages [1,007 kB]
Get:7 https://mirrors.tuna.tsinghua.edu.cn/ubuntu bionic/main amd64 Packages [1,019 kB]
Get:8 https://mirrors.tuna.tsinghua.edu.cn/ubuntu bionic/main Translation-en [516 kB]
Get:9 https://mirrors.tuna.tsinghua.edu.cn/ubuntu bionic/main amd64 DEP-11 Metadata [477 kB]
Get:10 https://mirrors.tuna.tsinghua.edu.cn/ubuntu bionic/main DEP-11 48x48 Icons [118 kB]
Get:11 https://mirrors.tuna.tsinghua.edu.cn/ubuntu bionic/main DEP-11 64x64 Icons [245 kB]
Get:12 https://mirrors.tuna.tsinghua.edu.cn/ubuntu bionic/restricted amd64 Packages [9,184 B]
Get:13 https://mirrors.tuna.tsinghua.edu.cn/ubuntu bionic/restricted i386 Packages [9,156 B]
Get:14 https://mirrors.tuna.tsinghua.edu.cn/ubuntu bionic/restricted Translation-en [3,584 B]
Get:15 https://mirrors.tuna.tsinghua.edu.cn/ubuntu bionic/universe amd64 Packages [8,570 kB]
Get:16 https://mirrors.tuna.tsinghua.edu.cn/ubuntu bionic/universe i386 Packages [8,531 kB]
Get:17 https://mirrors.tuna.tsinghua.edu.cn/ubuntu bionic/universe Translation-en [4,941 kB]
Get:18 https://mirrors.tuna.tsinghua.edu.cn/ubuntu bionic/universe amd64 DEP-11 Metadata [3,287 kB]
Get:19 https://mirrors.tuna.tsinghua.edu.cn/ubuntu bionic/universe DEP-11 48x48 Icons [2,151 kB]
Get:20 https://mirrors.tuna.tsinghua.edu.cn/ubuntu bionic/universe DEP-11 64x64 Icons [8,420 kB]
Get:21 https://mirrors.tuna.tsinghua.edu.cn/ubuntu bionic/multiverse amd64 Packages [151 kB]
Get:22 https://mirrors.tuna.tsinghua.edu.cn/ubuntu bionic/multiverse i386 Packages [144 kB]
Get:23 https://mirrors.tuna.tsinghua.edu.cn/ubuntu bionic/multiverse Translation-en [108 kB]
Get:24 https://mirrors.tuna.tsinghua.edu.cn/ubuntu bionic/multiverse amd64 DEP-11 Metadata [49.7 kB]
Get:25 https://mirrors.tuna.tsinghua.edu.cn/ubuntu bionic/multiverse DEP-11 48x48 Icons [8,931 B]
Get:26 https://mirrors.tuna.tsinghua.edu.cn/ubuntu bionic/multiverse DEP-11 64x64 Icons [225 kB]
Get:27 https://mirrors.tuna.tsinghua.edu.cn/ubuntu bionic-updates/main i386 Packages [1,692 kB]
Get:28 https://mirrors.tuna.tsinghua.edu.cn/ubuntu bionic-updates/main amd64 Packages [3,092 kB]
Get:29 https://mirrors.tuna.tsinghua.edu.cn/ubuntu bionic-updates/main Translation-en [552 kB]
Get:30 https://mirrors.tuna.tsinghua.edu.cn/ubuntu bionic-updates/main amd64 DEP-11 Metadata [297 kB]
Get:31 https://mirrors.tuna.tsinghua.edu.cn/ubuntu bionic-updates/main DEP-11 48x48 Icons [82.8 kB]
Get:32 https://mirrors.tuna.tsinghua.edu.cn/ubuntu bionic-updates/main DEP-11 64x64 Icons [154 kB]
Get:33 https://mirrors.tuna.tsinghua.edu.cn/ubuntu bionic-updates/restricted i386 Packages [40.0 kB]
Get:34 https://mirrors.tuna.tsinghua.edu.cn/ubuntu bionic-updates/restricted amd64 Packages [1,368 kB]
Get:35 https://mirrors.tuna.tsinghua.edu.cn/ubuntu bionic-updates/restricted Translation-en [187 kB]
Get:36 https://mirrors.tuna.tsinghua.edu.cn/ubuntu bionic-updates/restricted amd64 DEP-11 Metadata [212 B]
Get:37 https://mirrors.tuna.tsinghua.edu.cn/ubuntu bionic-updates/restricted DEP-11 48x48 Icons [29 B]
Get:38 https://mirrors.tuna.tsinghua.edu.cn/ubuntu bionic-updates/restricted DEP-11 64x64 Icons [29 B]
Get:39 https://mirrors.tuna.tsinghua.edu.cn/ubuntu bionic-updates/universe i386 Packages [1,679 kB]
Get:40 https://mirrors.tuna.tsinghua.edu.cn/ubuntu bionic-updates/universe amd64 Packages [1,936 kB]
Get:41 https://mirrors.tuna.tsinghua.edu.cn/ubuntu bionic-updates/universe Translation-en [420 kB]
Get:42 https://mirrors.tuna.tsinghua.edu.cn/ubuntu bionic-updates/universe amd64 DEP-11 Metadata [303 kB]
Get:43 https://mirrors.tuna.tsinghua.edu.cn/ubuntu bionic-updates/universe DEP-11 48x48 Icons [237 kB]
Get:44 https://mirrors.tuna.tsinghua.edu.cn/ubuntu bionic-updates/universe DEP-11 64x64 Icons [521 kB]
Get:45 https://mirrors.tuna.tsinghua.edu.cn/ubuntu bionic-updates/multiverse i386 Packages [11.2 kB]
Get:46 https://mirrors.tuna.tsinghua.edu.cn/ubuntu bionic-updates/multiverse amd64 Packages [25.7 kB]
Get:47 https://mirrors.tuna.tsinghua.edu.cn/ubuntu bionic-updates/multiverse Translation-en [6,056 B]
Get:48 https://mirrors.tuna.tsinghua.edu.cn/ubuntu bionic-updates/multiverse amd64 DEP-11 Metadata [2,468 B]
Get:49 https://mirrors.tuna.tsinghua.edu.cn/ubuntu bionic-updates/multiverse DEP-11 48x48 Icons [29 B]
Get:50 https://mirrors.tuna.tsinghua.edu.cn/ubuntu bionic-updates/multiverse DEP-11 64x64 Icons [2,638 B]
Get:51 https://mirrors.tuna.tsinghua.edu.cn/ubuntu bionic-backports/main amd64 Packages [53.7 kB]
Get:52 https://mirrors.tuna.tsinghua.edu.cn/ubuntu bionic-backports/main i386 Packages [53.7 kB]
Get:53 https://mirrors.tuna.tsinghua.edu.cn/ubuntu bionic-backports/main Translation-en [14.5 kB]
Get:54 https://mirrors.tuna.tsinghua.edu.cn/ubuntu bionic-backports/main amd64 DEP-11 Metadata [8,120 B]
Get:55 https://mirrors.tuna.tsinghua.edu.cn/ubuntu bionic-backports/main DEP-11 48x48 Icons [7,156 B]
Get:56 https://mirrors.tuna.tsinghua.edu.cn/ubuntu bionic-backports/main DEP-11 64x64 Icons [10.7 kB]
Get:57 https://mirrors.tuna.tsinghua.edu.cn/ubuntu bionic-backports/restricted amd64 DEP-11 Metadata [216 B]
Get:58 https://mirrors.tuna.tsinghua.edu.cn/ubuntu bionic-backports/restricted DEP-11 48x48 Icons [29 B]
Get:59 https://mirrors.tuna.tsinghua.edu.cn/ubuntu bionic-backports/restricted DEP-11 64x64 Icons [29 B]
Get:60 https://mirrors.tuna.tsinghua.edu.cn/ubuntu bionic-backports/universe i386 Packages [18.3 kB]
Get:61 https://mirrors.tuna.tsinghua.edu.cn/ubuntu bionic-backports/universe amd64 Packages [18.3 kB]
Get:62 https://mirrors.tuna.tsinghua.edu.cn/ubuntu bionic-backports/universe Translation-en [8,612 B]
Get:63 https://mirrors.tuna.tsinghua.edu.cn/ubuntu bionic-backports/universe amd64 DEP-11 Metadata [10.0 kB]
Get:64 https://mirrors.tuna.tsinghua.edu.cn/ubuntu bionic-backports/universe DEP-11 48x48 Icons [5,009 B]
Get:65 https://mirrors.tuna.tsinghua.edu.cn/ubuntu bionic-backports/universe DEP-11 64x64 Icons [6,808 B]
Get:66 https://mirrors.tuna.tsinghua.edu.cn/ubuntu bionic-backports/multiverse amd64 DEP-11 Metadata [216 B]
Get:67 https://mirrors.tuna.tsinghua.edu.cn/ubuntu bionic-backports/multiverse DEP-11 48x48 Icons [29 B]
Get:68 https://mirrors.tuna.tsinghua.edu.cn/ubuntu bionic-backports/multiverse DEP-11 64x64 Icons [29 B]
Get:69 https://mirrors.tuna.tsinghua.edu.cn/ubuntu bionic-security/main i386 Packages [1,403 kB]
Get:70 https://mirrors.tuna.tsinghua.edu.cn/ubuntu bionic-security/main amd64 Packages [2,763 kB]
Get:71 https://mirrors.tuna.tsinghua.edu.cn/ubuntu bionic-security/main Translation-en [467 kB]
Get:72 https://mirrors.tuna.tsinghua.edu.cn/ubuntu bionic-security/main amd64 DEP-11 Metadata [76.7 kB]
Get:73 https://mirrors.tuna.tsinghua.edu.cn/ubuntu bionic-security/main DEP-11 48x48 Icons [31.1 kB]
Get:74 https://mirrors.tuna.tsinghua.edu.cn/ubuntu bionic-security/main DEP-11 64x64 Icons [67.9 kB]
Get:75 https://mirrors.tuna.tsinghua.edu.cn/ubuntu bionic-security/restricted i386 Packages [33.3 kB]
Get:76 https://mirrors.tuna.tsinghua.edu.cn/ubuntu bionic-security/restricted amd64 Packages [1,338 kB]
Get:77 https://mirrors.tuna.tsinghua.edu.cn/ubuntu bionic-security/restricted Translation-en [182 kB]
Get:78 https://mirrors.tuna.tsinghua.edu.cn/ubuntu bionic-security/restricted amd64 DEP-11 Metadata [212 B]
Get:79 https://mirrors.tuna.tsinghua.edu.cn/ubuntu bionic-security/restricted DEP-11 48x48 Icons [29 B]
Get:80 https://mirrors.tuna.tsinghua.edu.cn/ubuntu bionic-security/restricted DEP-11 64x64 Icons [29 B]
Get:81 https://mirrors.tuna.tsinghua.edu.cn/ubuntu bionic-security/universe amd64 Packages [1,319 kB]
Get:82 https://mirrors.tuna.tsinghua.edu.cn/ubuntu bionic-security/universe i386 Packages [1,088 kB]
Get:83 https://mirrors.tuna.tsinghua.edu.cn/ubuntu bionic-security/universe Translation-en [307 kB]
Get:84 https://mirrors.tuna.tsinghua.edu.cn/ubuntu bionic-security/universe amd64 DEP-11 Metadata [61.9 kB]
Get:85 https://mirrors.tuna.tsinghua.edu.cn/ubuntu bionic-security/universe DEP-11 48x48 Icons [35.7 kB]
Get:86 https://mirrors.tuna.tsinghua.edu.cn/ubuntu bionic-security/universe DEP-11 64x64 Icons [152 kB]
Get:87 https://mirrors.tuna.tsinghua.edu.cn/ubuntu bionic-security/multiverse amd64 Packages [19.8 kB]
Get:88 https://mirrors.tuna.tsinghua.edu.cn/ubuntu bionic-security/multiverse i386 Packages [5,984 B]
Get:89 https://mirrors.tuna.tsinghua.edu.cn/ubuntu bionic-security/multiverse Translation-en [3,896 B]
Get:90 https://mirrors.tuna.tsinghua.edu.cn/ubuntu bionic-security/multiverse amd64 DEP-11 Metadata [2,464 B]
Get:91 https://mirrors.tuna.tsinghua.edu.cn/ubuntu bionic-security/multiverse DEP-11 48x48 Icons [29 B]
Get:92 https://mirrors.tuna.tsinghua.edu.cn/ubuntu bionic-security/multiverse DEP-11 64x64 Icons [2,638 B]
Get:93 https://mirrors.tuna.tsinghua.edu.cn/ros/ubuntu bionic/main amd64 Packages [809 kB]
Fetched 63.5 MB in 22s (2,838 kB/s)
Reading package lists...
=== Installing ROS Melodic desktop-full and build tools ===
Reading package lists...
Building dependency tree...
Reading state information...
The following packages were automatically installed and are no longer required:
  fonts-liberation2 fonts-opensymbol gir1.2-gst-plugins-base-1.0
  gir1.2-gstreamer-1.0 gir1.2-gudev-1.0 gir1.2-udisks-2.0
  grilo-plugins-0.3-base gstreamer1.0-gtk3 libcdr-0.1-1 libclucene-contribs1v5
  libclucene-core1v5 libcmis-0.5-5v5 libcolamd2 libdazzle-1.0-0
  libe-book-0.1-1 libedataserverui-1.2-2 libeot0 libepubgen-0.1-1
  libetonyek-0.1-1 libevent-2.1-6 libexiv2-14 libfreerdp-client2-2
  libfreerdp2-2 libgc1c2 libgee-0.8-2 libgexiv2-2 libgom-1.0-0 libgpgmepp6
  libgpod-common libgpod4 liblangtag-common liblangtag1 liblirc-client0
  liblua5.3-0 libmediaart-2.0-0 libmspub-0.1-1 libodfgen-0.1-1 libqqwing2v5
  librevenge-0.0-0 libsgutils2-2 libssh-4 libsuitesparseconfig5 libvncclient1
  libwinpr2-2 libxapian30 libxmlsec1-nss lp-solve media-player-info
  python3-mako python3-markupsafe syslinux syslinux-common syslinux-legacy
  usb-creator-common
Use 'sudo apt autoremove' to remove them.
The following additional packages will be installed:
  autoconf automake autopoint autotools-dev binfmt-support blt bzip2-doc bzr
  cmake cmake-data cython debhelper default-libmysqlclient-dev dh-autoreconf
  dh-python dh-strip-nondeterminism docutils-common docutils-doc dpkg-dev
  fakeroot fltk1.3-doc fluid fonts-lato fonts-lyx freeglut3 freeglut3-dev g++
  g++-7 gazebo9 gazebo9-common gazebo9-plugin-base gcc gcc-7 gdal-data
  gir1.2-gtk-2.0 gir1.2-harfbuzz-0.0 git git-man google-mock googletest
  graphviz hddtemp hdf5-helpers i965-va-driver ibverbs-providers icu-devtools
  javascript-common libaacs0 libaec-dev libaec0 libalgorithm-diff-perl
  libalgorithm-diff-xs-perl libalgorithm-merge-perl libann0 libapr1
  libapr1-dev libaprutil1 libaprutil1-dev libarchive-cpio-perl
  libarmadillo-dev libarmadillo8 libarpack2 libarpack2-dev libasan4 libass9
  libassimp-dev libassimp4 libassuan-dev libatk1.0-dev libatomic1
  libavcodec-dev libavcodec57 libavdevice-dev libavdevice57 libavfilter-dev
  libavfilter6 libavformat-dev libavformat57 libavresample-dev libavresample3
  libavutil-dev libavutil55 libbdplus0 libblas-dev libblas3 libbluray2
  libboost-all-dev libboost-atomic-dev libboost-atomic1.65-dev
  libboost-atomic1.65.1 libboost-chrono-dev libboost-chrono1.65-dev
  libboost-chrono1.65.1 libboost-container-dev libboost-container1.65-dev
  libboost-container1.65.1 libboost-context-dev libboost-context1.65-dev
  libboost-context1.65.1 libboost-coroutine-dev libboost-coroutine1.65-dev
  libboost-coroutine1.65.1 libboost-date-time-dev libboost-date-time1.65-dev
  libboost-dev libboost-exception-dev libboost-exception1.65-dev
  libboost-fiber-dev libboost-fiber1.65-dev libboost-fiber1.65.1
  libboost-filesystem-dev libboost-filesystem1.65-dev libboost-graph-dev
  libboost-graph-parallel-dev libboost-graph-parallel1.65-dev
  libboost-graph-parallel1.65.1 libboost-graph1.65-dev libboost-graph1.65.1
  libboost-iostreams-dev libboost-iostreams1.65-dev libboost-locale-dev
  libboost-locale1.65-dev libboost-log-dev libboost-log1.65-dev
  libboost-log1.65.1 libboost-math-dev libboost-math1.65-dev
  libboost-math1.65.1 libboost-mpi-dev libboost-mpi-python-dev
  libboost-mpi-python1.65-dev libboost-mpi-python1.65.1 libboost-mpi1.65-dev
  libboost-mpi1.65.1 libboost-numpy-dev libboost-numpy1.65-dev
  libboost-numpy1.65.1 libboost-program-options-dev
  libboost-program-options1.65-dev libboost-program-options1.65.1
  libboost-python-dev libboost-python1.65-dev libboost-python1.65.1
  libboost-random-dev libboost-random1.65-dev libboost-random1.65.1
  libboost-regex-dev libboost-regex1.65-dev libboost-regex1.65.1
  libboost-serialization-dev libboost-serialization1.65-dev
  libboost-serialization1.65.1 libboost-signals-dev libboost-signals1.65-dev
  libboost-signals1.65.1 libboost-stacktrace-dev libboost-stacktrace1.65-dev
  libboost-stacktrace1.65.1 libboost-system-dev libboost-system1.65-dev
  libboost-test-dev libboost-test1.65-dev libboost-test1.65.1
  libboost-thread-dev libboost-thread1.65-dev libboost-timer-dev
  libboost-timer1.65-dev libboost-timer1.65.1 libboost-tools-dev
  libboost-type-erasure-dev libboost-type-erasure1.65-dev
  libboost-type-erasure1.65.1 libboost-wave-dev libboost-wave1.65-dev
  libboost-wave1.65.1 libboost1.65-dev libboost1.65-tools-dev libbs2b0
  libbullet-dev libbullet2.87 libbz2-dev libc-dev-bin libc6 libc6-dbg
  libc6-dev libcairo-script-interpreter2 libcairo2-dev libccd-dev libccd2
  libcdt5 libcgraph6 libcharls1 libchromaprint1 libcilkrts5
  libconsole-bridge-dev libconsole-bridge0.4 libcrystalhd3 libcurl3-gnutls
  libcurl4 libcurl4-openssl-dev libdap-dev libdap25 libdapclient6v5
  libdapserver7v5 libdc1394-22 libdc1394-22-dev libdouble-conversion1
  libdpkg-perl libdrm-dev libegl1-mesa-dev libeigen3-dev libepsilon-dev
  libepsilon1 liberror-perl libexif-dev libexif-doc libexpat1 libexpat1-dev
  libfabric1 libfakeroot libfile-stripnondeterminism-perl libflann-dev
  libflann1.9 libflite1 libfltk-cairo1.3 libfltk-forms1.3 libfltk-gl1.3
  libfltk-images1.3 libfltk1.3 libfltk1.3-dev libfontconfig1-dev
  libfreeimage-dev libfreeimage3 libfreetype6 libfreetype6-dev libfreexl-dev
  libfreexl1 libfyba-dev libfyba0 libgazebo9 libgazebo9-dev libgcc-7-dev
  libgdal-dev libgdal20 libgdcm2-dev libgdcm2.8 libgdk-pixbuf2.0-dev
  libgeos-3.6.2 libgeos-c1v5 libgeos-dev libgeotiff-dev libgeotiff2
  libgfortran4 libgif-dev libgif7 libgl1-mesa-dev libgl2ps-dev libgl2ps1.4
  libgles1 libgles2-mesa-dev libglib2.0-0 libglib2.0-bin libglib2.0-dev
  libglib2.0-dev-bin libglu1-mesa-dev libglvnd-core-dev libglvnd-dev libgme0
  libgpg-error-dev libgpgme-dev libgphoto2-dev libgraphite2-dev
  libgraphviz-dev libgsm1 libgtest-dev libgtk2.0-dev libgts-0.7-5 libgts-bin
  libgts-dev libgvc6 libgvc6-plugins-gtk libgvpr2 libharfbuzz-dev
  libharfbuzz-gobject0 libhdf4-0-alt libhdf4-alt-dev libhdf5-100
  libhdf5-cpp-100 libhdf5-dev libhdf5-mpi-dev libhdf5-openmpi-100
  libhdf5-openmpi-dev libhwloc-dev libhwloc-plugins libhwloc5 libibverbs-dev
  libibverbs1 libice-dev libice6 libicu-dev libicu-le-hb-dev libicu-le-hb0
  libicu60 libiculx60 libignition-cmake-dev libignition-common
  libignition-common-dev libignition-fuel-tools1-1 libignition-fuel-tools1-dev
  libignition-math4 libignition-math4-dev libignition-msgs
  libignition-msgs-dev libignition-transport4 libignition-transport4-dev
  libilmbase-dev libitm1 libjbig-dev libjbig0 libjpeg-dev libjpeg-turbo8
  libjpeg-turbo8-dev libjpeg8-dev libjs-jquery libjs-jquery-ui libjs-sphinxdoc
  libjs-underscore libjson-c-dev libjsoncpp-dev libjsoncpp1 libjxr0 libkml-dev
  libkmlbase1 libkmlconvenience1 libkmldom1 libkmlengine1 libkmlregionator1
  libkmlxsd1 liblab-gamut1 liblapack-dev liblapack3 libldap-2.4-2
  libldap-common libldap2-dev liblept5 liblog4cxx-dev liblog4cxx10v5 liblsan0
  libltdl-dev liblz4-dev liblzma-dev liblzma5 libmail-sendmail-perl
  libminizip-dev libminizip1 libmpx2 libmysofa0 libmysqlclient-dev
  libmysqlclient20 libnetcdf-c++4 libnetcdf-cxx-legacy-dev libnetcdf-dev
  libnetcdf13 libnl-route-3-200 libnorm1 libnuma-dev libodbc1 libogdi3.2
  libogdi3.2-dev libogg-dev libogre-1.9-dev libogre-1.9.0v5 libopenal-data
  libopenal-dev libopenal1 libopencv-calib3d-dev libopencv-calib3d3.2
  libopencv-contrib-dev libopencv-contrib3.2 libopencv-core-dev
  libopencv-core3.2 libopencv-dev libopencv-features2d-dev
  libopencv-features2d3.2 libopencv-flann-dev libopencv-flann3.2
  libopencv-highgui-dev libopencv-highgui3.2 libopencv-imgcodecs-dev
  libopencv-imgcodecs3.2 libopencv-imgproc-dev libopencv-imgproc3.2
  libopencv-ml-dev libopencv-ml3.2 libopencv-objdetect-dev
  libopencv-objdetect3.2 libopencv-photo-dev libopencv-photo3.2
  libopencv-shape-dev libopencv-shape3.2 libopencv-stitching-dev
  libopencv-stitching3.2 libopencv-superres-dev libopencv-superres3.2
  libopencv-ts-dev libopencv-video-dev libopencv-video3.2
  libopencv-videoio-dev libopencv-videoio3.2 libopencv-videostab-dev
  libopencv-videostab3.2 libopencv-viz-dev libopencv-viz3.2 libopencv3.2-java
  libopencv3.2-jni libopenexr-dev libopenexr22 libopengl0 libopenjp2-7
  libopenjp2-7-dev libopenmpi-dev libopenmpi2 libopenmpt0 libopenni-dev
  libopenni-sensor-pointclouds0 libopenni0 libopenni2-0 libopenni2-dev
  libpango1.0-dev libpathplan4 libpcl-apps1.8 libpcl-common1.8 libpcl-dev
  libpcl-features1.8 libpcl-filters1.8 libpcl-io1.8 libpcl-kdtree1.8
  libpcl-keypoints1.8 libpcl-ml1.8 libpcl-octree1.8 libpcl-outofcore1.8
  libpcl-people1.8 libpcl-recognition1.8 libpcl-registration1.8
  libpcl-sample-consensus1.8 libpcl-search1.8 libpcl-segmentation1.8
  libpcl-stereo1.8 libpcl-surface1.8 libpcl-tracking1.8
  libpcl-visualization1.8 libpcre16-3 libpcre3 libpcre3-dev libpcre32-3
  libpcrecpp0v5 libpgm-5.2-0 libpixman-1-0 libpixman-1-dev libpng-dev
  libpng-tools libpoco-dev libpococrypto50 libpocodata50 libpocodatamysql50
  libpocodataodbc50 libpocodatasqlite50 libpocofoundation50 libpocojson50
  libpocomongodb50 libpoconet50 libpoconetssl50 libpocoredis50 libpocoutil50
  libpocoxml50 libpocozip50 libpoppler-dev libpoppler-glib8
  libpoppler-private-dev libpoppler73 libpostproc-dev libpostproc54 libpq-dev
  libpq5 libproj-dev libproj12 libprotobuf-dev libprotobuf-lite10
  libprotobuf10 libprotoc-dev libprotoc10 libpsm-infinipath1
  libpthread-stubs0-dev libpython-dev libpython-stdlib libpython2.7
  libpython2.7-dev libpython2.7-minimal libpython2.7-stdlib libpython3-dev
  libpython3.6 libpython3.6-dev libpython3.6-minimal libpython3.6-stdlib
  libqhull-dev libqhull-r7 libqhull7 libqt5concurrent5 libqt5core5a
  libqt5dbus5 libqt5designer5 libqt5designercomponents5 libqt5gui5 libqt5help5
  libqt5network5 libqt5opengl5 libqt5opengl5-dev libqt5positioning5
  libqt5printsupport5 libqt5qml5 libqt5quick5 libqt5quickparticles5
  libqt5quicktest5 libqt5quickwidgets5 libqt5sensors5 libqt5sql5
  libqt5sql5-sqlite libqt5svg5 libqt5test5 libqt5webchannel5 libqt5webkit5
  libqt5webkit5-dev libqt5widgets5 libqt5xml5 libqtpropertybrowser4
  libquadmath0 libqwt-headers libqwt-qt5-6 libqwt-qt5-dev libraw1394-dev
  libraw1394-tools librdmacm1 librhash0 librubberband2 libruby2.5 libsctp-dev
  libsctp1 libsdformat6 libsdformat6-dev libsdl2-2.0-0 libserf-1-1 libshine3
  libsigsegv2 libsimbody-dev libsimbody3.5v5 libsm-dev libsnappy1v5
  libsndio6.1 libsocket++1 libsoxr0 libspatialite-dev libspatialite7 libspnav0
  libsqlite3-0 libsqlite3-dev libssh-gcrypt-4 libssl-dev libssl1.1
  libstdc++-7-dev libsuperlu-dev libsuperlu5 libsvn1 libswresample-dev
  libswresample2 libswscale-dev libswscale4 libsys-hostname-long-perl libsz2
  libtar-dev libtar0 libtbb-dev libtbb2 libtcl8.6 libtesseract4 libtheora-dev
  libtiff-dev libtiff5 libtiff5-dev libtiffxx5 libtinyxml-dev libtinyxml2-6
  libtinyxml2-dev libtinyxml2.6.2v5 libtk8.6 libtool libtsan0 libturbojpeg
  libturbojpeg0-dev libubsan0 liburdfdom-dev liburdfdom-headers-dev
  liburdfdom-model liburdfdom-model-state liburdfdom-sensor liburdfdom-world
  liburiparser-dev liburiparser1 libusb-1.0-0-dev libusb-1.0-doc libuv1
  libva-drm2 libva-x11-2 libva2 libvdpau1 libvtk6-dev libvtk6-java libvtk6-jni
  libvtk6-qt-dev libvtk6.3 libvtk6.3-qt libwayland-bin libwayland-client0
  libwayland-cursor0 libwayland-dev libwayland-egl1 libwayland-server0
  libwebp-dev libwebp6 libwebpdemux2 libwebpmux3 libwxbase3.0-0v5
  libwxgtk3.0-gtk3-0v5 libx11-dev libx11-doc libx11-xcb-dev libx264-152
  libx265-146 libxau-dev libxcb-dri2-0-dev libxcb-dri3-dev libxcb-glx0-dev
  libxcb-present-dev libxcb-randr0-dev libxcb-render0-dev libxcb-shape0-dev
  libxcb-shm0-dev libxcb-sync-dev libxcb-xfixes0-dev libxcb-xinerama0
  libxcb1-dev libxcomposite-dev libxcursor-dev libxdamage-dev libxdmcp-dev
  libxdot4 libxerces-c-dev libxerces-c3.2 libxext-dev libxfixes-dev libxft-dev
  libxi-dev libxinerama-dev libxml2 libxml2-dev libxml2-utils libxmu-dev
  libxmu-headers libxrandr-dev libxrender-dev libxshmfence-dev libxss-dev
  libxt-dev libxvidcore4 libxxf86vm-dev libyaml-cpp-dev libyaml-cpp0.5v5
  libyaml-dev libzip-dev libzip4 libzmq3-dev libzmq5 libzvbi-common libzvbi0
  libzzip-0-13 linux-libc-dev m4 make manpages-dev mercurial mercurial-common
  mesa-common-dev mesa-va-drivers mesa-vdpau-drivers mpi-default-bin
  mpi-default-dev mysql-common ocl-icd-libopencl1 odbcinst odbcinst1debian2
  opencv-data openmpi-bin openmpi-common openni-utils pkg-config po-debconf
  poppler-utils proj-bin proj-data protobuf-compiler pyqt5-dev python
  python-asn1crypto python-attr python-autobahn python-automat
  python-backports.functools-lru-cache python-bzrlib python-cairo
  python-catkin-pkg python-catkin-pkg-modules python-cbor python-cffi-backend
  python-chardet python-click python-colorama python-concurrent.futures
  python-configobj python-constantly python-crypto python-cryptography
  python-cycler python-dateutil python-dbus python-defusedxml python-dev
  python-docutils python-empy python-enum34 python-gi python-gnupg
  python-httplib2 python-hyperlink python-idna python-incremental
  python-ipaddress python-keyring python-keyrings.alt python-launchpadlib
  python-lazr.restfulclient python-lazr.uri python-lz4 python-matplotlib
  python-matplotlib-data python-minimal python-mpi4py python-nacl
  python-netifaces python-nose python-numpy python-oauth python-olefile
  python-opencv python-opengl python-openssl python-pam python-paramiko
  python-pil python-pkg-resources python-psutil python-pyasn1
  python-pyasn1-modules python-pycryptodome python-pydot python-pygments
  python-pyparsing python-pyqt5 python-pyqt5.qtopengl python-pyqt5.qtsvg
  python-pyqt5.qtwebkit python-qrcode python-roman python-rosdep-modules
  python-rosdistro python-rosdistro-modules python-rospkg
  python-rospkg-modules python-secretstorage python-serial
  python-service-identity python-setuptools python-simplejson python-sip
  python-sip-dev python-six python-snappy python-subprocess32 python-tk
  python-trie python-trollius python-twisted python-twisted-bin
  python-twisted-core python-txaio python-tz python-u-msgpack python-ubjson
  python-vcstools python-vtk6 python-wadllib python-wsaccel python-wxgtk3.0
  python-wxtools python-wxversion python-yaml python-zope.interface python2.7
  python2.7-dev python2.7-minimal python3-dev python3-distutils
  python3-lib2to3 python3.6 python3.6-dev python3.6-minimal qt5-assistant
  qt5-gtk-platformtheme qt5-qmake qt5-qmake-bin qt5-qmltooling-plugins
  qtbase5-dev qtbase5-dev-tools qtchooser qtdeclarative5-dev qttools5-dev
  qttools5-dev-tools qttools5-private-dev qttranslations5-l10n rake
  ros-melodic-actionlib ros-melodic-actionlib-msgs
  ros-melodic-actionlib-tutorials ros-melodic-angles ros-melodic-bond
  ros-melodic-bond-core ros-melodic-bondcpp ros-melodic-bondpy
  ros-melodic-camera-calibration ros-melodic-camera-calibration-parsers
  ros-melodic-camera-info-manager ros-melodic-catkin ros-melodic-class-loader
  ros-melodic-cmake-modules ros-melodic-common-msgs
  ros-melodic-common-tutorials ros-melodic-compressed-depth-image-transport
  ros-melodic-compressed-image-transport ros-melodic-control-msgs
  ros-melodic-control-toolbox ros-melodic-controller-interface
  ros-melodic-controller-manager ros-melodic-controller-manager-msgs
  ros-melodic-cpp-common ros-melodic-cv-bridge ros-melodic-depth-image-proc
  ros-melodic-desktop ros-melodic-diagnostic-aggregator
  ros-melodic-diagnostic-analysis ros-melodic-diagnostic-common-diagnostics
  ros-melodic-diagnostic-msgs ros-melodic-diagnostic-updater
  ros-melodic-diagnostics ros-melodic-diff-drive-controller
  ros-melodic-dynamic-reconfigure ros-melodic-eigen-conversions
  ros-melodic-executive-smach ros-melodic-filters
  ros-melodic-forward-command-controller ros-melodic-gazebo-dev
  ros-melodic-gazebo-msgs ros-melodic-gazebo-plugins ros-melodic-gazebo-ros
  ros-melodic-gazebo-ros-control ros-melodic-gazebo-ros-pkgs
  ros-melodic-gencpp ros-melodic-geneus ros-melodic-genlisp ros-melodic-genmsg
  ros-melodic-gennodejs ros-melodic-genpy ros-melodic-geometry
  ros-melodic-geometry-msgs ros-melodic-geometry-tutorials
  ros-melodic-gl-dependency ros-melodic-hardware-interface
  ros-melodic-image-common ros-melodic-image-geometry
  ros-melodic-image-pipeline ros-melodic-image-proc
  ros-melodic-image-publisher ros-melodic-image-rotate
  ros-melodic-image-transport ros-melodic-image-transport-plugins
  ros-melodic-image-view ros-melodic-interactive-marker-tutorials
  ros-melodic-interactive-markers ros-melodic-joint-limits-interface
  ros-melodic-joint-state-controller ros-melodic-joint-state-publisher
  ros-melodic-kdl-conversions ros-melodic-kdl-parser ros-melodic-kdl-parser-py
  ros-melodic-laser-assembler ros-melodic-laser-filters
  ros-melodic-laser-geometry ros-melodic-laser-pipeline
  ros-melodic-librviz-tutorial ros-melodic-map-msgs ros-melodic-media-export
  ros-melodic-message-filters ros-melodic-message-generation
  ros-melodic-message-runtime ros-melodic-mk ros-melodic-nav-msgs
  ros-melodic-nodelet ros-melodic-nodelet-core ros-melodic-nodelet-topic-tools
  ros-melodic-nodelet-tutorial-math ros-melodic-orocos-kdl
  ros-melodic-pcl-conversions ros-melodic-pcl-msgs ros-melodic-pcl-ros
  ros-melodic-perception ros-melodic-perception-pcl ros-melodic-pluginlib
  ros-melodic-pluginlib-tutorials ros-melodic-polled-camera
  ros-melodic-position-controllers ros-melodic-python-orocos-kdl
  ros-melodic-python-qt-binding ros-melodic-qt-dotgraph ros-melodic-qt-gui
  ros-melodic-qt-gui-cpp ros-melodic-qt-gui-py-common
  ros-melodic-qwt-dependency ros-melodic-realtime-tools
  ros-melodic-resource-retriever ros-melodic-robot
  ros-melodic-robot-state-publisher ros-melodic-ros ros-melodic-ros-base
  ros-melodic-ros-comm ros-melodic-ros-core ros-melodic-ros-environment
  ros-melodic-ros-tutorials ros-melodic-rosbag
  ros-melodic-rosbag-migration-rule ros-melodic-rosbag-storage
  ros-melodic-rosbash ros-melodic-rosboost-cfg ros-melodic-rosbuild
  ros-melodic-rosclean ros-melodic-rosconsole ros-melodic-rosconsole-bridge
  ros-melodic-roscpp ros-melodic-roscpp-core ros-melodic-roscpp-serialization
  ros-melodic-roscpp-traits ros-melodic-roscpp-tutorials ros-melodic-roscreate
  ros-melodic-rosgraph ros-melodic-rosgraph-msgs ros-melodic-roslang
  ros-melodic-roslaunch ros-melodic-roslib ros-melodic-roslint
  ros-melodic-roslisp ros-melodic-roslz4 ros-melodic-rosmake
  ros-melodic-rosmaster ros-melodic-rosmsg ros-melodic-rosnode
  ros-melodic-rosout ros-melodic-rospack ros-melodic-rosparam
  ros-melodic-rospy ros-melodic-rospy-tutorials ros-melodic-rosservice
  ros-melodic-rostest ros-melodic-rostime ros-melodic-rostopic
  ros-melodic-rosunit ros-melodic-roswtf ros-melodic-rqt-action
  ros-melodic-rqt-bag ros-melodic-rqt-bag-plugins
  ros-melodic-rqt-common-plugins ros-melodic-rqt-console ros-melodic-rqt-dep
  ros-melodic-rqt-graph ros-melodic-rqt-gui ros-melodic-rqt-gui-cpp
  ros-melodic-rqt-gui-py ros-melodic-rqt-image-view ros-melodic-rqt-launch
  ros-melodic-rqt-logger-level ros-melodic-rqt-moveit ros-melodic-rqt-msg
  ros-melodic-rqt-nav-view ros-melodic-rqt-plot ros-melodic-rqt-pose-view
  ros-melodic-rqt-publisher ros-melodic-rqt-py-common
  ros-melodic-rqt-py-console ros-melodic-rqt-reconfigure
  ros-melodic-rqt-robot-dashboard ros-melodic-rqt-robot-monitor
  ros-melodic-rqt-robot-plugins ros-melodic-rqt-robot-steering
  ros-melodic-rqt-runtime-monitor ros-melodic-rqt-rviz
  ros-melodic-rqt-service-caller ros-melodic-rqt-shell ros-melodic-rqt-srv
  ros-melodic-rqt-tf-tree ros-melodic-rqt-top ros-melodic-rqt-topic
  ros-melodic-rqt-web ros-melodic-rviz ros-melodic-rviz-plugin-tutorials
  ros-melodic-rviz-python-tutorial ros-melodic-self-test
  ros-melodic-sensor-msgs ros-melodic-shape-msgs ros-melodic-simulators
  ros-melodic-smach ros-melodic-smach-msgs ros-melodic-smach-ros
  ros-melodic-smclib ros-melodic-stage ros-melodic-stage-ros
  ros-melodic-std-msgs ros-melodic-std-srvs ros-melodic-stereo-image-proc
  ros-melodic-stereo-msgs ros-melodic-tf ros-melodic-tf-conversions
  ros-melodic-tf2 ros-melodic-tf2-eigen ros-melodic-tf2-geometry-msgs
  ros-melodic-tf2-kdl ros-melodic-tf2-msgs ros-melodic-tf2-py
  ros-melodic-tf2-ros ros-melodic-theora-image-transport
  ros-melodic-topic-tools ros-melodic-trajectory-msgs
  ros-melodic-transmission-interface ros-melodic-turtle-actionlib
  ros-melodic-turtle-tf ros-melodic-turtle-tf2 ros-melodic-turtlesim
  ros-melodic-urdf ros-melodic-urdf-parser-plugin
  ros-melodic-urdf-sim-tutorial ros-melodic-urdf-tutorial
  ros-melodic-urdfdom-py ros-melodic-vision-opencv
  ros-melodic-visualization-marker-tutorials ros-melodic-visualization-msgs
  ros-melodic-visualization-tutorials ros-melodic-viz
  ros-melodic-webkit-dependency ros-melodic-xacro ros-melodic-xmlrpcpp ruby
  ruby-did-you-mean ruby-minitest ruby-net-telnet ruby-power-assert
  ruby-test-unit ruby2.5 rubygems-integration sbcl sdformat-sdf sgml-base
  sip-dev subversion tango-icon-theme tcl tcl-dev tcl-vtk6 tcl8.6 tcl8.6-dev
  tk tk-dev tk8.6 tk8.6-blt2.5 tk8.6-dev ttf-bitstream-vera ttf-dejavu-core
  unixodbc-dev uuid-dev va-driver-all vdpau-driver-all vtk6
  x11proto-composite-dev x11proto-core-dev x11proto-damage-dev x11proto-dev
  x11proto-fixes-dev x11proto-input-dev x11proto-randr-dev
  x11proto-scrnsaver-dev x11proto-xext-dev x11proto-xf86vidmode-dev
  x11proto-xinerama-dev xml-core xorg-sgml-doctools xtrans-dev zlib1g
  zlib1g-dev
Suggested packages:
  autoconf-archive gnu-standards autoconf-doc blt-demo bzr-doc bzrtools
  python-bzrlib.tests cmake-doc ninja-build cython-doc dh-make dwz
  debian-keyring g++-multilib g++-7-multilib gcc-7-doc libstdc++6-7-dbg
  gazebo9-doc gcc-multilib flex bison gcc-doc gcc-7-multilib gcc-7-locales
  libgcc1-dbg libgomp1-dbg libitm1-dbg libatomic1-dbg libasan4-dbg
  liblsan0-dbg libtsan0-dbg libubsan0-dbg libcilkrts5-dbg libmpx2-dbg
  libquadmath0-dbg git-daemon-run | git-daemon-sysvinit git-doc git-el
  git-email git-gui gitk gitweb git-cvs git-mediawiki git-svn graphviz-doc
  i965-va-driver-shaders apache2 | lighttpd | httpd libitpp-dev liblapack-doc
  libbluray-bdj libboost-doc libboost1.65-doc gccxml libmpfrc++-dev libntl-dev
  xsltproc doxygen docbook-xml docbook-xsl default-jdk fop glibc-doc
  libcairo2-doc firmware-crystalhd libcurl4-doc libidn11-dev libkrb5-dev
  librtmp-dev libssh2-1-dev libeigen3-doc libmrpt-dev libgdal-doc
  libgeotiff-epsg geotiff-bin gdal-bin libglib2.0-doc libgraphite2-utils
  libgtk2.0-doc libgts-doc libhdf4-doc hdf4-tools libhdf5-doc
  libhwloc-contrib-plugins libice-doc icu-doc libjs-jquery-ui-docs
  liblog4cxx-doc libtool-doc liblzma-doc netcdf-bin netcdf-doc libmyodbc
  odbc-postgresql tdsodbc unixodbc-bin ogdi-bin ogre-1.9-doc
  libogre-1.9.0v5-dbg libportaudio2 opencv-doc openmpi-doc openni-doc
  openni2-doc libpango1.0-doc libpcl-doc postgresql-doc-10
  qt5-image-formats-plugins qtwayland5 libraw1394-doc lksctp-tools libsm-doc
  sndiod spacenavd sqlite3-doc libssl-doc libstdc++-7-doc libsuperlu-doc
  tbb-examples libtbb-doc libtinyxml-doc gfortran | fortran95-compiler gcj-jdk
  vtk6-doc vtk6-examples java-virtual-machine libwayland-doc libxcb-doc
  libxerces-c-doc libxext-doc libxt-doc libyaml-doc m4-doc make-doc kdiff3
  | kdiff3-qt | kompare | meld | tkcvs | mgdiff qct python-mysqldb opencl-icd
  gfortran libmail-box-perl python-doc python-attr-doc python-bzrlib-dbg
  python-kerberos python-pycurl python-configobj-doc python-crypto-doc
  python-cryptography-doc python-cryptography-vectors python-cycler-doc
  python-dbus-dbg python-dbus-doc fonts-linuxlibertine | ttf-linux-libertine
  texlive-lang-french texlive-latex-base texlive-latex-recommended
  python-enum34-doc python-gi-cairo libkf5wallet-bin gir1.2-gnomekeyring-1.0
  python-fs python-gdata python-keyczar python-testresources dvipng ffmpeg
  inkscape ipython python-cairocffi python-excelerator python-gobject
  python-matplotlib-doc python-qt4 python-scipy python-tornado python-traits
  texlive-extra-utils texlive-latex-extra ttf-staypuft python-nacl-doc
  python-coverage python-nose-doc python-numpy-dbg python-numpy-doc libgle3
  python-openssl-doc python-openssl-dbg python-pam-dbg python-gssapi
  python-pil-doc python-pil-dbg python-psutil-doc python-pyparsing-doc
  python-pyqt5-dbg python-secretstorage-doc python-setuptools-doc
  python-sip-doc tix python-tk-dbg python-trie-doc python-twisted-bin-dbg
  python-gtk2 python-glade2 python-qt3 python-txaio-doc mayavi2 wx3.0-doc
  python2.7-doc python3.6-venv python3.6-doc qt5-doc firebird-dev ri ruby-dev
  bundler sbcl-doc sbcl-source slime sgml-base-doc db5.3-util
  libapache2-mod-svn subversion-tools gnome-icon-theme kdelibs-data tcl-doc
  tcl-tclreadline tcl8.6-doc tk-doc tk8.6-doc libvdpau-va-gl1
  nvidia-vdpau-driver nvidia-legacy-340xx-vdpau-driver
The following NEW packages will be installed:
  autoconf automake autopoint autotools-dev binfmt-support blt build-essential
  bzip2-doc bzr cmake cmake-data cython debhelper default-libmysqlclient-dev
  dh-autoreconf dh-python dh-strip-nondeterminism docutils-common docutils-doc
  dpkg-dev fakeroot fltk1.3-doc fluid fonts-lato fonts-lyx freeglut3
  freeglut3-dev g++ g++-7 gazebo9 gazebo9-common gazebo9-plugin-base gcc gcc-7
  gdal-data gir1.2-gtk-2.0 gir1.2-harfbuzz-0.0 git git-man google-mock
  googletest graphviz hddtemp hdf5-helpers i965-va-driver ibverbs-providers
  icu-devtools javascript-common libaacs0 libaec-dev libaec0
  libalgorithm-diff-perl libalgorithm-diff-xs-perl libalgorithm-merge-perl
  libann0 libapr1 libapr1-dev libaprutil1 libaprutil1-dev libarchive-cpio-perl
  libarmadillo-dev libarmadillo8 libarpack2 libarpack2-dev libasan4 libass9
  libassimp-dev libassimp4 libassuan-dev libatk1.0-dev libatomic1
  libavcodec-dev libavcodec57 libavdevice-dev libavdevice57 libavfilter-dev
  libavfilter6 libavformat-dev libavformat57 libavresample-dev libavresample3
  libavutil-dev libavutil55 libbdplus0 libblas-dev libblas3 libbluray2
  libboost-all-dev libboost-atomic-dev libboost-atomic1.65-dev
  libboost-atomic1.65.1 libboost-chrono-dev libboost-chrono1.65-dev
  libboost-chrono1.65.1 libboost-container-dev libboost-container1.65-dev
  libboost-container1.65.1 libboost-context-dev libboost-context1.65-dev
  libboost-context1.65.1 libboost-coroutine-dev libboost-coroutine1.65-dev
  libboost-coroutine1.65.1 libboost-date-time-dev libboost-date-time1.65-dev
  libboost-dev libboost-exception-dev libboost-exception1.65-dev
  libboost-fiber-dev libboost-fiber1.65-dev libboost-fiber1.65.1
  libboost-filesystem-dev libboost-filesystem1.65-dev libboost-graph-dev
  libboost-graph-parallel-dev libboost-graph-parallel1.65-dev
  libboost-graph-parallel1.65.1 libboost-graph1.65-dev libboost-graph1.65.1
  libboost-iostreams-dev libboost-iostreams1.65-dev libboost-locale-dev
  libboost-locale1.65-dev libboost-log-dev libboost-log1.65-dev
  libboost-log1.65.1 libboost-math-dev libboost-math1.65-dev
  libboost-math1.65.1 libboost-mpi-dev libboost-mpi-python-dev
  libboost-mpi-python1.65-dev libboost-mpi-python1.65.1 libboost-mpi1.65-dev
  libboost-mpi1.65.1 libboost-numpy-dev libboost-numpy1.65-dev
  libboost-numpy1.65.1 libboost-program-options-dev
  libboost-program-options1.65-dev libboost-program-options1.65.1
  libboost-python-dev libboost-python1.65-dev libboost-python1.65.1
  libboost-random-dev libboost-random1.65-dev libboost-random1.65.1
  libboost-regex-dev libboost-regex1.65-dev libboost-regex1.65.1
  libboost-serialization-dev libboost-serialization1.65-dev
  libboost-serialization1.65.1 libboost-signals-dev libboost-signals1.65-dev
  libboost-signals1.65.1 libboost-stacktrace-dev libboost-stacktrace1.65-dev
  libboost-stacktrace1.65.1 libboost-system-dev libboost-system1.65-dev
  libboost-test-dev libboost-test1.65-dev libboost-test1.65.1
  libboost-thread-dev libboost-thread1.65-dev libboost-timer-dev
  libboost-timer1.65-dev libboost-timer1.65.1 libboost-tools-dev
  libboost-type-erasure-dev libboost-type-erasure1.65-dev
  libboost-type-erasure1.65.1 libboost-wave-dev libboost-wave1.65-dev
  libboost-wave1.65.1 libboost1.65-dev libboost1.65-tools-dev libbs2b0
  libbullet-dev libbullet2.87 libbz2-dev libc-dev-bin libc6-dev
  libcairo-script-interpreter2 libcairo2-dev libccd-dev libccd2 libcdt5
  libcgraph6 libcharls1 libchromaprint1 libcilkrts5 libconsole-bridge-dev
  libconsole-bridge0.4 libcrystalhd3 libcurl4 libcurl4-openssl-dev libdap-dev
  libdap25 libdapclient6v5 libdapserver7v5 libdc1394-22 libdc1394-22-dev
  libdouble-conversion1 libdrm-dev libegl1-mesa-dev libeigen3-dev
  libepsilon-dev libepsilon1 liberror-perl libexif-dev libexif-doc
  libexpat1-dev libfabric1 libfakeroot libfile-stripnondeterminism-perl
  libflann-dev libflann1.9 libflite1 libfltk-cairo1.3 libfltk-forms1.3
  libfltk-gl1.3 libfltk-images1.3 libfltk1.3 libfltk1.3-dev libfontconfig1-dev
  libfreeimage-dev libfreeimage3 libfreetype6-dev libfreexl-dev libfreexl1
  libfyba-dev libfyba0 libgazebo9 libgazebo9-dev libgcc-7-dev libgdal-dev
  libgdal20 libgdcm2-dev libgdcm2.8 libgdk-pixbuf2.0-dev libgeos-3.6.2
  libgeos-c1v5 libgeos-dev libgeotiff-dev libgeotiff2 libgfortran4 libgif-dev
  libgif7 libgl1-mesa-dev libgl2ps-dev libgl2ps1.4 libgles1 libgles2-mesa-dev
  libglib2.0-dev libglib2.0-dev-bin libglu1-mesa-dev libglvnd-core-dev
  libglvnd-dev libgme0 libgpg-error-dev libgpgme-dev libgphoto2-dev
  libgraphite2-dev libgraphviz-dev libgsm1 libgtest-dev libgtk2.0-dev
  libgts-0.7-5 libgts-bin libgts-dev libgvc6 libgvc6-plugins-gtk libgvpr2
  libharfbuzz-dev libharfbuzz-gobject0 libhdf4-0-alt libhdf4-alt-dev
  libhdf5-100 libhdf5-cpp-100 libhdf5-dev libhdf5-mpi-dev libhdf5-openmpi-100
  libhdf5-openmpi-dev libhwloc-dev libhwloc-plugins libhwloc5 libibverbs-dev
  libibverbs1 libice-dev libicu-dev libicu-le-hb-dev libicu-le-hb0 libiculx60
  libignition-cmake-dev libignition-common libignition-common-dev
  libignition-fuel-tools1-1 libignition-fuel-tools1-dev libignition-math4
  libignition-math4-dev libignition-msgs libignition-msgs-dev
  libignition-transport4 libignition-transport4-dev libilmbase-dev libitm1
  libjbig-dev libjpeg-dev libjpeg-turbo8-dev libjpeg8-dev libjs-jquery
  libjs-jquery-ui libjs-sphinxdoc libjs-underscore libjson-c-dev
  libjsoncpp-dev libjsoncpp1 libjxr0 libkml-dev libkmlbase1 libkmlconvenience1
  libkmldom1 libkmlengine1 libkmlregionator1 libkmlxsd1 liblab-gamut1
  liblapack-dev liblapack3 libldap2-dev liblept5 liblog4cxx-dev liblog4cxx10v5
  liblsan0 libltdl-dev liblz4-dev liblzma-dev libmail-sendmail-perl
  libminizip-dev libminizip1 libmpx2 libmysofa0 libmysqlclient-dev
  libmysqlclient20 libnetcdf-c++4 libnetcdf-cxx-legacy-dev libnetcdf-dev
  libnetcdf13 libnl-route-3-200 libnorm1 libnuma-dev libodbc1 libogdi3.2
  libogdi3.2-dev libogg-dev libogre-1.9-dev libogre-1.9.0v5 libopenal-data
  libopenal-dev libopenal1 libopencv-calib3d-dev libopencv-calib3d3.2
  libopencv-contrib-dev libopencv-contrib3.2 libopencv-core-dev
  libopencv-core3.2 libopencv-dev libopencv-features2d-dev
  libopencv-features2d3.2 libopencv-flann-dev libopencv-flann3.2
  libopencv-highgui-dev libopencv-highgui3.2 libopencv-imgcodecs-dev
  libopencv-imgcodecs3.2 libopencv-imgproc-dev libopencv-imgproc3.2
  libopencv-ml-dev libopencv-ml3.2 libopencv-objdetect-dev
  libopencv-objdetect3.2 libopencv-photo-dev libopencv-photo3.2
  libopencv-shape-dev libopencv-shape3.2 libopencv-stitching-dev
  libopencv-stitching3.2 libopencv-superres-dev libopencv-superres3.2
  libopencv-ts-dev libopencv-video-dev libopencv-video3.2
  libopencv-videoio-dev libopencv-videoio3.2 libopencv-videostab-dev
  libopencv-videostab3.2 libopencv-viz-dev libopencv-viz3.2 libopencv3.2-java
  libopencv3.2-jni libopenexr-dev libopengl0 libopenjp2-7 libopenjp2-7-dev
  libopenmpi-dev libopenmpi2 libopenmpt0 libopenni-dev
  libopenni-sensor-pointclouds0 libopenni0 libopenni2-0 libopenni2-dev
  libpango1.0-dev libpathplan4 libpcl-apps1.8 libpcl-common1.8 libpcl-dev
  libpcl-features1.8 libpcl-filters1.8 libpcl-io1.8 libpcl-kdtree1.8
  libpcl-keypoints1.8 libpcl-ml1.8 libpcl-octree1.8 libpcl-outofcore1.8
  libpcl-people1.8 libpcl-recognition1.8 libpcl-registration1.8
  libpcl-sample-consensus1.8 libpcl-search1.8 libpcl-segmentation1.8
  libpcl-stereo1.8 libpcl-surface1.8 libpcl-tracking1.8
  libpcl-visualization1.8 libpcre16-3 libpcre3-dev libpcre32-3 libpcrecpp0v5
  libpgm-5.2-0 libpixman-1-dev libpng-dev libpng-tools libpoco-dev
  libpococrypto50 libpocodata50 libpocodatamysql50 libpocodataodbc50
  libpocodatasqlite50 libpocofoundation50 libpocojson50 libpocomongodb50
  libpoconet50 libpoconetssl50 libpocoredis50 libpocoutil50 libpocoxml50
  libpocozip50 libpoppler-dev libpoppler-private-dev libpostproc-dev
  libpostproc54 libpq-dev libpq5 libproj-dev libproj12 libprotobuf-dev
  libprotobuf-lite10 libprotoc-dev libprotoc10 libpsm-infinipath1
  libpthread-stubs0-dev libpython-dev libpython-stdlib libpython2.7-dev
  libpython3-dev libpython3.6-dev libqhull-dev libqhull-r7 libqhull7
  libqt5concurrent5 libqt5core5a libqt5dbus5 libqt5designer5
  libqt5designercomponents5 libqt5gui5 libqt5help5 libqt5network5
  libqt5opengl5 libqt5opengl5-dev libqt5positioning5 libqt5printsupport5
  libqt5qml5 libqt5quick5 libqt5quickparticles5 libqt5quicktest5
  libqt5quickwidgets5 libqt5sensors5 libqt5sql5 libqt5sql5-sqlite libqt5svg5
  libqt5test5 libqt5webchannel5 libqt5webkit5 libqt5webkit5-dev libqt5widgets5
  libqt5xml5 libqtpropertybrowser4 libquadmath0 libqwt-headers libqwt-qt5-6
  libqwt-qt5-dev libraw1394-dev libraw1394-tools librdmacm1 librhash0
  librubberband2 libruby2.5 libsctp-dev libsctp1 libsdformat6 libsdformat6-dev
  libsdl2-2.0-0 libserf-1-1 libshine3 libsigsegv2 libsimbody-dev
  libsimbody3.5v5 libsm-dev libsnappy1v5 libsndio6.1 libsocket++1 libsoxr0
  libspatialite-dev libspatialite7 libspnav0 libsqlite3-dev libssh-gcrypt-4
  libssl-dev libstdc++-7-dev libsuperlu-dev libsuperlu5 libsvn1
  libswresample-dev libswresample2 libswscale-dev libswscale4
  libsys-hostname-long-perl libsz2 libtar-dev libtar0 libtbb-dev libtbb2
  libtcl8.6 libtesseract4 libtheora-dev libtiff-dev libtiff5-dev libtiffxx5
  libtinyxml-dev libtinyxml2-6 libtinyxml2-dev libtinyxml2.6.2v5 libtk8.6
  libtool libtsan0 libturbojpeg libturbojpeg0-dev libubsan0 liburdfdom-dev
  liburdfdom-headers-dev liburdfdom-model liburdfdom-model-state
  liburdfdom-sensor liburdfdom-world liburiparser-dev liburiparser1
  libusb-1.0-0-dev libusb-1.0-doc libuv1 libva-drm2 libva-x11-2 libva2
  libvdpau1 libvtk6-dev libvtk6-java libvtk6-jni libvtk6-qt-dev libvtk6.3
  libvtk6.3-qt libwayland-bin libwayland-dev libwebp-dev libwxbase3.0-0v5
  libwxgtk3.0-gtk3-0v5 libx11-dev libx11-doc libx11-xcb-dev libx264-152
  libx265-146 libxau-dev libxcb-dri2-0-dev libxcb-dri3-dev libxcb-glx0-dev
  libxcb-present-dev libxcb-randr0-dev libxcb-render0-dev libxcb-shape0-dev
  libxcb-shm0-dev libxcb-sync-dev libxcb-xfixes0-dev libxcb-xinerama0
  libxcb1-dev libxcomposite-dev libxcursor-dev libxdamage-dev libxdmcp-dev
  libxdot4 libxerces-c-dev libxerces-c3.2 libxext-dev libxfixes-dev libxft-dev
  libxi-dev libxinerama-dev libxml2-dev libxml2-utils libxmu-dev
  libxmu-headers libxrandr-dev libxrender-dev libxshmfence-dev libxss-dev
  libxt-dev libxvidcore4 libxxf86vm-dev libyaml-cpp-dev libyaml-cpp0.5v5
  libyaml-dev libzip-dev libzip4 libzmq3-dev libzmq5 libzvbi-common libzvbi0
  libzzip-0-13 linux-libc-dev m4 make manpages-dev mercurial mercurial-common
  mesa-common-dev mesa-va-drivers mesa-vdpau-drivers mpi-default-bin
  mpi-default-dev mysql-common ocl-icd-libopencl1 odbcinst odbcinst1debian2
  opencv-data openmpi-bin openmpi-common openni-utils pkg-config po-debconf
  proj-bin proj-data protobuf-compiler pyqt5-dev python python-asn1crypto
  python-attr python-autobahn python-automat
  python-backports.functools-lru-cache python-bzrlib python-cairo
  python-catkin-pkg python-catkin-pkg-modules python-cbor python-cffi-backend
  python-chardet python-click python-colorama python-concurrent.futures
  python-configobj python-constantly python-crypto python-cryptography
  python-cycler python-dateutil python-dbus python-defusedxml python-dev
  python-docutils python-empy python-enum34 python-gi python-gnupg
  python-httplib2 python-hyperlink python-idna python-incremental
  python-ipaddress python-keyring python-keyrings.alt python-launchpadlib
  python-lazr.restfulclient python-lazr.uri python-lz4 python-matplotlib
  python-matplotlib-data python-minimal python-mpi4py python-nacl
  python-netifaces python-nose python-numpy python-oauth python-olefile
  python-opencv python-opengl python-openssl python-pam python-paramiko
  python-pil python-pkg-resources python-psutil python-pyasn1
  python-pyasn1-modules python-pycryptodome python-pydot python-pygments
  python-pyparsing python-pyqt5 python-pyqt5.qtopengl python-pyqt5.qtsvg
  python-pyqt5.qtwebkit python-qrcode python-roman python-rosdep
  python-rosdep-modules python-rosdistro python-rosdistro-modules
  python-rosinstall python-rosinstall-generator python-rospkg
  python-rospkg-modules python-secretstorage python-serial
  python-service-identity python-setuptools python-simplejson python-sip
  python-sip-dev python-six python-snappy python-subprocess32 python-tk
  python-trie python-trollius python-twisted python-twisted-bin
  python-twisted-core python-txaio python-tz python-u-msgpack python-ubjson
  python-vcstools python-vtk6 python-wadllib python-wsaccel python-wstool
  python-wxgtk3.0 python-wxtools python-wxversion python-yaml
  python-zope.interface python2.7 python2.7-dev python2.7-minimal python3-dev
  python3-distutils python3-lib2to3 python3.6-dev qt5-assistant
  qt5-gtk-platformtheme qt5-qmake qt5-qmake-bin qt5-qmltooling-plugins
  qtbase5-dev qtbase5-dev-tools qtchooser qtdeclarative5-dev qttools5-dev
  qttools5-dev-tools qttools5-private-dev qttranslations5-l10n rake
  ros-melodic-actionlib ros-melodic-actionlib-msgs
  ros-melodic-actionlib-tutorials ros-melodic-angles ros-melodic-bond
  ros-melodic-bond-core ros-melodic-bondcpp ros-melodic-bondpy
  ros-melodic-camera-calibration ros-melodic-camera-calibration-parsers
  ros-melodic-camera-info-manager ros-melodic-catkin ros-melodic-class-loader
  ros-melodic-cmake-modules ros-melodic-common-msgs
  ros-melodic-common-tutorials ros-melodic-compressed-depth-image-transport
  ros-melodic-compressed-image-transport ros-melodic-control-msgs
  ros-melodic-control-toolbox ros-melodic-controller-interface
  ros-melodic-controller-manager ros-melodic-controller-manager-msgs
  ros-melodic-cpp-common ros-melodic-cv-bridge ros-melodic-depth-image-proc
  ros-melodic-desktop ros-melodic-desktop-full
  ros-melodic-diagnostic-aggregator ros-melodic-diagnostic-analysis
  ros-melodic-diagnostic-common-diagnostics ros-melodic-diagnostic-msgs
  ros-melodic-diagnostic-updater ros-melodic-diagnostics
  ros-melodic-diff-drive-controller ros-melodic-dynamic-reconfigure
  ros-melodic-eigen-conversions ros-melodic-executive-smach
  ros-melodic-filters ros-melodic-forward-command-controller
  ros-melodic-gazebo-dev ros-melodic-gazebo-msgs ros-melodic-gazebo-plugins
  ros-melodic-gazebo-ros ros-melodic-gazebo-ros-control
  ros-melodic-gazebo-ros-pkgs ros-melodic-gencpp ros-melodic-geneus
  ros-melodic-genlisp ros-melodic-genmsg ros-melodic-gennodejs
  ros-melodic-genpy ros-melodic-geometry ros-melodic-geometry-msgs
  ros-melodic-geometry-tutorials ros-melodic-gl-dependency
  ros-melodic-hardware-interface ros-melodic-image-common
  ros-melodic-image-geometry ros-melodic-image-pipeline ros-melodic-image-proc
  ros-melodic-image-publisher ros-melodic-image-rotate
  ros-melodic-image-transport ros-melodic-image-transport-plugins
  ros-melodic-image-view ros-melodic-interactive-marker-tutorials
  ros-melodic-interactive-markers ros-melodic-joint-limits-interface
  ros-melodic-joint-state-controller ros-melodic-joint-state-publisher
  ros-melodic-kdl-conversions ros-melodic-kdl-parser ros-melodic-kdl-parser-py
  ros-melodic-laser-assembler ros-melodic-laser-filters
  ros-melodic-laser-geometry ros-melodic-laser-pipeline
  ros-melodic-librviz-tutorial ros-melodic-map-msgs ros-melodic-media-export
  ros-melodic-message-filters ros-melodic-message-generation
  ros-melodic-message-runtime ros-melodic-mk ros-melodic-nav-msgs
  ros-melodic-nodelet ros-melodic-nodelet-core ros-melodic-nodelet-topic-tools
  ros-melodic-nodelet-tutorial-math ros-melodic-orocos-kdl
  ros-melodic-pcl-conversions ros-melodic-pcl-msgs ros-melodic-pcl-ros
  ros-melodic-perception ros-melodic-perception-pcl ros-melodic-pluginlib
  ros-melodic-pluginlib-tutorials ros-melodic-polled-camera
  ros-melodic-position-controllers ros-melodic-python-orocos-kdl
  ros-melodic-python-qt-binding ros-melodic-qt-dotgraph ros-melodic-qt-gui
  ros-melodic-qt-gui-cpp ros-melodic-qt-gui-py-common
  ros-melodic-qwt-dependency ros-melodic-realtime-tools
  ros-melodic-resource-retriever ros-melodic-robot
  ros-melodic-robot-state-publisher ros-melodic-ros ros-melodic-ros-base
  ros-melodic-ros-comm ros-melodic-ros-core ros-melodic-ros-environment
  ros-melodic-ros-tutorials ros-melodic-rosbag
  ros-melodic-rosbag-migration-rule ros-melodic-rosbag-storage
  ros-melodic-rosbash ros-melodic-rosboost-cfg ros-melodic-rosbuild
  ros-melodic-rosclean ros-melodic-rosconsole ros-melodic-rosconsole-bridge
  ros-melodic-roscpp ros-melodic-roscpp-core ros-melodic-roscpp-serialization
  ros-melodic-roscpp-traits ros-melodic-roscpp-tutorials ros-melodic-roscreate
  ros-melodic-rosgraph ros-melodic-rosgraph-msgs ros-melodic-roslang
  ros-melodic-roslaunch ros-melodic-roslib ros-melodic-roslint
  ros-melodic-roslisp ros-melodic-roslz4 ros-melodic-rosmake
  ros-melodic-rosmaster ros-melodic-rosmsg ros-melodic-rosnode
  ros-melodic-rosout ros-melodic-rospack ros-melodic-rosparam
  ros-melodic-rospy ros-melodic-rospy-tutorials ros-melodic-rosservice
  ros-melodic-rostest ros-melodic-rostime ros-melodic-rostopic
  ros-melodic-rosunit ros-melodic-roswtf ros-melodic-rqt-action
  ros-melodic-rqt-bag ros-melodic-rqt-bag-plugins
  ros-melodic-rqt-common-plugins ros-melodic-rqt-console ros-melodic-rqt-dep
  ros-melodic-rqt-graph ros-melodic-rqt-gui ros-melodic-rqt-gui-cpp
  ros-melodic-rqt-gui-py ros-melodic-rqt-image-view ros-melodic-rqt-launch
  ros-melodic-rqt-logger-level ros-melodic-rqt-moveit ros-melodic-rqt-msg
  ros-melodic-rqt-nav-view ros-melodic-rqt-plot ros-melodic-rqt-pose-view
  ros-melodic-rqt-publisher ros-melodic-rqt-py-common
  ros-melodic-rqt-py-console ros-melodic-rqt-reconfigure
  ros-melodic-rqt-robot-dashboard ros-melodic-rqt-robot-monitor
  ros-melodic-rqt-robot-plugins ros-melodic-rqt-robot-steering
  ros-melodic-rqt-runtime-monitor ros-melodic-rqt-rviz
  ros-melodic-rqt-service-caller ros-melodic-rqt-shell ros-melodic-rqt-srv
  ros-melodic-rqt-tf-tree ros-melodic-rqt-top ros-melodic-rqt-topic
  ros-melodic-rqt-web ros-melodic-rviz ros-melodic-rviz-plugin-tutorials
  ros-melodic-rviz-python-tutorial ros-melodic-self-test
  ros-melodic-sensor-msgs ros-melodic-shape-msgs ros-melodic-simulators
  ros-melodic-smach ros-melodic-smach-msgs ros-melodic-smach-ros
  ros-melodic-smclib ros-melodic-stage ros-melodic-stage-ros
  ros-melodic-std-msgs ros-melodic-std-srvs ros-melodic-stereo-image-proc
  ros-melodic-stereo-msgs ros-melodic-tf ros-melodic-tf-conversions
  ros-melodic-tf2 ros-melodic-tf2-eigen ros-melodic-tf2-geometry-msgs
  ros-melodic-tf2-kdl ros-melodic-tf2-msgs ros-melodic-tf2-py
  ros-melodic-tf2-ros ros-melodic-theora-image-transport
  ros-melodic-topic-tools ros-melodic-trajectory-msgs
  ros-melodic-transmission-interface ros-melodic-turtle-actionlib
  ros-melodic-turtle-tf ros-melodic-turtle-tf2 ros-melodic-turtlesim
  ros-melodic-urdf ros-melodic-urdf-parser-plugin
  ros-melodic-urdf-sim-tutorial ros-melodic-urdf-tutorial
  ros-melodic-urdfdom-py ros-melodic-vision-opencv
  ros-melodic-visualization-marker-tutorials ros-melodic-visualization-msgs
  ros-melodic-visualization-tutorials ros-melodic-viz
  ros-melodic-webkit-dependency ros-melodic-xacro ros-melodic-xmlrpcpp ruby
  ruby-did-you-mean ruby-minitest ruby-net-telnet ruby-power-assert
  ruby-test-unit ruby2.5 rubygems-integration sbcl sdformat-sdf sgml-base
  sip-dev subversion tango-icon-theme tcl tcl-dev tcl-vtk6 tcl8.6 tcl8.6-dev
  tk tk-dev tk8.6 tk8.6-blt2.5 tk8.6-dev ttf-bitstream-vera ttf-dejavu-core
  unixodbc-dev uuid-dev va-driver-all vdpau-driver-all vtk6
  x11proto-composite-dev x11proto-core-dev x11proto-damage-dev x11proto-dev
  x11proto-fixes-dev x11proto-input-dev x11proto-randr-dev
  x11proto-scrnsaver-dev x11proto-xext-dev x11proto-xf86vidmode-dev
  x11proto-xinerama-dev xml-core xorg-sgml-doctools xtrans-dev zlib1g-dev
The following packages will be upgraded:
  libc6 libc6-dbg libcurl3-gnutls libdpkg-perl libexpat1 libfreetype6
  libglib2.0-0 libglib2.0-bin libice6 libicu60 libjbig0 libjpeg-turbo8
  libldap-2.4-2 libldap-common liblzma5 libopenexr22 libpcre3 libpixman-1-0
  libpoppler-glib8 libpoppler73 libprotobuf10 libpython2.7
  libpython2.7-minimal libpython2.7-stdlib libpython3.6 libpython3.6-minimal
  libpython3.6-stdlib libsqlite3-0 libssl1.1 libtiff5 libwayland-client0
  libwayland-cursor0 libwayland-egl1 libwayland-server0 libwebp6 libwebpdemux2
  libwebpmux3 libxml2 poppler-utils python3.6 python3.6-minimal zlib1g
42 upgraded, 1085 newly installed, 0 to remove and 248 not upgraded.
Need to get 577 MB of archives.
After this operation, 2,456 MB of additional disk space will be used.
Get:1 https://mirrors.tuna.tsinghua.edu.cn/ubuntu bionic-updates/main amd64 libc6-dbg amd64 2.27-3ubuntu1.6 [5,162 kB]
Get:2 https://mirrors.tuna.tsinghua.edu.cn/ubuntu bionic-updates/main amd64 libc6 amd64 2.27-3ubuntu1.6 [2,831 kB]
Get:3 https://mirrors.tuna.tsinghua.edu.cn/ubuntu bionic-updates/main amd64 libexpat1 amd64 2.2.5-3ubuntu0.9 [82.8 kB]
Get:4 https://mirrors.tuna.tsinghua.edu.cn/ubuntu bionic-updates/main amd64 zlib1g amd64 1:1.2.11.dfsg-0ubuntu2.2 [56.9 kB]
Get:5 https://mirrors.tuna.tsinghua.edu.cn/ubuntu bionic-updates/main amd64 libpython3.6 amd64 3.6.9-1~18.04ubuntu1.12 [1,414 kB]
Get:6 https://mirrors.tuna.tsinghua.edu.cn/ubuntu bionic-updates/main amd64 libssl1.1 amd64 1.1.1-1ubuntu2.1~18.04.23 [1,303 kB]
Get:7 https://mirrors.tuna.tsinghua.edu.cn/ubuntu bionic-updates/main amd64 python3.6 amd64 3.6.9-1~18.04ubuntu1.12 [203 kB]
Get:8 https://mirrors.tuna.tsinghua.edu.cn/ubuntu bionic-updates/main amd64 libpython3.6-stdlib amd64 3.6.9-1~18.04ubuntu1.12 [1,713 kB]
Get:9 https://mirrors.tuna.tsinghua.edu.cn/ubuntu bionic-updates/main amd64 python3.6-minimal amd64 3.6.9-1~18.04ubuntu1.12 [1,609 kB]
Get:10 https://mirrors.tuna.tsinghua.edu.cn/ubuntu bionic-updates/main amd64 libpython3.6-minimal amd64 3.6.9-1~18.04ubuntu1.12 [533 kB]
Get:11 https://mirrors.tuna.tsinghua.edu.cn/ubuntu bionic-updates/main amd64 liblzma5 amd64 5.2.2-1.3ubuntu0.1 [91.1 kB]
Get:12 https://mirrors.tuna.tsinghua.edu.cn/ubuntu bionic-updates/main amd64 libsqlite3-0 amd64 3.22.0-1ubuntu0.7 [499 kB]
Get:13 https://mirrors.tuna.tsinghua.edu.cn/ubuntu bionic/main amd64 fonts-lato all 2.0-2 [2,698 kB]
Get:14 https://mirrors.tuna.tsinghua.edu.cn/ubuntu bionic-updates/main amd64 libjpeg-turbo8 amd64 1.5.2-0ubuntu5.18.04.6 [111 kB]
Get:15 https://mirrors.tuna.tsinghua.edu.cn/ubuntu bionic/universe amd64 libtinyxml2.6.2v5 amd64 2.6.2-4 [29.7 kB]
Get:16 https://mirrors.tuna.tsinghua.edu.cn/ubuntu bionic/universe amd64 libopenni0 amd64 1.5.4.0-14build1 [276 kB]
Get:17 https://mirrors.tuna.tsinghua.edu.cn/ubuntu bionic/main amd64 libdouble-conversion1 amd64 2.0.1-4ubuntu1 [33.0 kB]
Get:18 https://mirrors.tuna.tsinghua.edu.cn/ubuntu bionic-updates/main amd64 libglib2.0-bin amd64 2.56.4-0ubuntu0.18.04.9 [68.9 kB]
Get:19 https://mirrors.tuna.tsinghua.edu.cn/ubuntu bionic-updates/main amd64 libpcre3 amd64 2:8.39-9ubuntu0.1 [231 kB]
Get:20 https://mirrors.tuna.tsinghua.edu.cn/ubuntu bionic-updates/main amd64 libglib2.0-0 amd64 2.56.4-0ubuntu0.18.04.9 [1,169 kB]
Get:21 https://mirrors.tuna.tsinghua.edu.cn/ubuntu bionic-updates/main amd64 libicu60 amd64 60.2-3ubuntu3.2 [8,050 kB]
Get:22 https://mirrors.tuna.tsinghua.edu.cn/ubuntu bionic-updates/main amd64 libqt5core5a amd64 5.9.5+dfsg-0ubuntu2.6 [2,035 kB]
Get:23 https://mirrors.tuna.tsinghua.edu.cn/ubuntu bionic-updates/main amd64 libfreetype6 amd64 2.8.1-2ubuntu2.2 [335 kB]
Get:24 https://mirrors.tuna.tsinghua.edu.cn/ubuntu bionic-updates/main amd64 libice6 amd64 2:1.0.9-2ubuntu0.18.04.1 [40.7 kB]
Get:25 https://mirrors.tuna.tsinghua.edu.cn/ubuntu bionic-updates/main amd64 libqt5dbus5 amd64 5.9.5+dfsg-0ubuntu2.6 [195 kB]
Get:26 https://mirrors.tuna.tsinghua.edu.cn/ubuntu bionic-updates/main amd64 libqt5network5 amd64 5.9.5+dfsg-0ubuntu2.6 [634 kB]
Get:27 https://mirrors.tuna.tsinghua.edu.cn/ubuntu bionic-updates/main amd64 libxcb-xinerama0 amd64 1.13-2~ubuntu18.04 [5,264 B]
Get:28 https://mirrors.tuna.tsinghua.edu.cn/ubuntu bionic-updates/main amd64 libqt5gui5 amd64 5.9.5+dfsg-0ubuntu2.6 [2,568 kB]
Get:29 https://mirrors.tuna.tsinghua.edu.cn/ubuntu bionic-updates/main amd64 libqt5widgets5 amd64 5.9.5+dfsg-0ubuntu2.6 [2,203 kB]
Get:30 https://mirrors.tuna.tsinghua.edu.cn/ubuntu bionic-updates/main amd64 libqt5svg5 amd64 5.9.5-0ubuntu1.1 [129 kB]
Get:31 https://mirrors.tuna.tsinghua.edu.cn/ubuntu bionic/universe amd64 libqt5positioning5 amd64 5.9.5+dfsg-0ubuntu2 [131 kB]
Get:32 https://mirrors.tuna.tsinghua.edu.cn/ubuntu bionic-updates/main amd64 libqt5printsupport5 amd64 5.9.5+dfsg-0ubuntu2.6 [178 kB]
Get:33 https://mirrors.tuna.tsinghua.edu.cn/ubuntu bionic-updates/universe amd64 libqt5qml5 amd64 5.9.5-0ubuntu1.1 [1,242 kB]
Get:34 https://mirrors.tuna.tsinghua.edu.cn/ubuntu bionic-updates/universe amd64 libqt5quick5 amd64 5.9.5-0ubuntu1.1 [1,201 kB]
Get:35 https://mirrors.tuna.tsinghua.edu.cn/ubuntu bionic/universe amd64 libqt5sensors5 amd64 5.9.5-0ubuntu1 [113 kB]
Get:36 https://mirrors.tuna.tsinghua.edu.cn/ubuntu bionic/universe amd64 libqt5webchannel5 amd64 5.9.5-0ubuntu1 [47.7 kB]
Get:37 https://mirrors.tuna.tsinghua.edu.cn/ubuntu bionic-updates/main amd64 libwebp6 amd64 0.6.1-2ubuntu0.18.04.2 [186 kB]
Get:38 https://mirrors.tuna.tsinghua.edu.cn/ubuntu bionic-updates/main amd64 libxml2 amd64 2.9.4+dfsg1-6.1ubuntu1.9 [663 kB]
Get:39 https://mirrors.tuna.tsinghua.edu.cn/ubuntu bionic/universe amd64 libqt5webkit5 amd64 5.212.0~alpha2-7ubuntu1 [11.8 MB]
Get:40 https://mirrors.tuna.tsinghua.edu.cn/ubuntu bionic/main amd64 xorg-sgml-doctools all 1:1.11-1 [12.9 kB]
Get:41 https://mirrors.tuna.tsinghua.edu.cn/ubuntu bionic/main amd64 x11proto-dev all 2018.4-4 [251 kB]
Get:42 https://mirrors.tuna.tsinghua.edu.cn/ubuntu bionic/main amd64 x11proto-core-dev all 2018.4-4 [2,620 B]
Get:43 https://mirrors.tuna.tsinghua.edu.cn/ubuntu bionic-updates/main amd64 libxau-dev amd64 1:1.0.8-1ubuntu1 [9,476 B]
Get:44 https://mirrors.tuna.tsinghua.edu.cn/ubuntu bionic/main amd64 libxdmcp-dev amd64 1:1.1.2-3 [25.1 kB]
Get:45 https://mirrors.tuna.tsinghua.edu.cn/ubuntu bionic/main amd64 x11proto-input-dev all 2018.4-4 [2,620 B]
Get:46 https://mirrors.tuna.tsinghua.edu.cn/ubuntu bionic/main amd64 xtrans-dev all 1.3.5-1 [70.5 kB]
Get:47 https://mirrors.tuna.tsinghua.edu.cn/ubuntu bionic/main amd64 libpthread-stubs0-dev amd64 0.3-4 [4,068 B]
Get:48 https://mirrors.tuna.tsinghua.edu.cn/ubuntu bionic-updates/main amd64 libxcb1-dev amd64 1.13-2~ubuntu18.04 [80.0 kB]
Get:49 https://mirrors.tuna.tsinghua.edu.cn/ubuntu bionic-updates/main amd64 libx11-dev amd64 2:1.6.4-3ubuntu0.4 [641 kB]
Get:50 https://mirrors.tuna.tsinghua.edu.cn/ubuntu bionic-updates/main amd64 libdrm-dev amd64 2.4.101-2~18.04.1 [126 kB]
Get:51 https://mirrors.tuna.tsinghua.edu.cn/ubuntu bionic-updates/main amd64 mesa-common-dev amd64 20.0.8-0ubuntu1~18.04.1 [741 kB]
Get:52 https://mirrors.tuna.tsinghua.edu.cn/ubuntu bionic-updates/main amd64 libglvnd-core-dev amd64 1.0.0-2ubuntu2.3 [12.8 kB]
Get:53 https://mirrors.tuna.tsinghua.edu.cn/ubuntu bionic-updates/main amd64 libgles1 amd64 1.0.0-2ubuntu2.3 [11.2 kB]
Get:54 https://mirrors.tuna.tsinghua.edu.cn/ubuntu bionic-updates/main amd64 libopengl0 amd64 1.0.0-2ubuntu2.3 [31.3 kB]
Get:55 https://mirrors.tuna.tsinghua.edu.cn/ubuntu bionic-updates/main amd64 libglvnd-dev amd64 1.0.0-2ubuntu2.3 [3,416 B]
Get:56 https://mirrors.tuna.tsinghua.edu.cn/ubuntu bionic-updates/main amd64 libx11-xcb-dev amd64 2:1.6.4-3ubuntu0.4 [9,764 B]
Get:57 https://mirrors.tuna.tsinghua.edu.cn/ubuntu bionic-updates/main amd64 libxcb-dri3-dev amd64 1.13-2~ubuntu18.04 [7,384 B]
Get:58 https://mirrors.tuna.tsinghua.edu.cn/ubuntu bionic-updates/main amd64 libxcb-render0-dev amd64 1.13-2~ubuntu18.04 [18.4 kB]
Get:59 https://mirrors.tuna.tsinghua.edu.cn/ubuntu bionic-updates/main amd64 libxcb-randr0-dev amd64 1.13-2~ubuntu18.04 [20.4 kB]
Get:60 https://mirrors.tuna.tsinghua.edu.cn/ubuntu bionic-updates/main amd64 libxcb-shape0-dev amd64 1.13-2~ubuntu18.04 [7,144 B]
Get:61 https://mirrors.tuna.tsinghua.edu.cn/ubuntu bionic-updates/main amd64 libxcb-xfixes0-dev amd64 1.13-2~ubuntu18.04 [11.7 kB]
Get:62 https://mirrors.tuna.tsinghua.edu.cn/ubuntu bionic-updates/main amd64 libxcb-sync-dev amd64 1.13-2~ubuntu18.04 [10.6 kB]
Get:63 https://mirrors.tuna.tsinghua.edu.cn/ubuntu bionic-updates/main amd64 libxcb-present-dev amd64 1.13-2~ubuntu18.04 [6,972 B]
Get:64 https://mirrors.tuna.tsinghua.edu.cn/ubuntu bionic/main amd64 libxshmfence-dev amd64 1.3-1 [3,692 B]
Get:65 https://mirrors.tuna.tsinghua.edu.cn/ubuntu bionic-updates/main amd64 libxcb-dri2-0-dev amd64 1.13-2~ubuntu18.04 [8,472 B]
Get:66 https://mirrors.tuna.tsinghua.edu.cn/ubuntu bionic-updates/main amd64 libxcb-glx0-dev amd64 1.13-2~ubuntu18.04 [27.9 kB]
Get:67 https://mirrors.tuna.tsinghua.edu.cn/ubuntu bionic/main amd64 x11proto-fixes-dev all 1:2018.4-4 [2,620 B]
Get:68 https://mirrors.tuna.tsinghua.edu.cn/ubuntu bionic/main amd64 libxfixes-dev amd64 1:5.0.3-1 [11.0 kB]
Get:69 https://mirrors.tuna.tsinghua.edu.cn/ubuntu bionic/main amd64 x11proto-damage-dev all 1:2018.4-4 [2,620 B]
Get:70 https://mirrors.tuna.tsinghua.edu.cn/ubuntu bionic/main amd64 libxdamage-dev amd64 1:1.1.4-3 [5,028 B]
Get:71 https://mirrors.tuna.tsinghua.edu.cn/ubuntu bionic/main amd64 x11proto-xext-dev all 2018.4-4 [2,620 B]
Get:72 https://mirrors.tuna.tsinghua.edu.cn/ubuntu bionic/main amd64 libxext-dev amd64 2:1.3.3-1 [82.1 kB]
Get:73 https://mirrors.tuna.tsinghua.edu.cn/ubuntu bionic/main amd64 x11proto-xf86vidmode-dev all 2018.4-4 [2,632 B]
Get:74 https://mirrors.tuna.tsinghua.edu.cn/ubuntu bionic/main amd64 libxxf86vm-dev amd64 1:1.1.4-1 [13.3 kB]
Get:75 https://mirrors.tuna.tsinghua.edu.cn/ubuntu bionic-updates/main amd64 libgl1-mesa-dev amd64 20.0.8-0ubuntu1~18.04.1 [6,180 B]
Get:76 https://mirrors.tuna.tsinghua.edu.cn/ubuntu bionic-updates/main amd64 libwayland-client0 amd64 1.16.0-1ubuntu1.1~18.04.4 [23.6 kB]
Get:77 https://mirrors.tuna.tsinghua.edu.cn/ubuntu bionic-updates/main amd64 libwayland-server0 amd64 1.16.0-1ubuntu1.1~18.04.4 [29.6 kB]
Get:78 https://mirrors.tuna.tsinghua.edu.cn/ubuntu bionic-updates/main amd64 libwayland-cursor0 amd64 1.16.0-1ubuntu1.1~18.04.4 [10.2 kB]
Get:79 https://mirrors.tuna.tsinghua.edu.cn/ubuntu bionic-updates/main amd64 libwayland-egl1 amd64 1.16.0-1ubuntu1.1~18.04.4 [5,424 B]
Get:80 https://mirrors.tuna.tsinghua.edu.cn/ubuntu bionic-updates/main amd64 libwayland-bin amd64 1.16.0-1ubuntu1.1~18.04.4 [19.8 kB]
Get:81 https://mirrors.tuna.tsinghua.edu.cn/ubuntu bionic-updates/main amd64 libwayland-dev amd64 1.16.0-1ubuntu1.1~18.04.4 [62.8 kB]
Get:82 https://mirrors.tuna.tsinghua.edu.cn/ubuntu bionic-updates/main amd64 libegl1-mesa-dev amd64 20.0.8-0ubuntu1~18.04.1 [20.5 kB]
Get:83 https://mirrors.tuna.tsinghua.edu.cn/ubuntu bionic-updates/main amd64 libgles2-mesa-dev amd64 20.0.8-0ubuntu1~18.04.1 [45.0 kB]
Get:84 https://mirrors.tuna.tsinghua.edu.cn/ubuntu bionic/main amd64 libglu1-mesa-dev amd64 9.0.0-2.1build1 [206 kB]
Get:85 https://mirrors.tuna.tsinghua.edu.cn/ubuntu bionic-updates/main amd64 libqt5concurrent5 amd64 5.9.5+dfsg-0ubuntu2.6 [29.8 kB]
Get:86 https://mirrors.tuna.tsinghua.edu.cn/ubuntu bionic-updates/main amd64 libqt5sql5 amd64 5.9.5+dfsg-0ubuntu2.6 [115 kB]
Get:87 https://mirrors.tuna.tsinghua.edu.cn/ubuntu bionic-updates/main amd64 libqt5test5 amd64 5.9.5+dfsg-0ubuntu2.6 [98.0 kB]
Get:88 https://mirrors.tuna.tsinghua.edu.cn/ubuntu bionic-updates/main amd64 libqt5xml5 amd64 5.9.5+dfsg-0ubuntu2.6 [99.4 kB]
Get:89 https://mirrors.tuna.tsinghua.edu.cn/ubuntu bionic-updates/main amd64 qt5-qmake-bin amd64 5.9.5+dfsg-0ubuntu2.6 [939 kB]
Get:90 https://mirrors.tuna.tsinghua.edu.cn/ubuntu bionic/main amd64 qtchooser amd64 64-ga1b6736-5 [24.1 kB]
Get:91 https://mirrors.tuna.tsinghua.edu.cn/ubuntu bionic-updates/main amd64 qt5-qmake amd64 5.9.5+dfsg-0ubuntu2.6 [180 kB]
Get:92 https://mirrors.tuna.tsinghua.edu.cn/ubuntu bionic-updates/main amd64 qtbase5-dev-tools amd64 5.9.5+dfsg-0ubuntu2.6 [724 kB]
Get:93 https://mirrors.tuna.tsinghua.edu.cn/ubuntu bionic-updates/main amd64 qtbase5-dev amd64 5.9.5+dfsg-0ubuntu2.6 [942 kB]
Get:94 https://mirrors.tuna.tsinghua.edu.cn/ubuntu bionic-updates/universe amd64 libqt5quickparticles5 amd64 5.9.5-0ubuntu1.1 [167 kB]
Get:95 https://mirrors.tuna.tsinghua.edu.cn/ubuntu bionic-updates/universe amd64 libqt5quicktest5 amd64 5.9.5-0ubuntu1.1 [59.1 kB]
Get:96 https://mirrors.tuna.tsinghua.edu.cn/ubuntu bionic-updates/universe amd64 libqt5quickwidgets5 amd64 5.9.5-0ubuntu1.1 [35.7 kB]
Get:97 https://mirrors.tuna.tsinghua.edu.cn/ubuntu bionic-updates/universe amd64 qt5-qmltooling-plugins amd64 5.9.5-0ubuntu1.1 [158 kB]
Get:98 https://mirrors.tuna.tsinghua.edu.cn/ubuntu bionic-updates/universe amd64 qtdeclarative5-dev amd64 5.9.5-0ubuntu1.1 [529 kB]
Get:99 https://mirrors.tuna.tsinghua.edu.cn/ubuntu bionic/universe amd64 libqt5webkit5-dev amd64 5.212.0~alpha2-7ubuntu1 [52.4 kB]
Get:100 https://mirrors.tuna.tsinghua.edu.cn/ubuntu bionic-updates/universe amd64 libturbojpeg amd64 1.5.2-0ubuntu5.18.04.6 [126 kB]
Get:101 https://mirrors.tuna.tsinghua.edu.cn/ubuntu bionic-updates/main amd64 libpython2.7 amd64 2.7.17-1~18.04ubuntu1.11 [1,054 kB]
Get:102 https://mirrors.tuna.tsinghua.edu.cn/ubuntu bionic-updates/main amd64 libpython2.7-stdlib amd64 2.7.17-1~18.04ubuntu1.11 [1,919 kB]
Get:103 https://mirrors.tuna.tsinghua.edu.cn/ubuntu bionic-updates/main amd64 libpython2.7-minimal amd64 2.7.17-1~18.04ubuntu1.11 [335 kB]
Get:104 https://mirrors.tuna.tsinghua.edu.cn/ubuntu bionic-updates/main amd64 python2.7-minimal amd64 2.7.17-1~18.04ubuntu1.11 [1,294 kB]
Get:105 https://mirrors.tuna.tsinghua.edu.cn/ubuntu bionic/main amd64 python-minimal amd64 2.7.15~rc1-1 [28.1 kB]
Get:106 https://mirrors.tuna.tsinghua.edu.cn/ubuntu bionic-updates/main amd64 python2.7 amd64 2.7.17-1~18.04ubuntu1.11 [248 kB]
Get:107 https://mirrors.tuna.tsinghua.edu.cn/ubuntu bionic/main amd64 libpython-stdlib amd64 2.7.15~rc1-1 [7,620 B]
Get:108 https://mirrors.tuna.tsinghua.edu.cn/ubuntu bionic/main amd64 python amd64 2.7.15~rc1-1 [140 kB]
Get:109 https://mirrors.tuna.tsinghua.edu.cn/ubuntu bionic/main amd64 sgml-base all 1.29 [12.3 kB]
Get:110 https://mirrors.tuna.tsinghua.edu.cn/ubuntu bionic/universe amd64 libccd2 amd64 2.0-1 [20.3 kB]
Get:111 https://mirrors.tuna.tsinghua.edu.cn/ubuntu bionic/main amd64 libsigsegv2 amd64 2.12-1 [14.7 kB]
Get:112 https://mirrors.tuna.tsinghua.edu.cn/ubuntu bionic/main amd64 m4 amd64 1.4.18-1 [197 kB]
Get:113 https://mirrors.tuna.tsinghua.edu.cn/ubuntu bionic/main amd64 autoconf all 2.69-11 [322 kB]
Get:114 https://mirrors.tuna.tsinghua.edu.cn/ubuntu bionic/main amd64 autotools-dev all 20180224.1 [39.6 kB]
Get:115 https://mirrors.tuna.tsinghua.edu.cn/ubuntu bionic/main amd64 automake all 1:1.15.1-3ubuntu2 [509 kB]
Get:116 https://mirrors.tuna.tsinghua.edu.cn/ubuntu bionic-updates/main amd64 autopoint all 0.19.8.1-6ubuntu0.3 [426 kB]
Get:117 https://mirrors.tuna.tsinghua.edu.cn/ubuntu bionic/main amd64 binfmt-support amd64 2.1.8-2 [51.6 kB]
Get:118 https://mirrors.tuna.tsinghua.edu.cn/ubuntu bionic/main amd64 libtcl8.6 amd64 8.6.8+dfsg-3 [881 kB]
Get:119 https://mirrors.tuna.tsinghua.edu.cn/ubuntu bionic/main amd64 libtk8.6 amd64 8.6.8-4 [693 kB]
Get:120 https://mirrors.tuna.tsinghua.edu.cn/ubuntu bionic/main amd64 tk8.6-blt2.5 amd64 2.5.3+dfsg-4 [572 kB]
Get:121 https://mirrors.tuna.tsinghua.edu.cn/ubuntu bionic/main amd64 blt amd64 2.5.3+dfsg-4 [4,944 B]
Get:122 https://mirrors.tuna.tsinghua.edu.cn/ubuntu bionic-updates/main amd64 libc-dev-bin amd64 2.27-3ubuntu1.6 [71.9 kB]
Get:123 https://mirrors.tuna.tsinghua.edu.cn/ubuntu bionic-updates/main amd64 linux-libc-dev amd64 4.15.0-213.224 [983 kB]
Get:124 https://mirrors.tuna.tsinghua.edu.cn/ubuntu bionic-updates/main amd64 libc6-dev amd64 2.27-3ubuntu1.6 [2,587 kB]
Get:125 https://mirrors.tuna.tsinghua.edu.cn/ubuntu bionic-updates/main amd64 libitm1 amd64 8.4.0-1ubuntu1~18.04 [27.9 kB]
Get:126 https://mirrors.tuna.tsinghua.edu.cn/ubuntu bionic-updates/main amd64 libatomic1 amd64 8.4.0-1ubuntu1~18.04 [9,192 B]
Get:127 https://mirrors.tuna.tsinghua.edu.cn/ubuntu bionic-updates/main amd64 libasan4 amd64 7.5.0-3ubuntu1~18.04 [358 kB]
Get:128 https://mirrors.tuna.tsinghua.edu.cn/ubuntu bionic-updates/main amd64 liblsan0 amd64 8.4.0-1ubuntu1~18.04 [133 kB]
Get:129 https://mirrors.tuna.tsinghua.edu.cn/ubuntu bionic-updates/main amd64 libtsan0 amd64 8.4.0-1ubuntu1~18.04 [288 kB]
Get:130 https://mirrors.tuna.tsinghua.edu.cn/ubuntu bionic-updates/main amd64 libubsan0 amd64 7.5.0-3ubuntu1~18.04 [126 kB]
Get:131 https://mirrors.tuna.tsinghua.edu.cn/ubuntu bionic-updates/main amd64 libcilkrts5 amd64 7.5.0-3ubuntu1~18.04 [42.5 kB]
Get:132 https://mirrors.tuna.tsinghua.edu.cn/ubuntu bionic-updates/main amd64 libmpx2 amd64 8.4.0-1ubuntu1~18.04 [11.6 kB]
Get:133 https://mirrors.tuna.tsinghua.edu.cn/ubuntu bionic-updates/main amd64 libquadmath0 amd64 8.4.0-1ubuntu1~18.04 [134 kB]
Get:134 https://mirrors.tuna.tsinghua.edu.cn/ubuntu bionic-updates/main amd64 libgcc-7-dev amd64 7.5.0-3ubuntu1~18.04 [2,378 kB]
Get:135 https://mirrors.tuna.tsinghua.edu.cn/ubuntu bionic-updates/main amd64 gcc-7 amd64 7.5.0-3ubuntu1~18.04 [9,381 kB]
Get:136 https://mirrors.tuna.tsinghua.edu.cn/ubuntu bionic-updates/main amd64 gcc amd64 4:7.4.0-1ubuntu2.3 [5,184 B]
Get:137 https://mirrors.tuna.tsinghua.edu.cn/ubuntu bionic-updates/main amd64 libstdc++-7-dev amd64 7.5.0-3ubuntu1~18.04 [1,471 kB]
Get:138 https://mirrors.tuna.tsinghua.edu.cn/ubuntu bionic-updates/main amd64 g++-7 amd64 7.5.0-3ubuntu1~18.04 [9,697 kB]
Get:139 https://mirrors.tuna.tsinghua.edu.cn/ubuntu bionic-updates/main amd64 g++ amd64 4:7.4.0-1ubuntu2.3 [1,568 B]
Get:140 https://mirrors.tuna.tsinghua.edu.cn/ubuntu bionic/main amd64 make amd64 4.1-9.1ubuntu1 [154 kB]
Get:141 https://mirrors.tuna.tsinghua.edu.cn/ubuntu bionic-updates/main amd64 libdpkg-perl all 1.19.0.5ubuntu2.4 [212 kB]
Get:142 https://mirrors.tuna.tsinghua.edu.cn/ubuntu bionic-updates/main amd64 dpkg-dev all 1.19.0.5ubuntu2.4 [607 kB]
Get:143 https://mirrors.tuna.tsinghua.edu.cn/ubuntu bionic/main amd64 build-essential amd64 12.4ubuntu1 [4,758 B]
Get:144 https://mirrors.tuna.tsinghua.edu.cn/ubuntu bionic-updates/main amd64 bzip2-doc all 1.0.6-8.1ubuntu0.2 [294 kB]
Get:145 https://mirrors.tuna.tsinghua.edu.cn/ubuntu bionic/main amd64 python-six all 1.11.0-2 [11.3 kB]
Get:146 https://mirrors.tuna.tsinghua.edu.cn/ubuntu bionic/main amd64 python-configobj all 5.0.6-2 [34.2 kB]
Get:147 https://mirrors.tuna.tsinghua.edu.cn/ubuntu bionic/main amd64 python-bzrlib amd64 2.7.0+bzr6622-10 [1,456 kB]
Get:148 https://mirrors.tuna.tsinghua.edu.cn/ubuntu bionic/main amd64 bzr all 2.7.0+bzr6622-10 [37.4 kB]
Get:149 https://mirrors.tuna.tsinghua.edu.cn/ubuntu bionic-updates/main amd64 cmake-data all 3.10.2-1ubuntu2.18.04.2 [1,332 kB]
Get:150 https://mirrors.tuna.tsinghua.edu.cn/ubuntu bionic-updates/main amd64 libldap-common all 2.4.45+dfsg-1ubuntu1.11 [15.8 kB]
Get:151 https://mirrors.tuna.tsinghua.edu.cn/ubuntu bionic-updates/main amd64 libldap-2.4-2 amd64 2.4.45+dfsg-1ubuntu1.11 [154 kB]
Get:152 https://mirrors.tuna.tsinghua.edu.cn/ubuntu bionic-updates/main amd64 libcurl4 amd64 7.58.0-2ubuntu3.24 [221 kB]
Get:153 https://mirrors.tuna.tsinghua.edu.cn/ubuntu bionic/main amd64 libjsoncpp1 amd64 1.7.4-3 [73.6 kB]
Get:154 https://mirrors.tuna.tsinghua.edu.cn/ubuntu bionic/main amd64 librhash0 amd64 1.3.6-2 [78.1 kB]
Get:155 https://mirrors.tuna.tsinghua.edu.cn/ubuntu bionic/main amd64 libuv1 amd64 1.18.0-3 [64.4 kB]
Get:156 https://mirrors.tuna.tsinghua.edu.cn/ubuntu bionic-updates/main amd64 cmake amd64 3.10.2-1ubuntu2.18.04.2 [3,152 kB]
Get:157 https://mirrors.tuna.tsinghua.edu.cn/ubuntu bionic/universe amd64 cython amd64 0.26.1-0.4 [1,874 kB]
Get:158 https://mirrors.tuna.tsinghua.edu.cn/ubuntu bionic/main amd64 libtool all 2.4.6-2 [194 kB]
Get:159 https://mirrors.tuna.tsinghua.edu.cn/ubuntu bionic/main amd64 dh-autoreconf all 17 [15.8 kB]
Get:160 https://mirrors.tuna.tsinghua.edu.cn/ubuntu bionic/main amd64 libfile-stripnondeterminism-perl all 0.040-1.1~build1 [13.8 kB]
Get:161 https://mirrors.tuna.tsinghua.edu.cn/ubuntu bionic/main amd64 dh-strip-nondeterminism all 0.040-1.1~build1 [5,208 B]
Get:162 https://mirrors.tuna.tsinghua.edu.cn/ubuntu bionic/main amd64 po-debconf all 1.0.20 [232 kB]
Get:163 https://mirrors.tuna.tsinghua.edu.cn/ubuntu bionic-updates/main amd64 debhelper all 11.1.6ubuntu2 [902 kB]
Get:164 https://mirrors.tuna.tsinghua.edu.cn/ubuntu bionic/main amd64 mysql-common all 5.8+1.0.4 [7,308 B]
Get:165 https://mirrors.tuna.tsinghua.edu.cn/ubuntu bionic-updates/main amd64 libmysqlclient20 amd64 5.7.42-0ubuntu0.18.04.1 [730 kB]
Get:166 https://mirrors.tuna.tsinghua.edu.cn/ubuntu bionic-updates/main amd64 libssl-dev amd64 1.1.1-1ubuntu2.1~18.04.23 [1,568 kB]
Get:167 https://mirrors.tuna.tsinghua.edu.cn/ubuntu bionic-updates/main amd64 zlib1g-dev amd64 1:1.2.11.dfsg-0ubuntu2.2 [176 kB]
Get:168 https://mirrors.tuna.tsinghua.edu.cn/ubuntu bionic-updates/main amd64 libmysqlclient-dev amd64 5.7.42-0ubuntu0.18.04.1 [1,078 kB]
Get:169 https://mirrors.tuna.tsinghua.edu.cn/ubuntu bionic/main amd64 default-libmysqlclient-dev amd64 1.0.4 [3,736 B]
Get:170 https://mirrors.tuna.tsinghua.edu.cn/ubuntu bionic-updates/main amd64 python3-lib2to3 all 3.6.9-1~18.04 [77.4 kB]
Get:171 https://mirrors.tuna.tsinghua.edu.cn/ubuntu bionic-updates/main amd64 python3-distutils all 3.6.9-1~18.04 [144 kB]
Get:172 https://mirrors.tuna.tsinghua.edu.cn/ubuntu bionic/main amd64 dh-python all 3.20180325ubuntu2 [89.2 kB]
Get:173 https://mirrors.tuna.tsinghua.edu.cn/ubuntu bionic/main amd64 xml-core all 0.18 [21.3 kB]
Get:174 https://mirrors.tuna.tsinghua.edu.cn/ubuntu bionic/main amd64 docutils-common all 0.14+dfsg-3 [156 kB]
Get:175 https://mirrors.tuna.tsinghua.edu.cn/ubuntu bionic/main amd64 docutils-doc all 0.14+dfsg-3 [913 kB]
Get:176 https://mirrors.tuna.tsinghua.edu.cn/ubuntu bionic/main amd64 libfakeroot amd64 1.22-2ubuntu1 [25.9 kB]
Get:177 https://mirrors.tuna.tsinghua.edu.cn/ubuntu bionic/main amd64 fakeroot amd64 1.22-2ubuntu1 [62.3 kB]
Get:178 https://mirrors.tuna.tsinghua.edu.cn/ubuntu bionic/universe amd64 fltk1.3-doc all 1.3.4-6 [9,037 kB]
Get:179 https://mirrors.tuna.tsinghua.edu.cn/ubuntu bionic/universe amd64 libfltk1.3 amd64 1.3.4-6 [523 kB]
Get:180 https://mirrors.tuna.tsinghua.edu.cn/ubuntu bionic/universe amd64 libfltk-forms1.3 amd64 1.3.4-6 [12.7 kB]
Get:181 https://mirrors.tuna.tsinghua.edu.cn/ubuntu bionic/universe amd64 libfltk-images1.3 amd64 1.3.4-6 [25.2 kB]
Get:182 https://mirrors.tuna.tsinghua.edu.cn/ubuntu bionic/universe amd64 fluid amd64 1.3.4-6 [196 kB]
Get:183 https://mirrors.tuna.tsinghua.edu.cn/ubuntu bionic-updates/universe amd64 fonts-lyx all 2.2.4-0ubuntu0.18.04.1 [155 kB]
Get:184 https://mirrors.tuna.tsinghua.edu.cn/ubuntu bionic/universe amd64 freeglut3 amd64 2.8.1-3 [73.6 kB]
Get:185 https://mirrors.tuna.tsinghua.edu.cn/ubuntu bionic-updates/main amd64 libice-dev amd64 2:1.0.9-2ubuntu0.18.04.1 [47.2 kB]
Get:186 https://mirrors.tuna.tsinghua.edu.cn/ubuntu bionic/main amd64 libsm-dev amd64 2:1.2.2-1 [16.2 kB]
Get:187 https://mirrors.tuna.tsinghua.edu.cn/ubuntu bionic/main amd64 libxt-dev amd64 1:1.1.5-1 [395 kB]
Get:188 https://mirrors.tuna.tsinghua.edu.cn/ubuntu bionic/universe amd64 freeglut3-dev amd64 2.8.1-3 [124 kB]
Get:189 https://mirrors.tuna.tsinghua.edu.cn/ubuntu bionic/main amd64 libboost-program-options1.65.1 amd64 1.65.1+dfsg-0ubuntu5 [137 kB]
Get:190 https://mirrors.tuna.tsinghua.edu.cn/ubuntu bionic/universe amd64 libboost-regex1.65.1 amd64 1.65.1+dfsg-0ubuntu5 [259 kB]
Get:191 https://mirrors.tuna.tsinghua.edu.cn/ubuntu bionic/universe amd64 gdal-data all 2.2.3+dfsg-2 [363 kB]
Get:192 https://mirrors.tuna.tsinghua.edu.cn/ubuntu bionic/main amd64 libblas3 amd64 3.7.1-4ubuntu1 [140 kB]
Get:193 https://mirrors.tuna.tsinghua.edu.cn/ubuntu bionic-updates/main amd64 libgfortran4 amd64 7.5.0-3ubuntu1~18.04 [492 kB]
Get:194 https://mirrors.tuna.tsinghua.edu.cn/ubuntu bionic/main amd64 liblapack3 amd64 3.7.1-4ubuntu1 [2,112 kB]
Get:195 https://mirrors.tuna.tsinghua.edu.cn/ubuntu bionic/universe amd64 libarpack2 amd64 3.5.0+real-2 [89.7 kB]
Get:196 https://mirrors.tuna.tsinghua.edu.cn/ubuntu bionic/universe amd64 libsuperlu5 amd64 5.2.1+dfsg1-3 [161 kB]
Get:197 https://mirrors.tuna.tsinghua.edu.cn/ubuntu bionic/universe amd64 libarmadillo8 amd64 1:8.400.0+dfsg-2 [81.9 kB]
Get:198 https://mirrors.tuna.tsinghua.edu.cn/ubuntu bionic-updates/main amd64 libcurl3-gnutls amd64 7.58.0-2ubuntu3.24 [219 kB]
Get:199 https://mirrors.tuna.tsinghua.edu.cn/ubuntu bionic/universe amd64 libdap25 amd64 3.19.1-2build1 [426 kB]
Get:200 https://mirrors.tuna.tsinghua.edu.cn/ubuntu bionic/universe amd64 libdapclient6v5 amd64 3.19.1-2build1 [88.9 kB]
Get:201 https://mirrors.tuna.tsinghua.edu.cn/ubuntu bionic/universe amd64 libepsilon1 amd64 0.9.2+dfsg-2 [41.2 kB]
Get:202 https://mirrors.tuna.tsinghua.edu.cn/ubuntu bionic/universe amd64 libfreexl1 amd64 1.0.5-1 [33.4 kB]
Get:203 https://mirrors.tuna.tsinghua.edu.cn/ubuntu bionic/universe amd64 libfyba0 amd64 4.1.1-3 [110 kB]
Get:204 https://mirrors.tuna.tsinghua.edu.cn/ubuntu bionic/universe amd64 libgeos-3.6.2 amd64 3.6.2-1build2 [476 kB]
Get:205 https://mirrors.tuna.tsinghua.edu.cn/ubuntu bionic/universe amd64 libgeos-c1v5 amd64 3.6.2-1build2 [54.9 kB]
Get:206 https://mirrors.tuna.tsinghua.edu.cn/ubuntu bionic/universe amd64 proj-data all 4.9.3-2 [4,020 kB]
Get:207 https://mirrors.tuna.tsinghua.edu.cn/ubuntu bionic/universe amd64 libproj12 amd64 4.9.3-2 [159 kB]
Get:208 https://mirrors.tuna.tsinghua.edu.cn/ubuntu bionic-updates/main amd64 libjbig0 amd64 2.1-3.1ubuntu0.18.04.1 [27.0 kB]
Get:209 https://mirrors.tuna.tsinghua.edu.cn/ubuntu bionic-updates/main amd64 libtiff5 amd64 4.0.9-5ubuntu0.10 [154 kB]
Get:210 https://mirrors.tuna.tsinghua.edu.cn/ubuntu bionic/universe amd64 libgeotiff2 amd64 1.4.2-2build1 [58.5 kB]
Get:211 https://mirrors.tuna.tsinghua.edu.cn/ubuntu bionic-updates/main amd64 libgif7 amd64 5.1.4-2ubuntu0.1 [30.9 kB]
Get:212 https://mirrors.tuna.tsinghua.edu.cn/ubuntu bionic/universe amd64 libhdf4-0-alt amd64 4.2.13-2 [267 kB]
Get:213 https://mirrors.tuna.tsinghua.edu.cn/ubuntu bionic/universe amd64 libaec0 amd64 0.3.2-2 [18.1 kB]
Get:214 https://mirrors.tuna.tsinghua.edu.cn/ubuntu bionic/universe amd64 libsz2 amd64 0.3.2-2 [5,114 B]
Get:215 https://mirrors.tuna.tsinghua.edu.cn/ubuntu bionic/universe amd64 libhdf5-100 amd64 1.10.0-patch1+docs-4 [1,256 kB]
Get:216 https://mirrors.tuna.tsinghua.edu.cn/ubuntu bionic/universe amd64 libminizip1 amd64 1.1-8build1 [20.2 kB]
Get:217 https://mirrors.tuna.tsinghua.edu.cn/ubuntu bionic-updates/universe amd64 liburiparser1 amd64 0.8.4-1+deb9u2ubuntu0.1 [39.5 kB]
Get:218 https://mirrors.tuna.tsinghua.edu.cn/ubuntu bionic/universe amd64 libkmlbase1 amd64 1.3.0-5 [44.9 kB]
Get:219 https://mirrors.tuna.tsinghua.edu.cn/ubuntu bionic/universe amd64 libkmldom1 amd64 1.3.0-5 [165 kB]
Get:220 https://mirrors.tuna.tsinghua.edu.cn/ubuntu bionic/universe amd64 libkmlengine1 amd64 1.3.0-5 [73.7 kB]
Get:221 https://mirrors.tuna.tsinghua.edu.cn/ubuntu bionic/universe amd64 libnetcdf13 amd64 1:4.6.0-2build1 [333 kB]
Get:222 https://mirrors.tuna.tsinghua.edu.cn/ubuntu bionic/main amd64 libodbc1 amd64 2.3.4-1.1ubuntu3 [183 kB]
Get:223 https://mirrors.tuna.tsinghua.edu.cn/ubuntu bionic/universe amd64 libogdi3.2 amd64 3.2.0+ds-2 [213 kB]
Get:224 https://mirrors.tuna.tsinghua.edu.cn/ubuntu bionic-updates/universe amd64 libopenjp2-7 amd64 2.3.0-2+deb10u2build0.18.04.1 [145 kB]
Get:225 https://mirrors.tuna.tsinghua.edu.cn/ubuntu bionic-updates/main amd64 libpoppler-glib8 amd64 0.62.0-2ubuntu2.14 [108 kB]
Get:226 https://mirrors.tuna.tsinghua.edu.cn/ubuntu bionic-updates/main amd64 poppler-utils amd64 0.62.0-2ubuntu2.14 [154 kB]
Get:227 https://mirrors.tuna.tsinghua.edu.cn/ubuntu bionic-updates/main amd64 libpoppler73 amd64 0.62.0-2ubuntu2.14 [800 kB]
Get:228 https://mirrors.tuna.tsinghua.edu.cn/ubuntu bionic-updates/main amd64 libpq5 amd64 10.23-0ubuntu0.18.04.2 [107 kB]
Get:229 https://mirrors.tuna.tsinghua.edu.cn/ubuntu bionic/universe amd64 libqhull7 amd64 2015.2-4 [152 kB]
Get:230 https://mirrors.tuna.tsinghua.edu.cn/ubuntu bionic/universe amd64 libspatialite7 amd64 4.3.0a-5build1 [1,224 kB]
Get:231 https://mirrors.tuna.tsinghua.edu.cn/ubuntu bionic/universe amd64 libxerces-c3.2 amd64 3.2.0+debian-2 [851 kB]
Get:232 https://mirrors.tuna.tsinghua.edu.cn/ubuntu bionic/main amd64 odbcinst amd64 2.3.4-1.1ubuntu3 [12.4 kB]
Get:233 https://mirrors.tuna.tsinghua.edu.cn/ubuntu bionic/main amd64 odbcinst1debian2 amd64 2.3.4-1.1ubuntu3 [40.4 kB]
Get:234 https://mirrors.tuna.tsinghua.edu.cn/ubuntu bionic/universe amd64 libgdal20 amd64 2.2.3+dfsg-2 [5,099 kB]
Get:235 https://mirrors.tuna.tsinghua.edu.cn/ubuntu bionic/universe amd64 libva2 amd64 2.1.0-3 [47.6 kB]
Get:236 https://mirrors.tuna.tsinghua.edu.cn/ubuntu bionic/universe amd64 libva-drm2 amd64 2.1.0-3 [6,880 B]
Get:237 https://mirrors.tuna.tsinghua.edu.cn/ubuntu bionic/universe amd64 libva-x11-2 amd64 2.1.0-3 [11.5 kB]
Get:238 https://mirrors.tuna.tsinghua.edu.cn/ubuntu bionic/main amd64 libvdpau1 amd64 1.1.1-3ubuntu1 [25.5 kB]
Get:239 https://mirrors.tuna.tsinghua.edu.cn/ubuntu bionic-updates/universe amd64 libavutil55 amd64 7:3.4.11-0ubuntu0.1 [191 kB]
Get:240 https://mirrors.tuna.tsinghua.edu.cn/ubuntu bionic/universe amd64 libcrystalhd3 amd64 1:0.0~git20110715.fdd2f19-12 [45.8 kB]
Get:241 https://mirrors.tuna.tsinghua.edu.cn/ubuntu bionic/universe amd64 libgsm1 amd64 1.0.13-4build1 [22.4 kB]
Get:242 https://mirrors.tuna.tsinghua.edu.cn/ubuntu bionic/universe amd64 libshine3 amd64 3.1.1-1 [22.9 kB]
Get:243 https://mirrors.tuna.tsinghua.edu.cn/ubuntu bionic/main amd64 libsnappy1v5 amd64 1.1.7-1 [16.0 kB]
Get:244 https://mirrors.tuna.tsinghua.edu.cn/ubuntu bionic/universe amd64 libsoxr0 amd64 0.1.2-3 [65.9 kB]
Get:245 https://mirrors.tuna.tsinghua.edu.cn/ubuntu bionic-updates/universe amd64 libswresample2 amd64 7:3.4.11-0ubuntu0.1 [55.2 kB]
Get:246 https://mirrors.tuna.tsinghua.edu.cn/ubuntu bionic-updates/main amd64 libwebpmux3 amd64 0.6.1-2ubuntu0.18.04.2 [19.6 kB]
Get:247 https://mirrors.tuna.tsinghua.edu.cn/ubuntu bionic/universe amd64 libx264-152 amd64 2:0.152.2854+gite9a5903-2 [609 kB]
Get:248 https://mirrors.tuna.tsinghua.edu.cn/ubuntu bionic/universe amd64 libx265-146 amd64 2.6-3 [1,026 kB]
Get:249 https://mirrors.tuna.tsinghua.edu.cn/ubuntu bionic/universe amd64 libxvidcore4 amd64 2:1.3.5-1 [200 kB]
Get:250 https://mirrors.tuna.tsinghua.edu.cn/ubuntu bionic/universe amd64 libzvbi-common all 0.2.35-13 [32.1 kB]
Get:251 https://mirrors.tuna.tsinghua.edu.cn/ubuntu bionic/universe amd64 libzvbi0 amd64 0.2.35-13 [235 kB]
Get:252 https://mirrors.tuna.tsinghua.edu.cn/ubuntu bionic-updates/universe amd64 libavcodec57 amd64 7:3.4.11-0ubuntu0.1 [4,600 kB]
Get:253 https://mirrors.tuna.tsinghua.edu.cn/ubuntu bionic/universe amd64 libass9 amd64 1:0.14.0-1 [88.2 kB]
Get:254 https://mirrors.tuna.tsinghua.edu.cn/ubuntu bionic/universe amd64 libbluray2 amd64 1:1.0.2-3 [141 kB]
Get:255 https://mirrors.tuna.tsinghua.edu.cn/ubuntu bionic/universe amd64 libchromaprint1 amd64 1.4.3-1 [36.8 kB]
Get:256 https://mirrors.tuna.tsinghua.edu.cn/ubuntu bionic/universe amd64 libgme0 amd64 0.6.2-1 [121 kB]
Get:257 https://mirrors.tuna.tsinghua.edu.cn/ubuntu bionic/universe amd64 libopenmpt0 amd64 0.3.6-1 [561 kB]
Get:258 https://mirrors.tuna.tsinghua.edu.cn/ubuntu bionic-updates/main amd64 libssh-gcrypt-4 amd64 0.8.0~20170825.94fa1e38-1ubuntu0.7 [172 kB]
Get:259 https://mirrors.tuna.tsinghua.edu.cn/ubuntu bionic-updates/universe amd64 libavformat57 amd64 7:3.4.11-0ubuntu0.1 [953 kB]
Get:260 https://mirrors.tuna.tsinghua.edu.cn/ubuntu bionic-updates/universe amd64 libavresample3 amd64 7:3.4.11-0ubuntu0.1 [52.6 kB]
Get:261 https://mirrors.tuna.tsinghua.edu.cn/ubuntu bionic/universe amd64 libbs2b0 amd64 3.1.0+dfsg-2.2 [10.5 kB]
Get:262 https://mirrors.tuna.tsinghua.edu.cn/ubuntu bionic/universe amd64 libflite1 amd64 2.1-release-1 [12.8 MB]
Get:263 https://mirrors.tuna.tsinghua.edu.cn/ubuntu bionic-updates/universe amd64 libmysofa0 amd64 0.6~dfsg0-3+deb10u1build1 [38.5 kB]
Get:264 https://mirrors.tuna.tsinghua.edu.cn/ubuntu bionic-updates/universe amd64 libpostproc54 amd64 7:3.4.11-0ubuntu0.1 [50.3 kB]
Get:265 https://mirrors.tuna.tsinghua.edu.cn/ubuntu bionic/universe amd64 librubberband2 amd64 1.8.1-7ubuntu2 [86.7 kB]
Get:266 https://mirrors.tuna.tsinghua.edu.cn/ubuntu bionic-updates/universe amd64 libswscale4 amd64 7:3.4.11-0ubuntu0.1 [150 kB]
Get:267 https://mirrors.tuna.tsinghua.edu.cn/ubuntu bionic/universe amd64 libnorm1 amd64 1.5r6+dfsg1-6 [224 kB]
Get:268 https://mirrors.tuna.tsinghua.edu.cn/ubuntu bionic/universe amd64 libpgm-5.2-0 amd64 5.2.122~dfsg-2 [157 kB]
Get:269 https://mirrors.tuna.tsinghua.edu.cn/ubuntu bionic-updates/universe amd64 libzmq5 amd64 4.2.5-1ubuntu0.2 [221 kB]
Get:270 https://mirrors.tuna.tsinghua.edu.cn/ubuntu bionic-updates/universe amd64 libavfilter6 amd64 7:3.4.11-0ubuntu0.1 [875 kB]
Get:271 https://mirrors.tuna.tsinghua.edu.cn/ubuntu bionic/universe amd64 libdc1394-22 amd64 2.2.5-1 [77.5 kB]
Get:272 https://mirrors.tuna.tsinghua.edu.cn/ubuntu bionic/universe amd64 libopenal-data all 1:1.18.2-2 [102 kB]
Get:273 https://mirrors.tuna.tsinghua.edu.cn/ubuntu bionic/universe amd64 libsndio6.1 amd64 1.1.0-3 [23.4 kB]
Get:274 https://mirrors.tuna.tsinghua.edu.cn/ubuntu bionic/universe amd64 libopenal1 amd64 1:1.18.2-2 [266 kB]
Get:275 https://mirrors.tuna.tsinghua.edu.cn/ubuntu bionic-updates/universe amd64 libsdl2-2.0-0 amd64 2.0.8+dfsg1-1ubuntu1.18.04.4 [382 kB]
Get:276 https://mirrors.tuna.tsinghua.edu.cn/ubuntu bionic-updates/universe amd64 libavdevice57 amd64 7:3.4.11-0ubuntu0.1 [75.1 kB]
Get:277 https://mirrors.tuna.tsinghua.edu.cn/ubuntu bionic/universe amd64 libbullet2.87 amd64 2.87+dfsg-2 [1,063 kB]
Get:278 https://mirrors.tuna.tsinghua.edu.cn/ubuntu bionic/universe amd64 libcdt5 amd64 2.40.1-2 [19.6 kB]
Get:279 https://mirrors.tuna.tsinghua.edu.cn/ubuntu bionic/universe amd64 libcgraph6 amd64 2.40.1-2 [40.8 kB]
Get:280 https://mirrors.tuna.tsinghua.edu.cn/ubuntu bionic/universe amd64 libjxr0 amd64 1.1-6build1 [158 kB]
Get:281 https://mirrors.tuna.tsinghua.edu.cn/ubuntu bionic-updates/main amd64 libopenexr22 amd64 2.2.0-11.1ubuntu1.9 [559 kB]
Get:282 https://mirrors.tuna.tsinghua.edu.cn/ubuntu bionic-updates/universe amd64 libfreeimage3 amd64 3.17.0+ds1-5+deb9u1build0.18.04.1 [260 kB]
Get:283 https://mirrors.tuna.tsinghua.edu.cn/ubuntu bionic/universe amd64 libgts-0.7-5 amd64 0.7.6+darcs121130-4 [150 kB]
Get:284 https://mirrors.tuna.tsinghua.edu.cn/ubuntu bionic/universe amd64 libpathplan4 amd64 2.40.1-2 [22.6 kB]
Get:285 https://mirrors.tuna.tsinghua.edu.cn/ubuntu bionic/universe amd64 libgvc6 amd64 2.40.1-2 [601 kB]
Get:286 https://mirrors.tuna.tsinghua.edu.cn/ubuntu bionic/universe amd64 libignition-math4 amd64 4.0.0+dfsg1-4 [62.1 kB]
Get:287 https://mirrors.tuna.tsinghua.edu.cn/ubuntu bionic/universe amd64 libtinyxml2-6 amd64 6.0.0+dfsg-1 [27.9 kB]
Get:288 https://mirrors.tuna.tsinghua.edu.cn/ubuntu bionic/universe amd64 libignition-common amd64 1.0.1-1 [255 kB]
Get:289 https://mirrors.tuna.tsinghua.edu.cn/ubuntu bionic/universe amd64 libzip4 amd64 1.1.2-1.1 [37.8 kB]
Get:290 https://mirrors.tuna.tsinghua.edu.cn/ubuntu bionic/universe amd64 libignition-fuel-tools1-1 amd64 1.0.0+dfsg4-4 [91.2 kB]
Get:291 https://mirrors.tuna.tsinghua.edu.cn/ubuntu bionic-updates/main amd64 libprotobuf10 amd64 3.0.0-9.1ubuntu1.1 [652 kB]
Get:292 https://mirrors.tuna.tsinghua.edu.cn/ubuntu bionic/universe amd64 libignition-msgs amd64 1.0.0+dfsg1-5 [456 kB]
Get:293 https://mirrors.tuna.tsinghua.edu.cn/ubuntu bionic/universe amd64 libignition-transport4 amd64 4.0.0+dfsg-4 [130 kB]
Get:294 https://mirrors.tuna.tsinghua.edu.cn/ubuntu bionic-updates/main amd64 libzzip-0-13 amd64 0.13.62-3.1ubuntu0.18.04.1 [26.0 kB]
Get:295 https://mirrors.tuna.tsinghua.edu.cn/ubuntu bionic/universe amd64 libogre-1.9.0v5 amd64 1.9.0+dfsg1-10 [2,748 kB]
Get:296 https://mirrors.tuna.tsinghua.edu.cn/ubuntu bionic/universe amd64 libqtpropertybrowser4 amd64 4.0.4-2ubuntu4 [221 kB]
Get:297 https://mirrors.tuna.tsinghua.edu.cn/ubuntu bionic-updates/main amd64 libqt5opengl5 amd64 5.9.5+dfsg-0ubuntu2.6 [132 kB]
Get:298 https://mirrors.tuna.tsinghua.edu.cn/ubuntu bionic/universe amd64 libqwt-qt5-6 amd64 6.1.3-1 [418 kB]
Get:299 https://mirrors.tuna.tsinghua.edu.cn/ubuntu bionic/universe amd64 sdformat-sdf all 6.0.0+dfsg-4 [37.8 kB]
Get:300 https://mirrors.tuna.tsinghua.edu.cn/ubuntu bionic/universe amd64 libconsole-bridge0.4 amd64 0.4.0+dfsg-2 [8,168 B]
Get:301 https://mirrors.tuna.tsinghua.edu.cn/ubuntu bionic-updates/universe amd64 liburdfdom-model amd64 1.0.0-2ubuntu0.1 [46.8 kB]
Get:302 https://mirrors.tuna.tsinghua.edu.cn/ubuntu bionic/universe amd64 libsdformat6 amd64 6.0.0+dfsg-4 [177 kB]
Get:303 https://mirrors.tuna.tsinghua.edu.cn/ubuntu bionic/universe amd64 libsimbody3.5v5 amd64 3.5.4+dfsg-1ubuntu2 [3,022 kB]
Get:304 https://mirrors.tuna.tsinghua.edu.cn/ubuntu bionic/universe amd64 libspnav0 amd64 0.2.3-1 [8,552 B]
Get:305 https://mirrors.tuna.tsinghua.edu.cn/ubuntu bionic/universe amd64 libtar0 amd64 1.2.20-7 [18.2 kB]
Get:306 https://mirrors.tuna.tsinghua.edu.cn/ubuntu bionic/universe amd64 libtbb2 amd64 2017~U7-8 [110 kB]
Get:307 https://mirrors.tuna.tsinghua.edu.cn/ros/ubuntu bionic/main amd64 libgazebo9 amd64 9.0.0+dfsg5-3ubuntu1+ppa2 [8,242 kB]
Get:308 https://mirrors.tuna.tsinghua.edu.cn/ubuntu bionic/main amd64 rubygems-integration all 1.11 [4,994 B]
Get:309 https://mirrors.tuna.tsinghua.edu.cn/ubuntu bionic-updates/main amd64 rake all 12.3.1-1ubuntu0.1 [44.9 kB]
Get:310 https://mirrors.tuna.tsinghua.edu.cn/ubuntu bionic/main amd64 ruby-did-you-mean all 1.2.0-2 [9,700 B]
Get:311 https://mirrors.tuna.tsinghua.edu.cn/ubuntu bionic/main amd64 ruby-minitest all 5.10.3-1 [38.6 kB]
Get:312 https://mirrors.tuna.tsinghua.edu.cn/ubuntu bionic/main amd64 ruby-net-telnet all 0.1.1-2 [12.6 kB]
Get:313 https://mirrors.tuna.tsinghua.edu.cn/ubuntu bionic/main amd64 ruby-power-assert all 0.3.0-1 [7,952 B]
Get:314 https://mirrors.tuna.tsinghua.edu.cn/ubuntu bionic/main amd64 ruby-test-unit all 3.2.5-1 [61.1 kB]
Get:315 https://mirrors.tuna.tsinghua.edu.cn/ubuntu bionic-updates/main amd64 libruby2.5 amd64 2.5.1-1ubuntu1.16 [3,072 kB]
Get:316 https://mirrors.tuna.tsinghua.edu.cn/ubuntu bionic-updates/main amd64 ruby2.5 amd64 2.5.1-1ubuntu1.16 [48.6 kB]
Get:317 https://mirrors.tuna.tsinghua.edu.cn/ubuntu bionic/main amd64 ruby amd64 1:2.5.1 [5,712 B]
Get:318 https://mirrors.tuna.tsinghua.edu.cn/ros/ubuntu bionic/main amd64 gazebo9-common all 9.0.0+dfsg5-3ubuntu1+ppa2 [40.0 MB]
Get:319 https://mirrors.tuna.tsinghua.edu.cn/ros/ubuntu bionic/main amd64 gazebo9 amd64 9.0.0+dfsg5-3ubuntu1+ppa2 [4,383 kB]
Get:320 https://mirrors.tuna.tsinghua.edu.cn/ros/ubuntu bionic/main amd64 gazebo9-plugin-base amd64 9.0.0+dfsg5-3ubuntu1+ppa2 [967 kB]
Get:321 https://mirrors.tuna.tsinghua.edu.cn/ubuntu bionic/main amd64 gir1.2-gtk-2.0 amd64 2.24.32-1ubuntu1 [172 kB]
Get:322 https://mirrors.tuna.tsinghua.edu.cn/ubuntu bionic/main amd64 gir1.2-harfbuzz-0.0 amd64 1.7.2-1ubuntu1 [18.6 kB]
Get:323 https://mirrors.tuna.tsinghua.edu.cn/ubuntu bionic/main amd64 liberror-perl all 0.17025-1 [22.8 kB]
Get:324 https://mirrors.tuna.tsinghua.edu.cn/ubuntu bionic-updates/main amd64 git-man all 1:2.17.1-1ubuntu0.18 [804 kB]
Get:324 https://mirrors.tuna.tsinghua.edu.cn/ubuntu bionic-updates/main amd64 git-man all 1:2.17.1-1ubuntu0.18 [804 kB]
Get:325 https://mirrors.tuna.tsinghua.edu.cn/ubuntu bionic-updates/main amd64 git amd64 1:2.17.1-1ubuntu0.18 [3,990 kB]
Get:326 https://mirrors.tuna.tsinghua.edu.cn/ubuntu bionic/universe amd64 googletest amd64 1.8.0-6 [652 kB]
Get:327 https://mirrors.tuna.tsinghua.edu.cn/ubuntu bionic/universe amd64 google-mock amd64 1.8.0-6 [2,972 B]
Get:328 https://mirrors.tuna.tsinghua.edu.cn/ubuntu bionic/universe amd64 libann0 amd64 1.1.2+doc-6 [24.8 kB]
Get:329 https://mirrors.tuna.tsinghua.edu.cn/ubuntu bionic/universe amd64 libgvpr2 amd64 2.40.1-2 [169 kB]
Get:330 https://mirrors.tuna.tsinghua.edu.cn/ubuntu bionic/universe amd64 liblab-gamut1 amd64 2.40.1-2 [178 kB]
Get:331 https://mirrors.tuna.tsinghua.edu.cn/ubuntu bionic/universe amd64 graphviz amd64 2.40.1-2 [601 kB]
Get:332 https://mirrors.tuna.tsinghua.edu.cn/ubuntu bionic/universe amd64 hdf5-helpers amd64 1.10.0-patch1+docs-4 [12.3 kB]
Get:333 https://mirrors.tuna.tsinghua.edu.cn/ubuntu bionic/main amd64 libnl-route-3-200 amd64 3.2.29-0ubuntu3 [146 kB]
Get:334 https://mirrors.tuna.tsinghua.edu.cn/ubuntu bionic-updates/main amd64 libibverbs1 amd64 17.1-1ubuntu0.2 [44.4 kB]
Get:335 https://mirrors.tuna.tsinghua.edu.cn/ubuntu bionic-updates/main amd64 ibverbs-providers amd64 17.1-1ubuntu0.2 [160 kB]
Get:336 https://mirrors.tuna.tsinghua.edu.cn/ubuntu bionic-updates/main amd64 icu-devtools amd64 60.2-3ubuntu3.2 [179 kB]
Get:337 https://mirrors.tuna.tsinghua.edu.cn/ubuntu bionic/main amd64 javascript-common all 11 [6,066 B]
Get:338 https://mirrors.tuna.tsinghua.edu.cn/ubuntu bionic/universe amd64 libaacs0 amd64 0.9.0-1 [51.4 kB]
Get:339 https://mirrors.tuna.tsinghua.edu.cn/ubuntu bionic/main amd64 libalgorithm-diff-perl all 1.19.03-1 [47.6 kB]
Get:340 https://mirrors.tuna.tsinghua.edu.cn/ubuntu bionic/main amd64 libalgorithm-diff-xs-perl amd64 0.04-5 [11.1 kB]
Get:341 https://mirrors.tuna.tsinghua.edu.cn/ubuntu bionic/main amd64 libalgorithm-merge-perl all 0.08-3 [12.0 kB]
Get:342 https://mirrors.tuna.tsinghua.edu.cn/ubuntu bionic/main amd64 libapr1 amd64 1.6.3-2 [90.9 kB]
Get:343 https://mirrors.tuna.tsinghua.edu.cn/ubuntu bionic-updates/main amd64 uuid-dev amd64 2.31.1-0.4ubuntu3.7 [33.2 kB]
Get:344 https://mirrors.tuna.tsinghua.edu.cn/ubuntu bionic/main amd64 libsctp1 amd64 1.0.17+dfsg-2 [8,008 B]
Get:345 https://mirrors.tuna.tsinghua.edu.cn/ubuntu bionic/main amd64 libsctp-dev amd64 1.0.17+dfsg-2 [61.9 kB]
Get:346 https://mirrors.tuna.tsinghua.edu.cn/ubuntu bionic/main amd64 libapr1-dev amd64 1.6.3-2 [690 kB]
Get:347 https://mirrors.tuna.tsinghua.edu.cn/ubuntu bionic-updates/main amd64 libaprutil1 amd64 1.6.1-2ubuntu0.1 [84.6 kB]
Get:348 https://mirrors.tuna.tsinghua.edu.cn/ubuntu bionic-updates/main amd64 libldap2-dev amd64 2.4.45+dfsg-1ubuntu1.11 [261 kB]
Get:349 https://mirrors.tuna.tsinghua.edu.cn/ubuntu bionic-updates/main amd64 libexpat1-dev amd64 2.2.5-3ubuntu0.9 [124 kB]
Get:350 https://mirrors.tuna.tsinghua.edu.cn/ubuntu bionic-updates/main amd64 libaprutil1-dev amd64 1.6.1-2ubuntu0.1 [391 kB]
Get:351 https://mirrors.tuna.tsinghua.edu.cn/ubuntu bionic/main amd64 libarchive-cpio-perl all 0.10-1 [9,644 B]
Get:352 https://mirrors.tuna.tsinghua.edu.cn/ubuntu bionic/main amd64 libblas-dev amd64 3.7.1-4ubuntu1 [143 kB]
Get:353 https://mirrors.tuna.tsinghua.edu.cn/ubuntu bionic/main amd64 liblapack-dev amd64 3.7.1-4ubuntu1 [2,140 kB]
Get:354 https://mirrors.tuna.tsinghua.edu.cn/ubuntu bionic/universe amd64 libarpack2-dev amd64 3.5.0+real-2 [97.3 kB]
Get:355 https://mirrors.tuna.tsinghua.edu.cn/ubuntu bionic-updates/main amd64 libjpeg-turbo8-dev amd64 1.5.2-0ubuntu5.18.04.6 [225 kB]
Get:356 https://mirrors.tuna.tsinghua.edu.cn/ubuntu bionic/main amd64 libjpeg8-dev amd64 8c-2ubuntu8 [1,552 B]
Get:357 https://mirrors.tuna.tsinghua.edu.cn/ubuntu bionic/main amd64 libjpeg-dev amd64 8c-2ubuntu8 [1,546 B]
Get:358 https://mirrors.tuna.tsinghua.edu.cn/ubuntu bionic/universe amd64 libaec-dev amd64 0.3.2-2 [16.4 kB]
Get:359 https://mirrors.tuna.tsinghua.edu.cn/ubuntu bionic/universe amd64 libhdf5-cpp-100 amd64 1.10.0-patch1+docs-4 [104 kB]
Get:360 https://mirrors.tuna.tsinghua.edu.cn/ubuntu bionic/universe amd64 libhdf5-dev amd64 1.10.0-patch1+docs-4 [2,461 kB]
Get:361 https://mirrors.tuna.tsinghua.edu.cn/ubuntu bionic/universe amd64 libsuperlu-dev amd64 5.2.1+dfsg1-3 [16.3 kB]
Get:362 https://mirrors.tuna.tsinghua.edu.cn/ubuntu bionic/universe amd64 libarmadillo-dev amd64 1:8.400.0+dfsg-2 [340 kB]
Get:363 https://mirrors.tuna.tsinghua.edu.cn/ubuntu bionic/main amd64 libassuan-dev amd64 2.5.1-2 [92.1 kB]
Get:364 https://mirrors.tuna.tsinghua.edu.cn/ubuntu bionic/main amd64 pkg-config amd64 0.29.1-0ubuntu2 [45.0 kB]
Get:365 https://mirrors.tuna.tsinghua.edu.cn/ubuntu bionic-updates/main amd64 libglib2.0-dev-bin amd64 2.56.4-0ubuntu0.18.04.9 [102 kB]
Get:366 https://mirrors.tuna.tsinghua.edu.cn/ubuntu bionic-updates/main amd64 libpcre16-3 amd64 2:8.39-9ubuntu0.1 [147 kB]
Get:367 https://mirrors.tuna.tsinghua.edu.cn/ubuntu bionic-updates/main amd64 libpcre32-3 amd64 2:8.39-9ubuntu0.1 [138 kB]
Get:368 https://mirrors.tuna.tsinghua.edu.cn/ubuntu bionic-updates/main amd64 libpcrecpp0v5 amd64 2:8.39-9ubuntu0.1 [15.3 kB]
Get:369 https://mirrors.tuna.tsinghua.edu.cn/ubuntu bionic-updates/main amd64 libpcre3-dev amd64 2:8.39-9ubuntu0.1 [536 kB]
Get:370 https://mirrors.tuna.tsinghua.edu.cn/ubuntu bionic-updates/main amd64 libglib2.0-dev amd64 2.56.4-0ubuntu0.18.04.9 [1,385 kB]
Get:371 https://mirrors.tuna.tsinghua.edu.cn/ubuntu bionic/main amd64 libatk1.0-dev amd64 2.28.1-1 [79.9 kB]
Get:372 https://mirrors.tuna.tsinghua.edu.cn/ubuntu bionic-updates/universe amd64 libavutil-dev amd64 7:3.4.11-0ubuntu0.1 [295 kB]
Get:373 https://mirrors.tuna.tsinghua.edu.cn/ubuntu bionic-updates/universe amd64 libswresample-dev amd64 7:3.4.11-0ubuntu0.1 [68.7 kB]
Get:374 https://mirrors.tuna.tsinghua.edu.cn/ubuntu bionic-updates/universe amd64 libavcodec-dev amd64 7:3.4.11-0ubuntu0.1 [5,084 kB]
Get:375 https://mirrors.tuna.tsinghua.edu.cn/ubuntu bionic-updates/universe amd64 libavformat-dev amd64 7:3.4.11-0ubuntu0.1 [1,133 kB]
Get:376 https://mirrors.tuna.tsinghua.edu.cn/ubuntu bionic-updates/universe amd64 libavresample-dev amd64 7:3.4.11-0ubuntu0.1 [62.1 kB]
Get:377 https://mirrors.tuna.tsinghua.edu.cn/ubuntu bionic-updates/universe amd64 libpostproc-dev amd64 7:3.4.11-0ubuntu0.1 [51.0 kB]
Get:378 https://mirrors.tuna.tsinghua.edu.cn/ubuntu bionic-updates/universe amd64 libswscale-dev amd64 7:3.4.11-0ubuntu0.1 [167 kB]
Get:379 https://mirrors.tuna.tsinghua.edu.cn/ubuntu bionic-updates/universe amd64 libavfilter-dev amd64 7:3.4.11-0ubuntu0.1 [1,016 kB]
Get:380 https://mirrors.tuna.tsinghua.edu.cn/ubuntu bionic-updates/universe amd64 libavdevice-dev amd64 7:3.4.11-0ubuntu0.1 [87.2 kB]
Get:381 https://mirrors.tuna.tsinghua.edu.cn/ubuntu bionic/universe amd64 libbdplus0 amd64 0.1.2-2 [46.6 kB]
Get:382 https://mirrors.tuna.tsinghua.edu.cn/ubuntu bionic/main amd64 libboost1.65-dev amd64 1.65.1+dfsg-0ubuntu5 [7,218 kB]
Get:383 https://mirrors.tuna.tsinghua.edu.cn/ubuntu bionic/main amd64 libboost-dev amd64 1.65.1.0ubuntu1 [3,128 B]
Get:384 https://mirrors.tuna.tsinghua.edu.cn/ubuntu bionic/main amd64 libboost1.65-tools-dev amd64 1.65.1+dfsg-0ubuntu5 [1,222 kB]
Get:385 https://mirrors.tuna.tsinghua.edu.cn/ubuntu bionic/universe amd64 libboost-tools-dev amd64 1.65.1.0ubuntu1 [3,096 B]
Get:386 https://mirrors.tuna.tsinghua.edu.cn/ubuntu bionic/main amd64 libboost-atomic1.65.1 amd64 1.65.1+dfsg-0ubuntu5 [7,268 B]
Get:387 https://mirrors.tuna.tsinghua.edu.cn/ubuntu bionic/main amd64 libboost-atomic1.65-dev amd64 1.65.1+dfsg-0ubuntu5 [5,160 B]
Get:388 https://mirrors.tuna.tsinghua.edu.cn/ubuntu bionic/universe amd64 libboost-atomic-dev amd64 1.65.1.0ubuntu1 [3,224 B]
Get:389 https://mirrors.tuna.tsinghua.edu.cn/ubuntu bionic/main amd64 libboost-chrono1.65.1 amd64 1.65.1+dfsg-0ubuntu5 [10.2 kB]
Get:390 https://mirrors.tuna.tsinghua.edu.cn/ubuntu bionic/main amd64 libboost-chrono1.65-dev amd64 1.65.1+dfsg-0ubuntu5 [9,804 B]
Get:391 https://mirrors.tuna.tsinghua.edu.cn/ubuntu bionic/universe amd64 libboost-chrono-dev amd64 1.65.1.0ubuntu1 [3,544 B]
Get:392 https://mirrors.tuna.tsinghua.edu.cn/ubuntu bionic/universe amd64 libboost-container1.65.1 amd64 1.65.1+dfsg-0ubuntu5 [43.4 kB]
Get:393 https://mirrors.tuna.tsinghua.edu.cn/ubuntu bionic/universe amd64 libboost-container1.65-dev amd64 1.65.1+dfsg-0ubuntu5 [41.7 kB]
Get:394 https://mirrors.tuna.tsinghua.edu.cn/ubuntu bionic/universe amd64 libboost-container-dev amd64 1.65.1.0ubuntu1 [3,400 B]
Get:395 https://mirrors.tuna.tsinghua.edu.cn/ubuntu bionic/universe amd64 libboost-context1.65.1 amd64 1.65.1+dfsg-0ubuntu5 [8,336 B]
Get:396 https://mirrors.tuna.tsinghua.edu.cn/ubuntu bionic/universe amd64 libboost-context1.65-dev amd64 1.65.1+dfsg-0ubuntu5 [6,364 B]
Get:397 https://mirrors.tuna.tsinghua.edu.cn/ubuntu bionic/universe amd64 libboost-context-dev amd64 1.65.1.0ubuntu1 [3,120 B]
Get:398 https://mirrors.tuna.tsinghua.edu.cn/ubuntu bionic/universe amd64 libboost-coroutine1.65.1 amd64 1.65.1+dfsg-0ubuntu5 [22.6 kB]
Get:399 https://mirrors.tuna.tsinghua.edu.cn/ubuntu bionic/universe amd64 libboost-coroutine1.65-dev amd64 1.65.1+dfsg-0ubuntu5 [24.2 kB]
Get:400 https://mirrors.tuna.tsinghua.edu.cn/ubuntu bionic/universe amd64 libboost-coroutine-dev amd64 1.65.1.0ubuntu1 [3,196 B]
Get:401 https://mirrors.tuna.tsinghua.edu.cn/ubuntu bionic/main amd64 libboost-serialization1.65.1 amd64 1.65.1+dfsg-0ubuntu5 [99.3 kB]
Get:402 https://mirrors.tuna.tsinghua.edu.cn/ubuntu bionic/main amd64 libboost-serialization1.65-dev amd64 1.65.1+dfsg-0ubuntu5 [137 kB]
Get:403 https://mirrors.tuna.tsinghua.edu.cn/ubuntu bionic/main amd64 libboost-date-time1.65-dev amd64 1.65.1+dfsg-0ubuntu5 [26.7 kB]
Get:404 https://mirrors.tuna.tsinghua.edu.cn/ubuntu bionic/universe amd64 libboost-date-time-dev amd64 1.65.1.0ubuntu1 [2,924 B]
Get:405 https://mirrors.tuna.tsinghua.edu.cn/ubuntu bionic/universe amd64 libboost-exception1.65-dev amd64 1.65.1+dfsg-0ubuntu5 [4,580 B]
Get:406 https://mirrors.tuna.tsinghua.edu.cn/ubuntu bionic/universe amd64 libboost-exception-dev amd64 1.65.1.0ubuntu1 [2,916 B]
Get:407 https://mirrors.tuna.tsinghua.edu.cn/ubuntu bionic/universe amd64 libboost-fiber1.65.1 amd64 1.65.1+dfsg-0ubuntu5 [108 kB]
Get:408 https://mirrors.tuna.tsinghua.edu.cn/ubuntu bionic/universe amd64 libboost-fiber1.65-dev amd64 1.65.1+dfsg-0ubuntu5 [121 kB]
Get:409 https://mirrors.tuna.tsinghua.edu.cn/ubuntu bionic/universe amd64 libboost-fiber-dev amd64 1.65.1.0ubuntu1 [3,348 B]
Get:410 https://mirrors.tuna.tsinghua.edu.cn/ubuntu bionic/main amd64 libboost-system1.65-dev amd64 1.65.1+dfsg-0ubuntu5 [11.8 kB]
Get:411 https://mirrors.tuna.tsinghua.edu.cn/ubuntu bionic/main amd64 libboost-filesystem1.65-dev amd64 1.65.1+dfsg-0ubuntu5 [52.1 kB]
Get:412 https://mirrors.tuna.tsinghua.edu.cn/ubuntu bionic/main amd64 libboost-filesystem-dev amd64 1.65.1.0ubuntu1 [2,960 B]
Get:413 https://mirrors.tuna.tsinghua.edu.cn/ubuntu bionic/universe amd64 libboost-graph1.65.1 amd64 1.65.1+dfsg-0ubuntu5 [93.4 kB]
Get:414 https://mirrors.tuna.tsinghua.edu.cn/ubuntu bionic/universe amd64 libboost-test1.65.1 amd64 1.65.1+dfsg-0ubuntu5 [240 kB]
Get:415 https://mirrors.tuna.tsinghua.edu.cn/ubuntu bionic/universe amd64 libboost-test1.65-dev amd64 1.65.1+dfsg-0ubuntu5 [289 kB]
Get:416 https://mirrors.tuna.tsinghua.edu.cn/ubuntu bionic/universe amd64 libboost-graph1.65-dev amd64 1.65.1+dfsg-0ubuntu5 [102 kB]
Get:417 https://mirrors.tuna.tsinghua.edu.cn/ubuntu bionic/universe amd64 libboost-graph-dev amd64 1.65.1.0ubuntu1 [3,024 B]
Get:418 https://mirrors.tuna.tsinghua.edu.cn/ubuntu bionic/universe amd64 libpsm-infinipath1 amd64 3.3+20.604758e7-5 [174 kB]
Get:419 https://mirrors.tuna.tsinghua.edu.cn/ubuntu bionic-updates/main amd64 librdmacm1 amd64 17.1-1ubuntu0.2 [56.1 kB]
Get:420 https://mirrors.tuna.tsinghua.edu.cn/ubuntu bionic/universe amd64 libfabric1 amd64 1.5.3-1 [302 kB]
Get:421 https://mirrors.tuna.tsinghua.edu.cn/ubuntu bionic/universe amd64 libhwloc5 amd64 1.11.9-1 [105 kB]
Get:422 https://mirrors.tuna.tsinghua.edu.cn/ubuntu bionic/main amd64 ocl-icd-libopencl1 amd64 2.2.11-1ubuntu1 [30.3 kB]
Get:423 https://mirrors.tuna.tsinghua.edu.cn/ubuntu bionic/universe amd64 libhwloc-plugins amd64 1.11.9-1 [12.5 kB]
Get:424 https://mirrors.tuna.tsinghua.edu.cn/ubuntu bionic/universe amd64 libopenmpi2 amd64 2.1.1-8 [2,056 kB]
Get:425 https://mirrors.tuna.tsinghua.edu.cn/ubuntu bionic/universe amd64 libboost-mpi1.65.1 amd64 1.65.1+dfsg-0ubuntu5 [47.0 kB]
Get:426 https://mirrors.tuna.tsinghua.edu.cn/ubuntu bionic/universe amd64 libboost-graph-parallel1.65.1 amd64 1.65.1+dfsg-0ubuntu5 [62.3 kB]
Get:427 https://mirrors.tuna.tsinghua.edu.cn/ubuntu bionic/universe amd64 libboost-graph-parallel1.65-dev amd64 1.65.1+dfsg-0ubuntu5 [64.5 kB]
Get:428 https://mirrors.tuna.tsinghua.edu.cn/ubuntu bionic/universe amd64 libboost-graph-parallel-dev amd64 1.65.1.0ubuntu1 [3,056 B]
Get:429 https://mirrors.tuna.tsinghua.edu.cn/ubuntu bionic/main amd64 libicu-le-hb0 amd64 1.0.3+git161113-4 [14.3 kB]
Get:430 https://mirrors.tuna.tsinghua.edu.cn/ubuntu bionic-updates/main amd64 libiculx60 amd64 60.2-3ubuntu3.2 [19.0 kB]
Get:431 https://mirrors.tuna.tsinghua.edu.cn/ubuntu bionic/main amd64 libharfbuzz-gobject0 amd64 1.7.2-1ubuntu1 [13.4 kB]
Get:432 https://mirrors.tuna.tsinghua.edu.cn/ubuntu bionic/main amd64 libgraphite2-dev amd64 1.3.11-2 [14.5 kB]
Get:433 https://mirrors.tuna.tsinghua.edu.cn/ubuntu bionic/main amd64 libharfbuzz-dev amd64 1.7.2-1ubuntu1 [302 kB]
Get:434 https://mirrors.tuna.tsinghua.edu.cn/ubuntu bionic/main amd64 libicu-le-hb-dev amd64 1.0.3+git161113-4 [29.5 kB]
Get:435 https://mirrors.tuna.tsinghua.edu.cn/ubuntu bionic-updates/main amd64 libicu-dev amd64 60.2-3ubuntu3.2 [8,894 kB]
Get:436 https://mirrors.tuna.tsinghua.edu.cn/ubuntu bionic/universe amd64 libboost-regex1.65-dev amd64 1.65.1+dfsg-0ubuntu5 [312 kB]
Get:437 https://mirrors.tuna.tsinghua.edu.cn/ubuntu bionic/universe amd64 libboost-iostreams1.65-dev amd64 1.65.1+dfsg-0ubuntu5 [37.0 kB]
Get:438 https://mirrors.tuna.tsinghua.edu.cn/ubuntu bionic/universe amd64 libboost-iostreams-dev amd64 1.65.1.0ubuntu1 [2,916 B]
Get:439 https://mirrors.tuna.tsinghua.edu.cn/ubuntu bionic/universe amd64 libboost-locale1.65-dev amd64 1.65.1+dfsg-0ubuntu5 [329 kB]
Get:440 https://mirrors.tuna.tsinghua.edu.cn/ubuntu bionic/universe amd64 libboost-locale-dev amd64 1.65.1.0ubuntu1 [3,248 B]
Get:441 https://mirrors.tuna.tsinghua.edu.cn/ubuntu bionic/universe amd64 libboost-log1.65.1 amd64 1.65.1+dfsg-0ubuntu5 [384 kB]
Get:442 https://mirrors.tuna.tsinghua.edu.cn/ubuntu bionic/main amd64 libboost-thread1.65-dev amd64 1.65.1+dfsg-0ubuntu5 [49.0 kB]
Get:443 https://mirrors.tuna.tsinghua.edu.cn/ubuntu bionic/universe amd64 libboost-log1.65-dev amd64 1.65.1+dfsg-0ubuntu5 [553 kB]
Get:444 https://mirrors.tuna.tsinghua.edu.cn/ubuntu bionic/universe amd64 libboost-log-dev amd64 1.65.1.0ubuntu1 [3,124 B]
Get:445 https://mirrors.tuna.tsinghua.edu.cn/ubuntu bionic/universe amd64 libboost-math1.65.1 amd64 1.65.1+dfsg-0ubuntu5 [311 kB]
Get:446 https://mirrors.tuna.tsinghua.edu.cn/ubuntu bionic/universe amd64 libboost-math1.65-dev amd64 1.65.1+dfsg-0ubuntu5 [560 kB]
Get:447 https://mirrors.tuna.tsinghua.edu.cn/ubuntu bionic/universe amd64 libboost-math-dev amd64 1.65.1.0ubuntu1 [3,112 B]
Get:448 https://mirrors.tuna.tsinghua.edu.cn/ubuntu bionic/universe amd64 openmpi-common all 2.1.1-8 [140 kB]
Get:449 https://mirrors.tuna.tsinghua.edu.cn/ubuntu bionic-updates/main amd64 libibverbs-dev amd64 17.1-1ubuntu0.2 [103 kB]
Get:450 https://mirrors.tuna.tsinghua.edu.cn/ubuntu bionic-updates/main amd64 libnuma-dev amd64 2.0.11-2.1ubuntu0.1 [32.3 kB]
Get:451 https://mirrors.tuna.tsinghua.edu.cn/ubuntu bionic/main amd64 libltdl-dev amd64 2.4.6-2 [162 kB]
Get:452 https://mirrors.tuna.tsinghua.edu.cn/ubuntu bionic/universe amd64 libhwloc-dev amd64 1.11.9-1 [167 kB]
Get:453 https://mirrors.tuna.tsinghua.edu.cn/ubuntu bionic/universe amd64 libopenmpi-dev amd64 2.1.1-8 [925 kB]
Get:454 https://mirrors.tuna.tsinghua.edu.cn/ubuntu bionic/universe amd64 mpi-default-dev amd64 1.10 [3,888 B]
Get:455 https://mirrors.tuna.tsinghua.edu.cn/ubuntu bionic/universe amd64 libboost-mpi1.65-dev amd64 1.65.1+dfsg-0ubuntu5 [137 kB]
Get:456 https://mirrors.tuna.tsinghua.edu.cn/ubuntu bionic/universe amd64 libboost-mpi-dev amd64 1.65.1.0ubuntu1 [3,004 B]
Get:457 https://mirrors.tuna.tsinghua.edu.cn/ubuntu bionic/universe amd64 libboost-python1.65.1 amd64 1.65.1+dfsg-0ubuntu5 [101 kB]
Get:458 https://mirrors.tuna.tsinghua.edu.cn/ubuntu bionic/universe amd64 openmpi-bin amd64 2.1.1-8 [88.2 kB]
Get:459 https://mirrors.tuna.tsinghua.edu.cn/ubuntu bionic/universe amd64 mpi-default-bin amd64 1.10 [3,108 B]
Get:460 https://mirrors.tuna.tsinghua.edu.cn/ubuntu bionic/universe amd64 libboost-mpi-python1.65.1 amd64 1.65.1+dfsg-0ubuntu5 [214 kB]
Get:461 https://mirrors.tuna.tsinghua.edu.cn/ubuntu bionic/universe amd64 libboost-mpi-python1.65-dev amd64 1.65.1+dfsg-0ubuntu5 [24.7 kB]
Get:462 https://mirrors.tuna.tsinghua.edu.cn/ubuntu bionic/universe amd64 libboost-mpi-python-dev amd64 1.65.1.0ubuntu1 [3,040 B]
Get:463 https://mirrors.tuna.tsinghua.edu.cn/ubuntu bionic/universe amd64 libboost-numpy1.65.1 amd64 1.65.1+dfsg-0ubuntu5 [17.4 kB]
Get:464 https://mirrors.tuna.tsinghua.edu.cn/ubuntu bionic/universe amd64 libboost-numpy1.65-dev amd64 1.65.1+dfsg-0ubuntu5 [17.4 kB]
Get:465 https://mirrors.tuna.tsinghua.edu.cn/ubuntu bionic/universe amd64 libboost-numpy-dev amd64 1.65.1.0ubuntu1 [2,960 B]
Get:466 https://mirrors.tuna.tsinghua.edu.cn/ubuntu bionic/main amd64 libboost-program-options1.65-dev amd64 1.65.1+dfsg-0ubuntu5 [163 kB]
Get:467 https://mirrors.tuna.tsinghua.edu.cn/ubuntu bionic/main amd64 libboost-program-options-dev amd64 1.65.1.0ubuntu1 [2,940 B]
Get:468 https://mirrors.tuna.tsinghua.edu.cn/ubuntu bionic-updates/main amd64 libpython2.7-dev amd64 2.7.17-1~18.04ubuntu1.11 [28.3 MB]
Get:469 https://mirrors.tuna.tsinghua.edu.cn/ubuntu bionic/main amd64 libpython-dev amd64 2.7.15~rc1-1 [7,684 B]
Get:470 https://mirrors.tuna.tsinghua.edu.cn/ubuntu bionic-updates/main amd64 python2.7-dev amd64 2.7.17-1~18.04ubuntu1.11 [285 kB]
Get:471 https://mirrors.tuna.tsinghua.edu.cn/ubuntu bionic/main amd64 python-dev amd64 2.7.15~rc1-1 [1,256 B]
Get:472 https://mirrors.tuna.tsinghua.edu.cn/ubuntu bionic-updates/main amd64 libpython3.6-dev amd64 3.6.9-1~18.04ubuntu1.12 [44.9 MB]
Get:473 https://mirrors.tuna.tsinghua.edu.cn/ubuntu bionic-updates/main amd64 libpython3-dev amd64 3.6.7-1~18.04 [7,328 B]
Get:474 https://mirrors.tuna.tsinghua.edu.cn/ubuntu bionic-updates/main amd64 python3.6-dev amd64 3.6.9-1~18.04ubuntu1.12 [511 kB]
Get:475 https://mirrors.tuna.tsinghua.edu.cn/ubuntu bionic-updates/main amd64 python3-dev amd64 3.6.7-1~18.04 [1,288 B]
Get:476 https://mirrors.tuna.tsinghua.edu.cn/ubuntu bionic/universe amd64 libboost-python1.65-dev amd64 1.65.1+dfsg-0ubuntu5 [103 kB]
Get:477 https://mirrors.tuna.tsinghua.edu.cn/ubuntu bionic/universe amd64 libboost-python-dev amd64 1.65.1.0ubuntu1 [3,216 B]
Get:478 https://mirrors.tuna.tsinghua.edu.cn/ubuntu bionic/universe amd64 libboost-random1.65.1 amd64 1.65.1+dfsg-0ubuntu5 [12.8 kB]
Get:479 https://mirrors.tuna.tsinghua.edu.cn/ubuntu bionic/universe amd64 libboost-random1.65-dev amd64 1.65.1+dfsg-0ubuntu5 [12.4 kB]
Get:480 https://mirrors.tuna.tsinghua.edu.cn/ubuntu bionic/universe amd64 libboost-random-dev amd64 1.65.1.0ubuntu1 [2,924 B]
Get:481 https://mirrors.tuna.tsinghua.edu.cn/ubuntu bionic/universe amd64 libboost-regex-dev amd64 1.65.1.0ubuntu1 [3,184 B]
Get:482 https://mirrors.tuna.tsinghua.edu.cn/ubuntu bionic/universe amd64 libboost-serialization-dev amd64 1.65.1.0ubuntu1 [3,144 B]
Get:483 https://mirrors.tuna.tsinghua.edu.cn/ubuntu bionic/universe amd64 libboost-signals1.65.1 amd64 1.65.1+dfsg-0ubuntu5 [30.6 kB]
Get:484 https://mirrors.tuna.tsinghua.edu.cn/ubuntu bionic/universe amd64 libboost-signals1.65-dev amd64 1.65.1+dfsg-0ubuntu5 [33.1 kB]
Get:485 https://mirrors.tuna.tsinghua.edu.cn/ubuntu bionic/universe amd64 libboost-signals-dev amd64 1.65.1.0ubuntu1 [2,996 B]
Get:486 https://mirrors.tuna.tsinghua.edu.cn/ubuntu bionic/universe amd64 libboost-stacktrace1.65.1 amd64 1.65.1+dfsg-0ubuntu5 [49.1 kB]
Get:487 https://mirrors.tuna.tsinghua.edu.cn/ubuntu bionic/universe amd64 libboost-stacktrace1.65-dev amd64 1.65.1+dfsg-0ubuntu5 [25.9 kB]
Get:488 https://mirrors.tuna.tsinghua.edu.cn/ubuntu bionic/universe amd64 libboost-stacktrace-dev amd64 1.65.1.0ubuntu1 [2,924 B]
Get:489 https://mirrors.tuna.tsinghua.edu.cn/ubuntu bionic/main amd64 libboost-system-dev amd64 1.65.1.0ubuntu1 [3,060 B]
Get:490 https://mirrors.tuna.tsinghua.edu.cn/ubuntu bionic/universe amd64 libboost-test-dev amd64 1.65.1.0ubuntu1 [2,960 B]
Get:491 https://mirrors.tuna.tsinghua.edu.cn/ubuntu bionic/main amd64 libboost-thread-dev amd64 1.65.1.0ubuntu1 [2,948 B]
Get:492 https://mirrors.tuna.tsinghua.edu.cn/ubuntu bionic/universe amd64 libboost-timer1.65.1 amd64 1.65.1+dfsg-0ubuntu5 [11.9 kB]
Get:493 https://mirrors.tuna.tsinghua.edu.cn/ubuntu bionic/universe amd64 libboost-timer1.65-dev amd64 1.65.1+dfsg-0ubuntu5 [11.8 kB]
Get:494 https://mirrors.tuna.tsinghua.edu.cn/ubuntu bionic/universe amd64 libboost-timer-dev amd64 1.65.1.0ubuntu1 [3,044 B]
Get:495 https://mirrors.tuna.tsinghua.edu.cn/ubuntu bionic/universe amd64 libboost-type-erasure1.65.1 amd64 1.65.1+dfsg-0ubuntu5 [20.7 kB]
Get:496 https://mirrors.tuna.tsinghua.edu.cn/ubuntu bionic/universe amd64 libboost-type-erasure1.65-dev amd64 1.65.1+dfsg-0ubuntu5 [20.1 kB]
Get:497 https://mirrors.tuna.tsinghua.edu.cn/ubuntu bionic/universe amd64 libboost-type-erasure-dev amd64 1.65.1.0ubuntu1 [3,024 B]
Get:498 https://mirrors.tuna.tsinghua.edu.cn/ubuntu bionic/universe amd64 libboost-wave1.65.1 amd64 1.65.1+dfsg-0ubuntu5 [178 kB]
Get:499 https://mirrors.tuna.tsinghua.edu.cn/ubuntu bionic/universe amd64 libboost-wave1.65-dev amd64 1.65.1+dfsg-0ubuntu5 [234 kB]
Get:500 https://mirrors.tuna.tsinghua.edu.cn/ubuntu bionic/universe amd64 libboost-wave-dev amd64 1.65.1.0ubuntu1 [2,952 B]
Get:501 https://mirrors.tuna.tsinghua.edu.cn/ubuntu bionic/universe amd64 libboost-all-dev amd64 1.65.1.0ubuntu1 [2,340 B]
Get:502 https://mirrors.tuna.tsinghua.edu.cn/ubuntu bionic-updates/main amd64 libbz2-dev amd64 1.0.6-8.1ubuntu0.2 [30.0 kB]
Get:503 https://mirrors.tuna.tsinghua.edu.cn/ubuntu bionic-updates/main amd64 libcairo-script-interpreter2 amd64 1.15.10-2ubuntu0.1 [53.5 kB]
Get:504 https://mirrors.tuna.tsinghua.edu.cn/ubuntu bionic-updates/main amd64 libpng-dev amd64 1.6.34-1ubuntu0.18.04.2 [177 kB]
Get:505 https://mirrors.tuna.tsinghua.edu.cn/ubuntu bionic-updates/main amd64 libfreetype6-dev amd64 2.8.1-2ubuntu2.2 [2,539 kB]
Get:506 https://mirrors.tuna.tsinghua.edu.cn/ubuntu bionic/main amd64 libfontconfig1-dev amd64 2.12.6-0ubuntu2 [689 kB]
Get:507 https://mirrors.tuna.tsinghua.edu.cn/ubuntu bionic/main amd64 libxrender-dev amd64 1:0.9.10-1 [24.9 kB]
Get:508 https://mirrors.tuna.tsinghua.edu.cn/ubuntu bionic-updates/main amd64 libpixman-1-0 amd64 0.34.0-2ubuntu0.1 [229 kB]
Get:509 https://mirrors.tuna.tsinghua.edu.cn/ubuntu bionic-updates/main amd64 libpixman-1-dev amd64 0.34.0-2ubuntu0.1 [244 kB]
Get:510 https://mirrors.tuna.tsinghua.edu.cn/ubuntu bionic-updates/main amd64 libxcb-shm0-dev amd64 1.13-2~ubuntu18.04 [6,684 B]
Get:511 https://mirrors.tuna.tsinghua.edu.cn/ubuntu bionic-updates/main amd64 libcairo2-dev amd64 1.15.10-2ubuntu0.1 [626 kB]
Get:512 https://mirrors.tuna.tsinghua.edu.cn/ubuntu bionic/universe amd64 libcharls1 amd64 1.1.0+dfsg-2 [56.1 kB]
Get:513 https://mirrors.tuna.tsinghua.edu.cn/ubuntu bionic-updates/main amd64 libcurl4-openssl-dev amd64 7.58.0-2ubuntu3.24 [303 kB]
Get:514 https://mirrors.tuna.tsinghua.edu.cn/ubuntu bionic/universe amd64 libdapserver7v5 amd64 3.19.1-2build1 [22.2 kB]
Get:515 https://mirrors.tuna.tsinghua.edu.cn/ubuntu bionic-updates/main amd64 libxml2-dev amd64 2.9.4+dfsg1-6.1ubuntu1.9 [757 kB]
Get:516 https://mirrors.tuna.tsinghua.edu.cn/ubuntu bionic/universe amd64 libdap-dev amd64 3.19.1-2build1 [710 kB]
Get:517 https://mirrors.tuna.tsinghua.edu.cn/ubuntu bionic-updates/main amd64 libexif-dev amd64 0.6.21-4ubuntu0.6 [83.5 kB]
Get:518 https://mirrors.tuna.tsinghua.edu.cn/ubuntu bionic/main amd64 libjs-jquery all 3.2.1-1 [152 kB]
Get:519 https://mirrors.tuna.tsinghua.edu.cn/ubuntu bionic-updates/main amd64 libexif-doc all 0.6.21-4ubuntu0.6 [256 kB]
Get:520 https://mirrors.tuna.tsinghua.edu.cn/ubuntu bionic/universe amd64 libflann1.9 amd64 1.9.1+dfsg-2 [641 kB]
Get:521 https://mirrors.tuna.tsinghua.edu.cn/ubuntu bionic/universe amd64 libflann-dev amd64 1.9.1+dfsg-2 [614 kB]
Get:522 https://mirrors.tuna.tsinghua.edu.cn/ubuntu bionic/universe amd64 libfltk-cairo1.3 amd64 1.3.4-6 [6,326 B]
Get:523 https://mirrors.tuna.tsinghua.edu.cn/ubuntu bionic/universe amd64 libfltk-gl1.3 amd64 1.3.4-6 [37.7 kB]
Get:524 https://mirrors.tuna.tsinghua.edu.cn/ubuntu bionic/universe amd64 libfltk1.3-dev amd64 1.3.4-6 [797 kB]
Get:525 https://mirrors.tuna.tsinghua.edu.cn/ubuntu bionic/universe amd64 libfyba-dev amd64 4.1.1-3 [436 kB]
Get:526 https://mirrors.tuna.tsinghua.edu.cn/ubuntu bionic/universe amd64 libtbb-dev amd64 2017~U7-8 [231 kB]
Get:527 https://mirrors.tuna.tsinghua.edu.cn/ubuntu bionic/universe amd64 libxdot4 amd64 2.40.1-2 [15.7 kB]
Get:528 https://mirrors.tuna.tsinghua.edu.cn/ubuntu bionic/universe amd64 libgvc6-plugins-gtk amd64 2.40.1-2 [18.2 kB]
Get:529 https://mirrors.tuna.tsinghua.edu.cn/ubuntu bionic/universe amd64 libgraphviz-dev amd64 2.40.1-2 [57.3 kB]
Get:530 https://mirrors.tuna.tsinghua.edu.cn/ubuntu bionic/universe amd64 ttf-dejavu-core all 2.37-1 [2,978 B]
Get:531 https://mirrors.tuna.tsinghua.edu.cn/ubuntu bionic/universe amd64 libccd-dev amd64 2.0-1 [7,700 B]
Get:532 https://mirrors.tuna.tsinghua.edu.cn/ubuntu bionic/universe amd64 libopenal-dev amd64 1:1.18.2-2 [20.9 kB]
Get:533 https://mirrors.tuna.tsinghua.edu.cn/ubuntu bionic/universe amd64 libqwt-headers amd64 6.1.3-1 [68.3 kB]
Get:534 https://mirrors.tuna.tsinghua.edu.cn/ubuntu bionic/universe amd64 libqt5designer5 amd64 5.9.5-0ubuntu1 [2,761 kB]
Get:535 https://mirrors.tuna.tsinghua.edu.cn/ubuntu bionic/universe amd64 libqwt-qt5-dev amd64 6.1.3-1 [35.9 kB]
Get:536 https://mirrors.tuna.tsinghua.edu.cn/ubuntu bionic-updates/main amd64 libqt5opengl5-dev amd64 5.9.5+dfsg-0ubuntu2.6 [36.1 kB]
Get:537 https://mirrors.tuna.tsinghua.edu.cn/ubuntu bionic-updates/main amd64 libprotoc10 amd64 3.0.0-9.1ubuntu1.1 [569 kB]
Get:538 https://mirrors.tuna.tsinghua.edu.cn/ubuntu bionic-updates/main amd64 libprotobuf-lite10 amd64 3.0.0-9.1ubuntu1.1 [98.0 kB]
Get:539 https://mirrors.tuna.tsinghua.edu.cn/ubuntu bionic-updates/main amd64 libprotobuf-dev amd64 3.0.0-9.1ubuntu1.1 [961 kB]
Get:540 https://mirrors.tuna.tsinghua.edu.cn/ubuntu bionic-updates/main amd64 libprotoc-dev amd64 3.0.0-9.1ubuntu1.1 [686 kB]
Get:541 https://mirrors.tuna.tsinghua.edu.cn/ubuntu bionic-updates/universe amd64 libfreeimage-dev amd64 3.17.0+ds1-5+deb9u1build0.18.04.1 [18.7 kB]
Get:542 https://mirrors.tuna.tsinghua.edu.cn/ubuntu bionic/universe amd64 libogre-1.9-dev amd64 1.9.0+dfsg1-10 [955 kB]
Get:543 https://mirrors.tuna.tsinghua.edu.cn/ubuntu bionic/universe amd64 libtar-dev amd64 1.2.20-7 [35.4 kB]
Get:544 https://mirrors.tuna.tsinghua.edu.cn/ubuntu bionic/universe amd64 libgts-dev amd64 0.7.6+darcs121130-4 [170 kB]
Get:545 https://mirrors.tuna.tsinghua.edu.cn/ubuntu bionic/main amd64 libusb-1.0-0-dev amd64 2:1.0.21-2 [60.5 kB]
Get:546 https://mirrors.tuna.tsinghua.edu.cn/ubuntu bionic/universe amd64 libepsilon-dev amd64 0.9.2+dfsg-2 [49.3 kB]
Get:547 https://mirrors.tuna.tsinghua.edu.cn/ubuntu bionic/universe amd64 libfreexl-dev amd64 1.0.5-1 [30.9 kB]
Get:548 https://mirrors.tuna.tsinghua.edu.cn/ubuntu bionic/universe amd64 libgeos-dev amd64 3.6.2-1build2 [73.1 kB]
Get:549 https://mirrors.tuna.tsinghua.edu.cn/ubuntu bionic-updates/main amd64 libjbig-dev amd64 2.1-3.1ubuntu0.18.04.1 [25.3 kB]
Get:550 https://mirrors.tuna.tsinghua.edu.cn/ubuntu bionic-updates/main amd64 liblzma-dev amd64 5.2.2-1.3ubuntu0.1 [145 kB]
Get:551 https://mirrors.tuna.tsinghua.edu.cn/ubuntu bionic-updates/main amd64 libtiffxx5 amd64 4.0.9-5ubuntu0.10 [5,804 B]
Get:552 https://mirrors.tuna.tsinghua.edu.cn/ubuntu bionic-updates/main amd64 libtiff5-dev amd64 4.0.9-5ubuntu0.10 [275 kB]
Get:553 https://mirrors.tuna.tsinghua.edu.cn/ubuntu bionic-updates/main amd64 libtiff-dev amd64 4.0.9-5ubuntu0.10 [2,260 B]
Get:554 https://mirrors.tuna.tsinghua.edu.cn/ubuntu bionic/universe amd64 libgeotiff-dev amd64 1.4.2-2build1 [82.6 kB]
Get:555 https://mirrors.tuna.tsinghua.edu.cn/ubuntu bionic-updates/main amd64 libgif-dev amd64 5.1.4-2ubuntu0.1 [20.6 kB]
Get:556 https://mirrors.tuna.tsinghua.edu.cn/ubuntu bionic/universe amd64 libnetcdf-dev amd64 1:4.6.0-2build1 [37.6 kB]
Get:557 https://mirrors.tuna.tsinghua.edu.cn/ubuntu bionic/universe amd64 libhdf4-alt-dev amd64 4.2.13-2 [368 kB]
Get:558 https://mirrors.tuna.tsinghua.edu.cn/ubuntu bionic-updates/main amd64 libjson-c-dev amd64 0.12.1-1.3ubuntu0.3 [31.9 kB]
Get:559 https://mirrors.tuna.tsinghua.edu.cn/ubuntu bionic/universe amd64 libkmlconvenience1 amd64 1.3.0-5 [43.1 kB]
Get:560 https://mirrors.tuna.tsinghua.edu.cn/ubuntu bionic/universe amd64 libkmlregionator1 amd64 1.3.0-5 [19.0 kB]
Get:561 https://mirrors.tuna.tsinghua.edu.cn/ubuntu bionic/universe amd64 libkmlxsd1 amd64 1.3.0-5 [29.5 kB]
Get:562 https://mirrors.tuna.tsinghua.edu.cn/ubuntu bionic/universe amd64 libminizip-dev amd64 1.1-8build1 [26.7 kB]
Get:563 https://mirrors.tuna.tsinghua.edu.cn/ubuntu bionic-updates/universe amd64 liburiparser-dev amd64 0.8.4-1+deb9u2ubuntu0.1 [10.2 kB]
Get:564 https://mirrors.tuna.tsinghua.edu.cn/ubuntu bionic/universe amd64 libkml-dev amd64 1.3.0-5 [933 kB]
Get:565 https://mirrors.tuna.tsinghua.edu.cn/ubuntu bionic/universe amd64 libproj-dev amd64 4.9.3-2 [199 kB]
Get:566 https://mirrors.tuna.tsinghua.edu.cn/ubuntu bionic/universe amd64 libogdi3.2-dev amd64 3.2.0+ds-2 [23.6 kB]
Get:567 https://mirrors.tuna.tsinghua.edu.cn/ubuntu bionic-updates/universe amd64 libopenjp2-7-dev amd64 2.3.0-2+deb10u2build0.18.04.1 [26.6 kB]
Get:568 https://mirrors.tuna.tsinghua.edu.cn/ubuntu bionic-updates/main amd64 libpoppler-dev amd64 0.62.0-2ubuntu2.14 [4,616 B]
Get:569 https://mirrors.tuna.tsinghua.edu.cn/ubuntu bionic-updates/main amd64 libpoppler-private-dev amd64 0.62.0-2ubuntu2.14 [169 kB]
Get:570 https://mirrors.tuna.tsinghua.edu.cn/ubuntu bionic-updates/main amd64 libpq-dev amd64 10.23-0ubuntu0.18.04.2 [219 kB]
Get:571 https://mirrors.tuna.tsinghua.edu.cn/ubuntu bionic/universe amd64 libqhull-r7 amd64 2015.2-4 [149 kB]
Get:572 https://mirrors.tuna.tsinghua.edu.cn/ubuntu bionic/universe amd64 libqhull-dev amd64 2015.2-4 [357 kB]
Get:573 https://mirrors.tuna.tsinghua.edu.cn/ubuntu bionic-updates/main amd64 libsqlite3-dev amd64 3.22.0-1ubuntu0.7 [633 kB]
Get:574 https://mirrors.tuna.tsinghua.edu.cn/ubuntu bionic/universe amd64 libspatialite-dev amd64 4.3.0a-5build1 [1,323 kB]
Get:575 https://mirrors.tuna.tsinghua.edu.cn/ubuntu bionic-updates/main amd64 libwebpdemux2 amd64 0.6.1-2ubuntu0.18.04.2 [9,480 B]
Get:576 https://mirrors.tuna.tsinghua.edu.cn/ubuntu bionic-updates/main amd64 libwebp-dev amd64 0.6.1-2ubuntu0.18.04.2 [268 kB]
Get:577 https://mirrors.tuna.tsinghua.edu.cn/ubuntu bionic/universe amd64 libxerces-c-dev amd64 3.2.0+debian-2 [1,627 kB]
Get:578 https://mirrors.tuna.tsinghua.edu.cn/ubuntu bionic/main amd64 unixodbc-dev amd64 2.3.4-1.1ubuntu3 [217 kB]
Get:579 https://mirrors.tuna.tsinghua.edu.cn/ubuntu bionic/universe amd64 libgdal-dev amd64 2.2.3+dfsg-2 [6,369 kB]
Get:580 https://mirrors.tuna.tsinghua.edu.cn/ubuntu bionic/universe amd64 libtinyxml-dev amd64 2.6.2-4 [44.2 kB]
Get:581 https://mirrors.tuna.tsinghua.edu.cn/ubuntu bionic/universe amd64 libconsole-bridge-dev amd64 0.4.0+dfsg-2 [6,596 B]
Get:582 https://mirrors.tuna.tsinghua.edu.cn/ubuntu bionic-updates/universe amd64 liburdfdom-headers-dev amd64 1.0.0-1ubuntu0.1 [12.8 kB]
Get:583 https://mirrors.tuna.tsinghua.edu.cn/ubuntu bionic-updates/universe amd64 liburdfdom-model-state amd64 1.0.0-2ubuntu0.1 [15.9 kB]
Get:584 https://mirrors.tuna.tsinghua.edu.cn/ubuntu bionic-updates/universe amd64 liburdfdom-sensor amd64 1.0.0-2ubuntu0.1 [13.0 kB]
Get:585 https://mirrors.tuna.tsinghua.edu.cn/ubuntu bionic-updates/universe amd64 liburdfdom-world amd64 1.0.0-2ubuntu0.1 [46.0 kB]
Get:586 https://mirrors.tuna.tsinghua.edu.cn/ubuntu bionic-updates/universe amd64 liburdfdom-dev amd64 1.0.0-2ubuntu0.1 [4,368 B]
Get:587 https://mirrors.tuna.tsinghua.edu.cn/ubuntu bionic/universe amd64 libignition-cmake-dev amd64 0.4.0-1 [136 kB]
Get:588 https://mirrors.tuna.tsinghua.edu.cn/ubuntu bionic/universe amd64 libignition-math4-dev amd64 4.0.0+dfsg1-4 [64.1 kB]
Get:589 https://mirrors.tuna.tsinghua.edu.cn/ubuntu bionic/universe amd64 libsdformat6-dev amd64 6.0.0+dfsg-4 [19.0 kB]
Get:590 https://mirrors.tuna.tsinghua.edu.cn/ubuntu bionic-updates/universe amd64 libzmq3-dev amd64 4.2.5-1ubuntu0.2 [400 kB]
Get:591 https://mirrors.tuna.tsinghua.edu.cn/ubuntu bionic-updates/universe amd64 protobuf-compiler amd64 3.0.0-9.1ubuntu1.1 [24.5 kB]
Get:592 https://mirrors.tuna.tsinghua.edu.cn/ubuntu bionic/universe amd64 libignition-msgs-dev amd64 1.0.0+dfsg1-5 [167 kB]
Get:593 https://mirrors.tuna.tsinghua.edu.cn/ubuntu bionic/universe amd64 libignition-transport4-dev amd64 4.0.0+dfsg-4 [42.0 kB]
Get:594 https://mirrors.tuna.tsinghua.edu.cn/ubuntu bionic/universe amd64 libtinyxml2-dev amd64 6.0.0+dfsg-1 [17.6 kB]
Get:595 https://mirrors.tuna.tsinghua.edu.cn/ubuntu bionic/universe amd64 libignition-common-dev amd64 1.0.1-1 [50.8 kB]
Get:596 https://mirrors.tuna.tsinghua.edu.cn/ubuntu bionic/universe amd64 libzip-dev amd64 1.1.2-1.1 [113 kB]
Get:597 https://mirrors.tuna.tsinghua.edu.cn/ubuntu bionic/main amd64 libjsoncpp-dev amd64 1.7.4-3 [85.3 kB]
Get:598 https://mirrors.tuna.tsinghua.edu.cn/ubuntu bionic/main amd64 libyaml-dev amd64 0.1.7-2ubuntu3 [55.7 kB]
Get:599 https://mirrors.tuna.tsinghua.edu.cn/ubuntu bionic/universe amd64 libignition-fuel-tools1-dev amd64 1.0.0+dfsg4-4 [15.8 kB]
Get:600 https://mirrors.tuna.tsinghua.edu.cn/ubuntu bionic/universe amd64 libbullet-dev amd64 2.87+dfsg-2 [354 kB]
Get:601 https://mirrors.tuna.tsinghua.edu.cn/ubuntu bionic/main amd64 libxi-dev amd64 2:1.7.9-1 [186 kB]
Get:602 https://mirrors.tuna.tsinghua.edu.cn/ubuntu bionic/main amd64 libxmu-headers all 2:1.1.2-2 [54.3 kB]
Get:603 https://mirrors.tuna.tsinghua.edu.cn/ubuntu bionic/main amd64 libxmu-dev amd64 2:1.1.2-2 [49.0 kB]
Get:604 https://mirrors.tuna.tsinghua.edu.cn/ubuntu bionic/universe amd64 libsimbody-dev amd64 3.5.4+dfsg-1ubuntu2 [656 kB]
Get:605 https://mirrors.tuna.tsinghua.edu.cn/ros/ubuntu bionic/main amd64 libgazebo9-dev amd64 9.0.0+dfsg5-3ubuntu1+ppa2 [591 kB]
Get:606 https://mirrors.tuna.tsinghua.edu.cn/ubuntu bionic/universe amd64 libsocket++1 amd64 1.12.13-9 [38.0 kB]
Get:607 https://mirrors.tuna.tsinghua.edu.cn/ubuntu bionic/universe amd64 libgdcm2.8 amd64 2.8.4-1build2 [1,834 kB]
Get:608 https://mirrors.tuna.tsinghua.edu.cn/ubuntu bionic/universe amd64 libgdcm2-dev amd64 2.8.4-1build2 [252 kB]
Get:609 https://mirrors.tuna.tsinghua.edu.cn/ubuntu bionic/main amd64 libgdk-pixbuf2.0-dev amd64 2.36.11-2 [46.8 kB]
Get:610 https://mirrors.tuna.tsinghua.edu.cn/ubuntu bionic/universe amd64 libgl2ps1.4 amd64 1.4.0+dfsg1-1 [37.9 kB]
Get:611 https://mirrors.tuna.tsinghua.edu.cn/ubuntu bionic/universe amd64 libgl2ps-dev amd64 1.4.0+dfsg1-1 [240 kB]
Get:612 https://mirrors.tuna.tsinghua.edu.cn/ubuntu bionic/main amd64 libgpg-error-dev amd64 1.27-6 [94.8 kB]
Get:613 https://mirrors.tuna.tsinghua.edu.cn/ubuntu bionic/main amd64 libgphoto2-dev amd64 2.5.16-2 [812 kB]
Get:614 https://mirrors.tuna.tsinghua.edu.cn/ubuntu bionic/universe amd64 libgtest-dev amd64 1.8.0-6 [2,718 B]
Get:615 https://mirrors.tuna.tsinghua.edu.cn/ubuntu bionic/main amd64 libxft-dev amd64 2.3.2-1 [45.7 kB]
Get:616 https://mirrors.tuna.tsinghua.edu.cn/ubuntu bionic-updates/main amd64 libpango1.0-dev amd64 1.40.14-1ubuntu0.1 [288 kB]
Get:617 https://mirrors.tuna.tsinghua.edu.cn/ubuntu bionic/main amd64 x11proto-xinerama-dev all 2018.4-4 [2,628 B]
Get:618 https://mirrors.tuna.tsinghua.edu.cn/ubuntu bionic/main amd64 libxinerama-dev amd64 2:1.1.3-1 [8,404 B]
Get:619 https://mirrors.tuna.tsinghua.edu.cn/ubuntu bionic/main amd64 x11proto-randr-dev all 2018.4-4 [2,620 B]
Get:620 https://mirrors.tuna.tsinghua.edu.cn/ubuntu bionic/main amd64 libxrandr-dev amd64 2:1.5.1-1 [24.0 kB]
Get:621 https://mirrors.tuna.tsinghua.edu.cn/ubuntu bionic/main amd64 libxcursor-dev amd64 1:1.1.15-1 [26.5 kB]
Get:622 https://mirrors.tuna.tsinghua.edu.cn/ubuntu bionic/main amd64 x11proto-composite-dev all 1:2018.4-4 [2,620 B]
Get:623 https://mirrors.tuna.tsinghua.edu.cn/ubuntu bionic/main amd64 libxcomposite-dev amd64 1:0.4.4-2 [9,136 B]
Get:624 https://mirrors.tuna.tsinghua.edu.cn/ubuntu bionic-updates/main amd64 libxml2-utils amd64 2.9.4+dfsg1-6.1ubuntu1.9 [35.9 kB]
Get:625 https://mirrors.tuna.tsinghua.edu.cn/ubuntu bionic/main amd64 libgtk2.0-dev amd64 2.24.32-1ubuntu1 [2,652 kB]
Get:626 https://mirrors.tuna.tsinghua.edu.cn/ubuntu bionic/universe amd64 libgts-bin amd64 0.7.6+darcs121130-4 [41.3 kB]
Get:627 https://mirrors.tuna.tsinghua.edu.cn/ubuntu bionic/main amd64 libilmbase-dev amd64 2.2.0-11ubuntu2 [70.8 kB]
Get:628 https://mirrors.tuna.tsinghua.edu.cn/ubuntu bionic/universe amd64 libjs-jquery-ui all 1.12.1+dfsg-5 [232 kB]
Get:629 https://mirrors.tuna.tsinghua.edu.cn/ubuntu bionic-updates/main amd64 libjs-underscore all 1.8.3~dfsg-1ubuntu0.1 [60.4 kB]
Get:630 https://mirrors.tuna.tsinghua.edu.cn/ubuntu bionic/main amd64 libjs-sphinxdoc all 1.6.7-1ubuntu1 [85.6 kB]
Get:631 https://mirrors.tuna.tsinghua.edu.cn/ubuntu bionic/universe amd64 liblept5 amd64 1.75.3-3 [929 kB]
Get:632 https://mirrors.tuna.tsinghua.edu.cn/ubuntu bionic/universe amd64 liblog4cxx10v5 amd64 0.10.0-13ubuntu2 [400 kB]
Get:633 https://mirrors.tuna.tsinghua.edu.cn/ubuntu bionic/main amd64 libsys-hostname-long-perl all 1.5-1 [11.7 kB]
Get:634 https://mirrors.tuna.tsinghua.edu.cn/ubuntu bionic/main amd64 libmail-sendmail-perl all 0.80-1 [22.6 kB]
Get:635 https://mirrors.tuna.tsinghua.edu.cn/ubuntu bionic/universe amd64 libnetcdf-c++4 amd64 4.2-8 [33.3 kB]
Get:636 https://mirrors.tuna.tsinghua.edu.cn/ubuntu bionic/universe amd64 libnetcdf-cxx-legacy-dev amd64 4.2-8 [53.3 kB]
Get:637 https://mirrors.tuna.tsinghua.edu.cn/ubuntu bionic/main amd64 libogg-dev amd64 1.3.2-1 [156 kB]
Get:638 https://mirrors.tuna.tsinghua.edu.cn/ubuntu bionic-updates/universe amd64 libopencv-core3.2 amd64 3.2.0+dfsg-4ubuntu0.1 [709 kB]
Get:639 https://mirrors.tuna.tsinghua.edu.cn/ubuntu bionic-updates/universe amd64 libopencv-flann3.2 amd64 3.2.0+dfsg-4ubuntu0.1 [91.5 kB]
Get:640 https://mirrors.tuna.tsinghua.edu.cn/ubuntu bionic-updates/universe amd64 libopencv-imgproc3.2 amd64 3.2.0+dfsg-4ubuntu0.1 [818 kB]
Get:641 https://mirrors.tuna.tsinghua.edu.cn/ubuntu bionic-updates/universe amd64 libopencv-imgcodecs3.2 amd64 3.2.0+dfsg-4ubuntu0.1 [82.3 kB]
Get:642 https://mirrors.tuna.tsinghua.edu.cn/ubuntu bionic-updates/universe amd64 libopencv-videoio3.2 amd64 3.2.0+dfsg-4ubuntu0.1 [77.2 kB]
Get:643 https://mirrors.tuna.tsinghua.edu.cn/ubuntu bionic-updates/universe amd64 libopencv-highgui3.2 amd64 3.2.0+dfsg-4ubuntu0.1 [18.9 kB]
Get:644 https://mirrors.tuna.tsinghua.edu.cn/ubuntu bionic-updates/universe amd64 libopencv-ml3.2 amd64 3.2.0+dfsg-4ubuntu0.1 [223 kB]
Get:645 https://mirrors.tuna.tsinghua.edu.cn/ubuntu bionic-updates/universe amd64 libopencv-features2d3.2 amd64 3.2.0+dfsg-4ubuntu0.1 [231 kB]
Get:646 https://mirrors.tuna.tsinghua.edu.cn/ubuntu bionic-updates/universe amd64 libopencv-calib3d3.2 amd64 3.2.0+dfsg-4ubuntu0.1 [427 kB]
Get:647 https://mirrors.tuna.tsinghua.edu.cn/ubuntu bionic-updates/universe amd64 libopencv-core-dev amd64 3.2.0+dfsg-4ubuntu0.1 [1,094 kB]
Get:648 https://mirrors.tuna.tsinghua.edu.cn/ubuntu bionic-updates/universe amd64 libopencv-flann-dev amd64 3.2.0+dfsg-4ubuntu0.1 [162 kB]
Get:649 https://mirrors.tuna.tsinghua.edu.cn/ubuntu bionic/main amd64 libraw1394-dev amd64 2.1.2-1 [35.5 kB]
Get:650 https://mirrors.tuna.tsinghua.edu.cn/ubuntu bionic/universe amd64 libdc1394-22-dev amd64 2.2.5-1 [109 kB]
Get:651 https://mirrors.tuna.tsinghua.edu.cn/ubuntu bionic-updates/universe amd64 libopencv-imgproc-dev amd64 3.2.0+dfsg-4ubuntu0.1 [1,010 kB]
Get:652 https://mirrors.tuna.tsinghua.edu.cn/ubuntu bionic-updates/universe amd64 libopencv-imgcodecs-dev amd64 3.2.0+dfsg-4ubuntu0.1 [119 kB]
Get:653 https://mirrors.tuna.tsinghua.edu.cn/ubuntu bionic-updates/universe amd64 libopencv-videoio-dev amd64 3.2.0+dfsg-4ubuntu0.1 [110 kB]
Get:654 https://mirrors.tuna.tsinghua.edu.cn/ubuntu bionic-updates/main amd64 libopenexr-dev amd64 2.2.0-11.1ubuntu1.9 [686 kB]
Get:655 https://mirrors.tuna.tsinghua.edu.cn/ubuntu bionic-updates/universe amd64 libopencv-highgui-dev amd64 3.2.0+dfsg-4ubuntu0.1 [30.8 kB]
Get:656 https://mirrors.tuna.tsinghua.edu.cn/ubuntu bionic-updates/universe amd64 libopencv-ml-dev amd64 3.2.0+dfsg-4ubuntu0.1 [283 kB]
Get:657 https://mirrors.tuna.tsinghua.edu.cn/ubuntu bionic-updates/universe amd64 libopencv-features2d-dev amd64 3.2.0+dfsg-4ubuntu0.1 [280 kB]
Get:658 https://mirrors.tuna.tsinghua.edu.cn/ubuntu bionic-updates/universe amd64 libopencv-calib3d-dev amd64 3.2.0+dfsg-4ubuntu0.1 [502 kB]
Get:659 https://mirrors.tuna.tsinghua.edu.cn/ubuntu bionic-updates/universe amd64 libopencv-objdetect3.2 amd64 3.2.0+dfsg-4ubuntu0.1 [137 kB]
Get:660 https://mirrors.tuna.tsinghua.edu.cn/ubuntu bionic-updates/universe amd64 libopencv-photo3.2 amd64 3.2.0+dfsg-4ubuntu0.1 [188 kB]
Get:661 https://mirrors.tuna.tsinghua.edu.cn/ubuntu bionic-updates/universe amd64 libopencv-video3.2 amd64 3.2.0+dfsg-4ubuntu0.1 [122 kB]
Get:662 https://mirrors.tuna.tsinghua.edu.cn/ubuntu bionic-updates/universe amd64 libopencv-shape3.2 amd64 3.2.0+dfsg-4ubuntu0.1 [56.3 kB]
Get:663 https://mirrors.tuna.tsinghua.edu.cn/ubuntu bionic-updates/universe amd64 libopencv-stitching3.2 amd64 3.2.0+dfsg-4ubuntu0.1 [166 kB]
Get:664 https://mirrors.tuna.tsinghua.edu.cn/ubuntu bionic-updates/universe amd64 libopencv-superres3.2 amd64 3.2.0+dfsg-4ubuntu0.1 [42.4 kB]
Get:665 https://mirrors.tuna.tsinghua.edu.cn/ubuntu bionic-updates/universe amd64 libopencv-videostab3.2 amd64 3.2.0+dfsg-4ubuntu0.1 [97.7 kB]
Get:666 https://mirrors.tuna.tsinghua.edu.cn/ubuntu bionic/universe amd64 libhdf5-openmpi-100 amd64 1.10.0-patch1+docs-4 [1,289 kB]
Get:667 https://mirrors.tuna.tsinghua.edu.cn/ubuntu bionic/universe amd64 libvtk6.3 amd64 6.3.0+dfsg1-11build1 [31.5 MB]
Get:668 https://mirrors.tuna.tsinghua.edu.cn/ubuntu bionic-updates/universe amd64 libopencv-viz3.2 amd64 3.2.0+dfsg-4ubuntu0.1 [111 kB]
Get:669 https://mirrors.tuna.tsinghua.edu.cn/ubuntu bionic/universe amd64 libtesseract4 amd64 4.00~git2288-10f4998a-2 [1,163 kB]
Get:670 https://mirrors.tuna.tsinghua.edu.cn/ubuntu bionic-updates/universe amd64 libopencv-contrib3.2 amd64 3.2.0+dfsg-4ubuntu0.1 [1,450 kB]
Get:671 https://mirrors.tuna.tsinghua.edu.cn/ubuntu bionic-updates/universe amd64 libopencv-objdetect-dev amd64 3.2.0+dfsg-4ubuntu0.1 [161 kB]
Get:672 https://mirrors.tuna.tsinghua.edu.cn/ubuntu bionic-updates/universe amd64 libopencv-photo-dev amd64 3.2.0+dfsg-4ubuntu0.1 [222 kB]
Get:673 https://mirrors.tuna.tsinghua.edu.cn/ubuntu bionic-updates/universe amd64 libopencv-video-dev amd64 3.2.0+dfsg-4ubuntu0.1 [148 kB]
Get:674 https://mirrors.tuna.tsinghua.edu.cn/ubuntu bionic-updates/universe amd64 libopencv-shape-dev amd64 3.2.0+dfsg-4ubuntu0.1 [70.4 kB]
Get:675 https://mirrors.tuna.tsinghua.edu.cn/ubuntu bionic-updates/universe amd64 libopencv-stitching-dev amd64 3.2.0+dfsg-4ubuntu0.1 [208 kB]
Get:676 https://mirrors.tuna.tsinghua.edu.cn/ubuntu bionic-updates/universe amd64 libopencv-superres-dev amd64 3.2.0+dfsg-4ubuntu0.1 [51.7 kB]
Get:677 https://mirrors.tuna.tsinghua.edu.cn/ubuntu bionic-updates/universe amd64 libopencv-videostab-dev amd64 3.2.0+dfsg-4ubuntu0.1 [121 kB]
Get:678 https://mirrors.tuna.tsinghua.edu.cn/ubuntu bionic-updates/universe amd64 libopencv-viz-dev amd64 3.2.0+dfsg-4ubuntu0.1 [150 kB]
Get:679 https://mirrors.tuna.tsinghua.edu.cn/ubuntu bionic-updates/universe amd64 libopencv-contrib-dev amd64 3.2.0+dfsg-4ubuntu0.1 [1,862 kB]
Get:680 https://mirrors.tuna.tsinghua.edu.cn/ubuntu bionic-updates/universe amd64 libopencv-ts-dev amd64 3.2.0+dfsg-4ubuntu0.1 [266 kB]
Get:681 https://mirrors.tuna.tsinghua.edu.cn/ubuntu bionic-updates/universe amd64 libopencv3.2-jni amd64 3.2.0+dfsg-4ubuntu0.1 [188 kB]
Get:682 https://mirrors.tuna.tsinghua.edu.cn/ubuntu bionic-updates/universe amd64 libopencv3.2-java all 3.2.0+dfsg-4ubuntu0.1 [387 kB]
Get:683 https://mirrors.tuna.tsinghua.edu.cn/ubuntu bionic-updates/universe amd64 libopencv-dev amd64 3.2.0+dfsg-4ubuntu0.1 [223 kB]
Get:684 https://mirrors.tuna.tsinghua.edu.cn/ubuntu bionic/universe amd64 libopenni-dev amd64 1.5.4.0-14build1 [138 kB]
Get:685 https://mirrors.tuna.tsinghua.edu.cn/ubuntu bionic/universe amd64 openni-utils amd64 1.5.4.0-14build1 [115 kB]
Get:686 https://mirrors.tuna.tsinghua.edu.cn/ubuntu bionic/universe amd64 libopenni-sensor-pointclouds0 amd64 5.1.0.41.9-1 [297 kB]
Get:687 https://mirrors.tuna.tsinghua.edu.cn/ubuntu bionic/universe amd64 libopenni2-0 amd64 2.2.0.33+dfsg-10 [398 kB]
Get:688 https://mirrors.tuna.tsinghua.edu.cn/ubuntu bionic/universe amd64 libopenni2-dev amd64 2.2.0.33+dfsg-10 [73.0 kB]
Get:689 https://mirrors.tuna.tsinghua.edu.cn/ubuntu bionic-updates/main amd64 libpng-tools amd64 1.6.34-1ubuntu0.18.04.2 [25.6 kB]
Get:690 https://mirrors.tuna.tsinghua.edu.cn/ubuntu bionic/universe amd64 libpocofoundation50 amd64 1.8.0.1-1ubuntu4 [440 kB]
Get:691 https://mirrors.tuna.tsinghua.edu.cn/ubuntu bionic/universe amd64 libpococrypto50 amd64 1.8.0.1-1ubuntu4 [66.9 kB]
Get:692 https://mirrors.tuna.tsinghua.edu.cn/ubuntu bionic/universe amd64 libpocodata50 amd64 1.8.0.1-1ubuntu4 [377 kB]
Get:693 https://mirrors.tuna.tsinghua.edu.cn/ubuntu bionic/universe amd64 libpocojson50 amd64 1.8.0.1-1ubuntu4 [94.2 kB]
Get:694 https://mirrors.tuna.tsinghua.edu.cn/ubuntu bionic/universe amd64 libpocodatamysql50 amd64 1.8.0.1-1ubuntu4 [46.4 kB]
Get:695 https://mirrors.tuna.tsinghua.edu.cn/ubuntu bionic/universe amd64 libpoconet50 amd64 1.8.0.1-1ubuntu4 [313 kB]
Get:696 https://mirrors.tuna.tsinghua.edu.cn/ubuntu bionic/universe amd64 libpocomongodb50 amd64 1.8.0.1-1ubuntu4 [67.2 kB]
Get:697 https://mirrors.tuna.tsinghua.edu.cn/ubuntu bionic/universe amd64 libpocoxml50 amd64 1.8.0.1-1ubuntu4 [128 kB]
Get:698 https://mirrors.tuna.tsinghua.edu.cn/ubuntu bionic/universe amd64 libpocoutil50 amd64 1.8.0.1-1ubuntu4 [120 kB]
Get:699 https://mirrors.tuna.tsinghua.edu.cn/ubuntu bionic/universe amd64 libpoconetssl50 amd64 1.8.0.1-1ubuntu4 [74.7 kB]
Get:700 https://mirrors.tuna.tsinghua.edu.cn/ubuntu bionic/universe amd64 libpocodataodbc50 amd64 1.8.0.1-1ubuntu4 [210 kB]
Get:701 https://mirrors.tuna.tsinghua.edu.cn/ubuntu bionic/universe amd64 libpocodatasqlite50 amd64 1.8.0.1-1ubuntu4 [92.6 kB]
Get:702 https://mirrors.tuna.tsinghua.edu.cn/ubuntu bionic/universe amd64 libpocoredis50 amd64 1.8.0.1-1ubuntu4 [45.6 kB]
Get:703 https://mirrors.tuna.tsinghua.edu.cn/ubuntu bionic/universe amd64 libpocozip50 amd64 1.8.0.1-1ubuntu4 [84.6 kB]
Get:704 https://mirrors.tuna.tsinghua.edu.cn/ubuntu bionic/universe amd64 libpoco-dev amd64 1.8.0.1-1ubuntu4 [518 kB]
Get:705 https://mirrors.tuna.tsinghua.edu.cn/ubuntu bionic/universe amd64 libqt5designercomponents5 amd64 5.9.5-0ubuntu1 [692 kB]
Get:706 https://mirrors.tuna.tsinghua.edu.cn/ubuntu bionic/universe amd64 libqt5help5 amd64 5.9.5-0ubuntu1 [133 kB]
Get:707 https://mirrors.tuna.tsinghua.edu.cn/ubuntu bionic-updates/main amd64 libqt5sql5-sqlite amd64 5.9.5+dfsg-0ubuntu2.6 [40.1 kB]
Get:708 https://mirrors.tuna.tsinghua.edu.cn/ubuntu bionic/main amd64 libraw1394-tools amd64 2.1.2-1 [16.2 kB]
Get:709 https://mirrors.tuna.tsinghua.edu.cn/ubuntu bionic/universe amd64 libserf-1-1 amd64 1.3.9-6 [44.4 kB]
Get:710 https://mirrors.tuna.tsinghua.edu.cn/ubuntu bionic-updates/universe amd64 libsvn1 amd64 1.9.7-4ubuntu1.1 [1,181 kB]
Get:711 https://mirrors.tuna.tsinghua.edu.cn/ubuntu bionic/main amd64 libtheora-dev amd64 1.1.1+dfsg.1-14 [186 kB]
Get:712 https://mirrors.tuna.tsinghua.edu.cn/ubuntu bionic-updates/universe amd64 libturbojpeg0-dev amd64 1.5.2-0ubuntu5.18.04.6 [153 kB]
Get:713 https://mirrors.tuna.tsinghua.edu.cn/ubuntu bionic/main amd64 libusb-1.0-doc all 2:1.0.21-2 [170 kB]
Get:714 https://mirrors.tuna.tsinghua.edu.cn/ubuntu bionic/universe amd64 libeigen3-dev all 3.3.4-4 [810 kB]
Get:715 https://mirrors.tuna.tsinghua.edu.cn/ubuntu bionic/universe amd64 libhdf5-openmpi-dev amd64 1.10.0-patch1+docs-4 [2,392 kB]
Get:716 https://mirrors.tuna.tsinghua.edu.cn/ubuntu bionic/universe amd64 libhdf5-mpi-dev amd64 1.10.0-patch1+docs-4 [3,074 B]
Get:717 https://mirrors.tuna.tsinghua.edu.cn/ubuntu bionic/universe amd64 libvtk6.3-qt amd64 6.3.0+dfsg1-11build1 [244 kB]
Get:718 https://mirrors.tuna.tsinghua.edu.cn/ubuntu bionic/universe amd64 libvtk6-jni amd64 6.3.0+dfsg1-11build1 [4,348 kB]
Get:719 https://mirrors.tuna.tsinghua.edu.cn/ubuntu bionic/universe amd64 libvtk6-java amd64 6.3.0+dfsg1-11build1 [3,301 kB]
Get:720 https://mirrors.tuna.tsinghua.edu.cn/ubuntu bionic/main amd64 x11proto-scrnsaver-dev all 2018.4-4 [2,628 B]
Get:721 https://mirrors.tuna.tsinghua.edu.cn/ubuntu bionic/main amd64 libxss-dev amd64 1:1.2.2-1 [12.7 kB]
Get:722 https://mirrors.tuna.tsinghua.edu.cn/ubuntu bionic/universe amd64 python-cbor amd64 1.0.0-1 [20.7 kB]
Get:723 https://mirrors.tuna.tsinghua.edu.cn/ubuntu bionic/main amd64 python-concurrent.futures all 3.2.0-1 [34.2 kB]
Get:724 https://mirrors.tuna.tsinghua.edu.cn/ubuntu bionic/universe amd64 python-lz4 amd64 0.10.1+dfsg1-0.2 [16.6 kB]
Get:725 https://mirrors.tuna.tsinghua.edu.cn/ubuntu bionic/main amd64 python-cffi-backend amd64 1.11.5-1 [63.4 kB]
Get:726 https://mirrors.tuna.tsinghua.edu.cn/ubuntu bionic/universe amd64 python-nacl amd64 1.1.2-1build1 [27.8 kB]
Get:727 https://mirrors.tuna.tsinghua.edu.cn/ubuntu bionic/main amd64 python-asn1crypto all 0.24.0-1 [72.7 kB]
Get:728 https://mirrors.tuna.tsinghua.edu.cn/ubuntu bionic/main amd64 python-enum34 all 1.1.6-2 [34.8 kB]
Get:729 https://mirrors.tuna.tsinghua.edu.cn/ubuntu bionic/main amd64 python-idna all 2.6-1 [32.4 kB]
Get:730 https://mirrors.tuna.tsinghua.edu.cn/ubuntu bionic/main amd64 python-ipaddress all 1.0.17-1 [18.2 kB]
Get:731 https://mirrors.tuna.tsinghua.edu.cn/ubuntu bionic-updates/main amd64 python-cryptography amd64 2.1.4-1ubuntu1.4 [276 kB]
Get:732 https://mirrors.tuna.tsinghua.edu.cn/ubuntu bionic/main amd64 python-openssl all 17.5.0-1ubuntu1 [41.3 kB]
Get:733 https://mirrors.tuna.tsinghua.edu.cn/ubuntu bionic-updates/main amd64 python-pil amd64 5.1.0-1ubuntu0.8 [303 kB]
Get:734 https://mirrors.tuna.tsinghua.edu.cn/ubuntu bionic/universe amd64 python-qrcode all 5.3-1 [25.3 kB]
Get:735 https://mirrors.tuna.tsinghua.edu.cn/ubuntu bionic/main amd64 python-attr all 17.4.0-2 [23.7 kB]
Get:736 https://mirrors.tuna.tsinghua.edu.cn/ubuntu bionic/main amd64 python-pyasn1 all 0.4.2-3 [46.7 kB]
Get:737 https://mirrors.tuna.tsinghua.edu.cn/ubuntu bionic/main amd64 python-pyasn1-modules all 0.2.1-0.2 [32.8 kB]
Get:738 https://mirrors.tuna.tsinghua.edu.cn/ubuntu bionic/main amd64 python-service-identity all 16.0.0-2 [9,318 B]
Get:739 https://mirrors.tuna.tsinghua.edu.cn/ubuntu bionic/universe amd64 python-snappy amd64 0.5-1.1build2 [10.8 kB]
Get:740 https://mirrors.tuna.tsinghua.edu.cn/ubuntu bionic/universe amd64 python-trie all 0.2+ds-1 [7,076 B]
Get:741 https://mirrors.tuna.tsinghua.edu.cn/ubuntu bionic/universe amd64 python-trollius all 2.1~b1-5 [83.9 kB]
Get:742 https://mirrors.tuna.tsinghua.edu.cn/ubuntu bionic-updates/main amd64 python-twisted-bin amd64 17.9.0-2ubuntu0.3 [15.4 kB]
Get:743 https://mirrors.tuna.tsinghua.edu.cn/ubuntu bionic-updates/main amd64 python-pkg-resources all 39.0.1-2ubuntu0.1 [128 kB]
Get:744 https://mirrors.tuna.tsinghua.edu.cn/ubuntu bionic/main amd64 python-zope.interface amd64 4.3.2-1build2 [82.2 kB]
Get:745 https://mirrors.tuna.tsinghua.edu.cn/ubuntu bionic/main amd64 python-automat all 0.6.0-1 [25.1 kB]
Get:746 https://mirrors.tuna.tsinghua.edu.cn/ubuntu bionic/main amd64 python-constantly all 15.1.0-1 [7,960 B]
Get:747 https://mirrors.tuna.tsinghua.edu.cn/ubuntu bionic/main amd64 python-hyperlink all 17.3.1-2 [27.5 kB]
Get:748 https://mirrors.tuna.tsinghua.edu.cn/ubuntu bionic/main amd64 python-incremental all 16.10.1-3 [14.4 kB]
Get:749 https://mirrors.tuna.tsinghua.edu.cn/ubuntu bionic-updates/main amd64 python-twisted-core all 17.9.0-2ubuntu0.3 [2,011 kB]
Get:750 https://mirrors.tuna.tsinghua.edu.cn/ubuntu bionic-updates/main amd64 python-twisted all 17.9.0-2ubuntu0.3 [3,732 B]
Get:751 https://mirrors.tuna.tsinghua.edu.cn/ubuntu bionic/universe amd64 python-txaio all 2.8.1-1 [18.2 kB]
Get:752 https://mirrors.tuna.tsinghua.edu.cn/ubuntu bionic/universe amd64 python-u-msgpack all 2.1-1 [7,268 B]
Get:753 https://mirrors.tuna.tsinghua.edu.cn/ubuntu bionic/universe amd64 python-ubjson amd64 0.8.5-2build1 [95.0 kB]
Get:754 https://mirrors.tuna.tsinghua.edu.cn/ubuntu bionic/universe amd64 python-wsaccel amd64 0.6.2-1 [37.5 kB]
Get:755 https://mirrors.tuna.tsinghua.edu.cn/ubuntu bionic/universe amd64 python-autobahn all 17.10.1+dfsg1-2 [158 kB]
Get:756 https://mirrors.tuna.tsinghua.edu.cn/ubuntu bionic/universe amd64 python-mpi4py amd64 2.0.0-3 [421 kB]
Get:757 https://mirrors.tuna.tsinghua.edu.cn/ubuntu bionic/universe amd64 python-vtk6 amd64 6.3.0+dfsg1-11build1 [283 kB]
Get:758 https://mirrors.tuna.tsinghua.edu.cn/ubuntu bionic/main amd64 tcl8.6 amd64 8.6.8+dfsg-3 [14.4 kB]
Get:759 https://mirrors.tuna.tsinghua.edu.cn/ubuntu bionic/main amd64 tcl8.6-dev amd64 8.6.8+dfsg-3 [887 kB]
Get:760 https://mirrors.tuna.tsinghua.edu.cn/ubuntu bionic/universe amd64 tcl amd64 8.6.0+9 [5,146 B]
Get:761 https://mirrors.tuna.tsinghua.edu.cn/ubuntu bionic/universe amd64 tcl-dev amd64 8.6.0+9 [5,664 B]
Get:762 https://mirrors.tuna.tsinghua.edu.cn/ubuntu bionic/universe amd64 tcl-vtk6 amd64 6.3.0+dfsg1-11build1 [142 kB]
Get:763 https://mirrors.tuna.tsinghua.edu.cn/ubuntu bionic/main amd64 tk8.6 amd64 8.6.8-4 [12.3 kB]
Get:764 https://mirrors.tuna.tsinghua.edu.cn/ubuntu bionic/main amd64 tk8.6-dev amd64 8.6.8-4 [679 kB]
Get:765 https://mirrors.tuna.tsinghua.edu.cn/ubuntu bionic/universe amd64 tk amd64 8.6.0+9 [3,178 B]
Get:766 https://mirrors.tuna.tsinghua.edu.cn/ubuntu bionic/universe amd64 tk-dev amd64 8.6.0+9 [2,964 B]
Get:767 https://mirrors.tuna.tsinghua.edu.cn/ubuntu bionic/universe amd64 vtk6 amd64 6.3.0+dfsg1-11build1 [180 kB]
Get:768 https://mirrors.tuna.tsinghua.edu.cn/ubuntu bionic/universe amd64 libvtk6-dev amd64 6.3.0+dfsg1-11build1 [2,145 kB]
Get:769 https://mirrors.tuna.tsinghua.edu.cn/ubuntu bionic/universe amd64 qt5-assistant amd64 5.9.5-0ubuntu1 [747 kB]
Get:770 https://mirrors.tuna.tsinghua.edu.cn/ubuntu bionic/universe amd64 qttools5-dev-tools amd64 5.9.5-0ubuntu1 [1,435 kB]
Get:771 https://mirrors.tuna.tsinghua.edu.cn/ubuntu bionic/universe amd64 qttools5-dev amd64 5.9.5-0ubuntu1 [184 kB]
Get:772 https://mirrors.tuna.tsinghua.edu.cn/ubuntu bionic/universe amd64 qttools5-private-dev amd64 5.9.5-0ubuntu1 [69.5 kB]
Get:773 https://mirrors.tuna.tsinghua.edu.cn/ubuntu bionic/universe amd64 libvtk6-qt-dev amd64 6.3.0+dfsg1-11build1 [37.5 kB]
Get:774 https://mirrors.tuna.tsinghua.edu.cn/ubuntu bionic/universe amd64 libwxbase3.0-0v5 amd64 3.0.4+dfsg-3 [954 kB]
Get:775 https://mirrors.tuna.tsinghua.edu.cn/ubuntu bionic/universe amd64 libwxgtk3.0-gtk3-0v5 amd64 3.0.4+dfsg-3 [4,154 kB]
Get:776 https://mirrors.tuna.tsinghua.edu.cn/ubuntu bionic-updates/main amd64 libx11-doc all 2:1.6.4-3ubuntu0.4 [2,065 kB]
Get:777 https://mirrors.tuna.tsinghua.edu.cn/ubuntu bionic/universe amd64 libyaml-cpp0.5v5 amd64 0.5.2-4ubuntu1 [150 kB]
Get:778 https://mirrors.tuna.tsinghua.edu.cn/ubuntu bionic/universe amd64 libyaml-cpp-dev amd64 0.5.2-4ubuntu1 [192 kB]
Get:779 https://mirrors.tuna.tsinghua.edu.cn/ubuntu bionic/main amd64 manpages-dev all 4.15-1 [2,217 kB]
Get:780 https://mirrors.tuna.tsinghua.edu.cn/ubuntu bionic-updates/universe amd64 mercurial-common all 4.5.3-1ubuntu2.2 [2,199 kB]
Get:781 https://mirrors.tuna.tsinghua.edu.cn/ubuntu bionic-updates/universe amd64 mercurial amd64 4.5.3-1ubuntu2.2 [193 kB]
Get:782 https://mirrors.tuna.tsinghua.edu.cn/ubuntu bionic-updates/universe amd64 mesa-va-drivers amd64 20.0.8-0ubuntu1~18.04.1 [2,376 kB]
Get:783 https://mirrors.tuna.tsinghua.edu.cn/ubuntu bionic-updates/main amd64 mesa-vdpau-drivers amd64 20.0.8-0ubuntu1~18.04.1 [2,496 kB]
Get:784 https://mirrors.tuna.tsinghua.edu.cn/ubuntu bionic-updates/universe amd64 opencv-data all 3.2.0+dfsg-4ubuntu0.1 [1,196 kB]
Get:785 https://mirrors.tuna.tsinghua.edu.cn/ubuntu bionic-updates/universe amd64 python-sip amd64 4.19.7+dfsg-1ubuntu0.1 [75.2 kB]
Get:786 https://mirrors.tuna.tsinghua.edu.cn/ubuntu bionic-updates/universe amd64 sip-dev amd64 4.19.7+dfsg-1ubuntu0.1 [154 kB]
Get:787 https://mirrors.tuna.tsinghua.edu.cn/ubuntu bionic-updates/universe amd64 python-sip-dev amd64 4.19.7+dfsg-1ubuntu0.1 [21.9 kB]
Get:788 https://mirrors.tuna.tsinghua.edu.cn/ubuntu bionic/universe amd64 pyqt5-dev all 5.10.1+dfsg-1ubuntu2 [300 kB]
Get:789 https://mirrors.tuna.tsinghua.edu.cn/ubuntu bionic/universe amd64 python-backports.functools-lru-cache all 1.4-2 [5,960 B]
Get:790 https://mirrors.tuna.tsinghua.edu.cn/ubuntu bionic/main amd64 python-cairo amd64 1.16.2-1 [56.4 kB]
Get:791 https://mirrors.tuna.tsinghua.edu.cn/ubuntu bionic/main amd64 python-dateutil all 2.6.1-1 [60.6 kB]
Get:792 https://mirrors.tuna.tsinghua.edu.cn/ubuntu bionic/main amd64 python-roman all 2.0.0-3 [8,548 B]
Get:793 https://mirrors.tuna.tsinghua.edu.cn/ubuntu bionic/main amd64 python-docutils all 0.14+dfsg-3 [365 kB]
Get:794 https://mirrors.tuna.tsinghua.edu.cn/ubuntu bionic/main amd64 python-pyparsing all 2.2.0+dfsg1-2 [52.1 kB]
Get:795 https://mirrors.tuna.tsinghua.edu.cn/ros/ubuntu bionic/main amd64 python-catkin-pkg-modules all 0.5.2-1 [43.1 kB]
Get:796 https://mirrors.tuna.tsinghua.edu.cn/ros/ubuntu bionic/main amd64 python-catkin-pkg all 0.5.2-100 [3,640 B]
Get:797 https://mirrors.tuna.tsinghua.edu.cn/ubuntu bionic/main amd64 python-chardet all 3.0.4-1 [80.3 kB]
Get:798 https://mirrors.tuna.tsinghua.edu.cn/ubuntu bionic/main amd64 python-colorama all 0.3.7-1 [22.6 kB]
Get:799 https://mirrors.tuna.tsinghua.edu.cn/ubuntu bionic/main amd64 python-click all 6.7-3 [56.4 kB]
Get:800 https://mirrors.tuna.tsinghua.edu.cn/ubuntu bionic/main amd64 python-crypto amd64 2.6.1-8ubuntu2 [244 kB]
Get:801 https://mirrors.tuna.tsinghua.edu.cn/ubuntu bionic/universe amd64 python-cycler all 0.10.0-1 [7,520 B]
Get:802 https://mirrors.tuna.tsinghua.edu.cn/ubuntu bionic/main amd64 python-dbus amd64 1.2.6-1 [90.2 kB]
Get:803 https://mirrors.tuna.tsinghua.edu.cn/ubuntu bionic/main amd64 python-defusedxml all 0.5.0-1ubuntu1 [35.1 kB]
Get:804 https://mirrors.tuna.tsinghua.edu.cn/ubuntu bionic/universe amd64 python-empy all 3.3.2-1build1 [72.5 kB]
Get:805 https://mirrors.tuna.tsinghua.edu.cn/ubuntu bionic-updates/main amd64 python-gi amd64 3.26.1-2ubuntu1 [197 kB]
Get:806 https://mirrors.tuna.tsinghua.edu.cn/ubuntu bionic-updates/universe amd64 python-gnupg all 0.4.1-1ubuntu1.18.04.1 [17.0 kB]
Get:807 https://mirrors.tuna.tsinghua.edu.cn/ubuntu bionic-updates/main amd64 python-httplib2 all 0.9.2+dfsg-1ubuntu0.3 [34.9 kB]
Get:808 https://mirrors.tuna.tsinghua.edu.cn/ubuntu bionic/main amd64 python-secretstorage all 2.3.1-2 [11.8 kB]
Get:809 https://mirrors.tuna.tsinghua.edu.cn/ubuntu bionic/main amd64 python-keyring all 10.6.0-1 [30.6 kB]
Get:810 https://mirrors.tuna.tsinghua.edu.cn/ubuntu bionic/main amd64 python-keyrings.alt all 3.0-1 [16.7 kB]
Get:811 https://mirrors.tuna.tsinghua.edu.cn/ubuntu bionic/main amd64 python-lazr.uri all 1.0.3-2build1 [13.6 kB]
Get:812 https://mirrors.tuna.tsinghua.edu.cn/ubuntu bionic/main amd64 python-simplejson amd64 3.13.2-1 [61.2 kB]
Get:813 https://mirrors.tuna.tsinghua.edu.cn/ubuntu bionic-updates/main amd64 python-wadllib all 1.3.2-3ubuntu0.18.04.1 [29.9 kB]
Get:814 https://mirrors.tuna.tsinghua.edu.cn/ubuntu bionic/main amd64 python-oauth all 1.0.1-5 [12.9 kB]
Get:815 https://mirrors.tuna.tsinghua.edu.cn/ubuntu bionic/main amd64 python-lazr.restfulclient all 0.13.5-1 [51.0 kB]
Get:816 https://mirrors.tuna.tsinghua.edu.cn/ubuntu bionic/main amd64 python-launchpadlib all 1.10.6-1 [45.9 kB]
Get:817 https://mirrors.tuna.tsinghua.edu.cn/ubuntu bionic/universe amd64 ttf-bitstream-vera all 1.10-8 [352 kB]
Get:818 https://mirrors.tuna.tsinghua.edu.cn/ubuntu bionic/universe amd64 python-matplotlib-data all 2.1.1-2ubuntu3 [3,774 kB]
Get:819 https://mirrors.tuna.tsinghua.edu.cn/ubuntu bionic/main amd64 python-tz all 2018.3-2 [31.6 kB]
Get:820 https://mirrors.tuna.tsinghua.edu.cn/ubuntu bionic/main amd64 python-numpy amd64 1:1.13.3-2ubuntu1 [1,938 kB]
Get:821 https://mirrors.tuna.tsinghua.edu.cn/ubuntu bionic/universe amd64 python-subprocess32 amd64 3.2.7-3 [27.2 kB]
Get:822 https://mirrors.tuna.tsinghua.edu.cn/ubuntu bionic/universe amd64 python-matplotlib amd64 2.1.1-2ubuntu3 [3,901 kB]
Get:823 https://mirrors.tuna.tsinghua.edu.cn/ubuntu bionic/main amd64 python-netifaces amd64 0.10.4-0.1build4 [16.6 kB]
Get:824 https://mirrors.tuna.tsinghua.edu.cn/ubuntu bionic/universe amd64 python-nose all 1.3.7-3 [116 kB]
Get:825 https://mirrors.tuna.tsinghua.edu.cn/ubuntu bionic/main amd64 python-olefile all 0.45.1-1 [33.2 kB]
Get:826 https://mirrors.tuna.tsinghua.edu.cn/ubuntu bionic-updates/universe amd64 python-opencv amd64 3.2.0+dfsg-4ubuntu0.1 [535 kB]
Get:827 https://mirrors.tuna.tsinghua.edu.cn/ubuntu bionic/universe amd64 python-opengl all 3.1.0+dfsg-1 [496 kB]
Get:828 https://mirrors.tuna.tsinghua.edu.cn/ubuntu bionic/main amd64 python-pam amd64 0.4.2-13.2ubuntu4 [9,856 B]
Get:829 https://mirrors.tuna.tsinghua.edu.cn/ubuntu bionic-updates/main amd64 python-paramiko all 2.0.0-1ubuntu1.3 [110 kB]
Get:830 https://mirrors.tuna.tsinghua.edu.cn/ubuntu bionic-updates/main amd64 python-psutil amd64 5.4.2-1ubuntu0.1 [136 kB]
Get:831 https://mirrors.tuna.tsinghua.edu.cn/ubuntu bionic/main amd64 python-pycryptodome amd64 3.4.7-1ubuntu1 [4,755 kB]
Get:832 https://mirrors.tuna.tsinghua.edu.cn/ubuntu bionic/universe amd64 python-pydot all 1.2.3-1 [19.6 kB]
Get:833 https://mirrors.tuna.tsinghua.edu.cn/ubuntu bionic-updates/main amd64 python-pygments all 2.2.0+dfsg-1ubuntu0.2 [576 kB]
Get:834 https://mirrors.tuna.tsinghua.edu.cn/ubuntu bionic/universe amd64 python-pyqt5 amd64 5.10.1+dfsg-1ubuntu2 [2,125 kB]
Get:835 https://mirrors.tuna.tsinghua.edu.cn/ubuntu bionic/universe amd64 python-pyqt5.qtopengl amd64 5.10.1+dfsg-1ubuntu2 [95.9 kB]
Get:836 https://mirrors.tuna.tsinghua.edu.cn/ubuntu bionic/universe amd64 python-pyqt5.qtsvg amd64 5.10.1+dfsg-1ubuntu2 [25.6 kB]
Get:837 https://mirrors.tuna.tsinghua.edu.cn/ubuntu bionic/universe amd64 python-pyqt5.qtwebkit amd64 5.10.1+dfsg-1ubuntu2 [94.6 kB]
Get:838 https://mirrors.tuna.tsinghua.edu.cn/ubuntu bionic/main amd64 python-yaml amd64 3.12-1build2 [115 kB]
Get:839 https://mirrors.tuna.tsinghua.edu.cn/ros/ubuntu bionic/main amd64 python-rospkg-modules all 1.5.1-1 [24.2 kB]
Get:840 https://mirrors.tuna.tsinghua.edu.cn/ubuntu bionic-updates/main amd64 python-setuptools all 39.0.1-2ubuntu0.1 [329 kB]
Get:841 https://mirrors.tuna.tsinghua.edu.cn/ros/ubuntu bionic/main amd64 python-rosdistro-modules all 0.9.1-1 [31.8 kB]
Get:842 https://mirrors.tuna.tsinghua.edu.cn/ros/ubuntu bionic/main amd64 python-rosdep-modules all 0.23.1-1 [52.6 kB]
Get:843 https://mirrors.tuna.tsinghua.edu.cn/ros/ubuntu bionic/main amd64 python-rosdep all 0.23.1-1 [3,288 B]
Get:844 https://mirrors.tuna.tsinghua.edu.cn/ros/ubuntu bionic/main amd64 python-rosdistro all 0.9.1-100 [6,360 B]
Get:845 https://mirrors.tuna.tsinghua.edu.cn/ubuntu bionic-updates/universe amd64 subversion amd64 1.9.7-4ubuntu1.1 [834 kB]
Get:846 https://mirrors.tuna.tsinghua.edu.cn/ros/ubuntu bionic/main amd64 python-vcstools all 0.1.42-1 [30.1 kB]
Get:847 https://mirrors.tuna.tsinghua.edu.cn/ros/ubuntu bionic/main amd64 python-wstool all 0.1.17-1 [42.4 kB]
Get:848 https://mirrors.tuna.tsinghua.edu.cn/ros/ubuntu bionic/main amd64 python-rosinstall all 0.7.8-1 [23.7 kB]
Get:849 https://mirrors.tuna.tsinghua.edu.cn/ros/ubuntu bionic/main amd64 python-rosinstall-generator all 0.1.23-1 [11.5 kB]
Get:850 https://mirrors.tuna.tsinghua.edu.cn/ros/ubuntu bionic/main amd64 python-rospkg all 1.5.1-100 [2,300 B]
Get:851 https://mirrors.tuna.tsinghua.edu.cn/ubuntu bionic/main amd64 python-serial all 3.4-2 [71.9 kB]
Get:852 https://mirrors.tuna.tsinghua.edu.cn/ubuntu bionic-updates/main amd64 python-tk amd64 2.7.17-1~18.04 [26.0 kB]
Get:853 https://mirrors.tuna.tsinghua.edu.cn/ubuntu bionic/universe amd64 python-wxversion all 3.0.2.0+dfsg-7 [12.4 kB]
Get:854 https://mirrors.tuna.tsinghua.edu.cn/ubuntu bionic/universe amd64 python-wxgtk3.0 amd64 3.0.2.0+dfsg-7 [5,072 kB]
Get:855 https://mirrors.tuna.tsinghua.edu.cn/ubuntu bionic/universe amd64 python-wxtools all 3.0.2.0+dfsg-7 [8,040 B]
Get:856 https://mirrors.tuna.tsinghua.edu.cn/ubuntu bionic-updates/main amd64 qt5-gtk-platformtheme amd64 5.9.5+dfsg-0ubuntu2.6 [117 kB]
Get:857 https://mirrors.tuna.tsinghua.edu.cn/ubuntu bionic/main amd64 qttranslations5-l10n all 5.9.5-0ubuntu1 [1,485 kB]
Get:858 https://mirrors.tuna.tsinghua.edu.cn/ros/ubuntu bionic/main amd64 ros-melodic-catkin amd64 0.7.29-1bionic.20201014.191449 [128 kB]
Get:859 https://mirrors.tuna.tsinghua.edu.cn/ros/ubuntu bionic/main amd64 ros-melodic-genmsg amd64 0.5.17-1bionic.20221025.173817 [35.9 kB]
Get:860 https://mirrors.tuna.tsinghua.edu.cn/ros/ubuntu bionic/main amd64 ros-melodic-gencpp amd64 0.6.6-1bionic.20221025.174158 [15.6 kB]
Get:861 https://mirrors.tuna.tsinghua.edu.cn/ros/ubuntu bionic/main amd64 ros-melodic-geneus amd64 2.2.6-0bionic.20221025.174153 [25.1 kB]
Get:862 https://mirrors.tuna.tsinghua.edu.cn/ros/ubuntu bionic/main amd64 ros-melodic-genlisp amd64 0.4.16-0bionic.20221025.174014 [21.8 kB]
Get:863 https://mirrors.tuna.tsinghua.edu.cn/ros/ubuntu bionic/main amd64 ros-melodic-gennodejs amd64 2.0.1-0bionic.20221025.174010 [21.8 kB]
Get:864 https://mirrors.tuna.tsinghua.edu.cn/ros/ubuntu bionic/main amd64 ros-melodic-genpy amd64 0.6.16-1bionic.20221025.174014 [52.2 kB]
Get:865 https://mirrors.tuna.tsinghua.edu.cn/ros/ubuntu bionic/main amd64 ros-melodic-message-generation amd64 0.4.1-1bionic.20221025.174412 [4,764 B]
Get:866 https://mirrors.tuna.tsinghua.edu.cn/ros/ubuntu bionic/main amd64 ros-melodic-cpp-common amd64 0.6.14-1bionic.20200801.035855 [22.0 kB]
Get:867 https://mirrors.tuna.tsinghua.edu.cn/ros/ubuntu bionic/main amd64 ros-melodic-rostime amd64 0.6.14-1bionic.20200801.051100 [38.9 kB]
Get:868 https://mirrors.tuna.tsinghua.edu.cn/ros/ubuntu bionic/main amd64 ros-melodic-roscpp-traits amd64 0.6.14-1bionic.20200801.063118 [10.3 kB]
Get:869 https://mirrors.tuna.tsinghua.edu.cn/ros/ubuntu bionic/main amd64 ros-melodic-roscpp-serialization amd64 0.6.14-1bionic.20200801.063506 [13.1 kB]
Get:870 https://mirrors.tuna.tsinghua.edu.cn/ros/ubuntu bionic/main amd64 ros-melodic-message-runtime amd64 0.4.12-0bionic.20221025.174256 [4,796 B]
Get:871 https://mirrors.tuna.tsinghua.edu.cn/ros/ubuntu bionic/main amd64 ros-melodic-std-msgs amd64 0.5.12-0bionic.20221025.174604 [56.5 kB]
Get:872 https://mirrors.tuna.tsinghua.edu.cn/ros/ubuntu bionic/main amd64 ros-melodic-actionlib-msgs amd64 1.12.8-1bionic.20221025.174924 [26.7 kB]
Get:873 https://mirrors.tuna.tsinghua.edu.cn/ubuntu bionic/universe amd64 liblog4cxx-dev amd64 0.10.0-13ubuntu2 [857 kB]
Get:874 https://mirrors.tuna.tsinghua.edu.cn/ros/ubuntu bionic/main amd64 ros-melodic-rosbuild amd64 1.14.9-1bionic.20221025.174623 [27.9 kB]
Get:875 https://mirrors.tuna.tsinghua.edu.cn/ros/ubuntu bionic/main amd64 ros-melodic-rosconsole amd64 1.13.18-1bionic.20221025.180608 [86.8 kB]
Get:876 https://mirrors.tuna.tsinghua.edu.cn/ros/ubuntu bionic/main amd64 ros-melodic-rosgraph-msgs amd64 1.11.2-0bionic.20221025.180432 [25.4 kB]
Get:877 https://mirrors.tuna.tsinghua.edu.cn/ros/ubuntu bionic/main amd64 ros-melodic-xmlrpcpp amd64 1.14.13-1bionic.20220127.142710 [60.2 kB]
Get:878 https://mirrors.tuna.tsinghua.edu.cn/ros/ubuntu bionic/main amd64 ros-melodic-roscpp amd64 1.14.13-1bionic.20221025.181538 [494 kB]
Get:879 https://mirrors.tuna.tsinghua.edu.cn/ros/ubuntu bionic/main amd64 ros-melodic-ros-environment amd64 1.2.3-1bionic.20201015.052244 [5,652 B]
Get:880 https://mirrors.tuna.tsinghua.edu.cn/ros/ubuntu bionic/main amd64 ros-melodic-rospack amd64 2.5.6-1bionic.20201015.070131 [98.8 kB]
Get:881 https://mirrors.tuna.tsinghua.edu.cn/ros/ubuntu bionic/main amd64 ros-melodic-roslib amd64 1.14.9-1bionic.20201016.105810 [92.2 kB]
Get:882 https://mirrors.tuna.tsinghua.edu.cn/ros/ubuntu bionic/main amd64 ros-melodic-rosgraph amd64 1.14.13-1bionic.20220127.142555 [48.1 kB]
Get:883 https://mirrors.tuna.tsinghua.edu.cn/ros/ubuntu bionic/main amd64 ros-melodic-rospy amd64 1.14.13-1bionic.20221025.182746 [135 kB]
Get:884 https://mirrors.tuna.tsinghua.edu.cn/ros/ubuntu bionic/main amd64 ros-melodic-rosclean amd64 1.14.9-1bionic.20201015.071027 [11.8 kB]
Get:885 https://mirrors.tuna.tsinghua.edu.cn/ros/ubuntu bionic/main amd64 ros-melodic-rosmaster amd64 1.14.13-1bionic.20220127.143155 [41.2 kB]
Get:886 https://mirrors.tuna.tsinghua.edu.cn/ros/ubuntu bionic/main amd64 ros-melodic-rosout amd64 1.14.13-1bionic.20221025.182737 [34.0 kB]
Get:887 https://mirrors.tuna.tsinghua.edu.cn/ros/ubuntu bionic/main amd64 ros-melodic-rosparam amd64 1.14.13-1bionic.20220127.142805 [17.7 kB]
Get:888 https://mirrors.tuna.tsinghua.edu.cn/ros/ubuntu bionic/main amd64 ros-melodic-rosunit amd64 1.14.9-1bionic.20201017.031507 [46.9 kB]
Get:889 https://mirrors.tuna.tsinghua.edu.cn/ros/ubuntu bionic/main amd64 ros-melodic-roslaunch amd64 1.14.13-1bionic.20221025.183434 [137 kB]
Get:890 https://mirrors.tuna.tsinghua.edu.cn/ros/ubuntu bionic/main amd64 ros-melodic-rostest amd64 1.14.13-1bionic.20221025.183909 [30.7 kB]
Get:891 https://mirrors.tuna.tsinghua.edu.cn/ubuntu bionic-updates/main amd64 libgpgme-dev amd64 1.10.0-1ubuntu2 [306 kB]
Get:892 https://mirrors.tuna.tsinghua.edu.cn/ros/ubuntu bionic/main amd64 ros-melodic-class-loader amd64 0.4.1-0bionic.20201015.033003 [61.5 kB]
Get:893 https://mirrors.tuna.tsinghua.edu.cn/ros/ubuntu bionic/main amd64 ros-melodic-pluginlib amd64 1.12.1-0bionic.20221025.180956 [20.7 kB]
Get:894 https://mirrors.tuna.tsinghua.edu.cn/ubuntu bionic-updates/main amd64 liblz4-dev amd64 0.0~r131-2ubuntu3.1 [61.7 kB]
Get:895 https://mirrors.tuna.tsinghua.edu.cn/ros/ubuntu bionic/main amd64 ros-melodic-roslz4 amd64 1.14.13-1bionic.20220127.142622 [16.4 kB]
Get:896 https://mirrors.tuna.tsinghua.edu.cn/ros/ubuntu bionic/main amd64 ros-melodic-rosbag-storage amd64 1.14.13-1bionic.20221025.184506 [178 kB]
Get:897 https://mirrors.tuna.tsinghua.edu.cn/ros/ubuntu bionic/main amd64 ros-melodic-std-srvs amd64 1.11.2-0bionic.20221025.174616 [18.5 kB]
Get:898 https://mirrors.tuna.tsinghua.edu.cn/ros/ubuntu bionic/main amd64 ros-melodic-topic-tools amd64 1.14.13-1bionic.20221025.184424 [143 kB]
Get:899 https://mirrors.tuna.tsinghua.edu.cn/ros/ubuntu bionic/main amd64 ros-melodic-rosbag amd64 1.14.13-1bionic.20221025.185335 [344 kB]
Get:900 https://mirrors.tuna.tsinghua.edu.cn/ros/ubuntu bionic/main amd64 ros-melodic-rostopic amd64 1.14.13-1bionic.20221025.185955 [45.0 kB]
Get:901 https://mirrors.tuna.tsinghua.edu.cn/ros/ubuntu bionic/main amd64 ros-melodic-actionlib amd64 1.12.1-1bionic.20221025.190636 [143 kB]
Get:902 https://mirrors.tuna.tsinghua.edu.cn/ros/ubuntu bionic/main amd64 ros-melodic-angles amd64 1.9.12-1bionic.20201017.032544 [12.3 kB]
Get:903 https://mirrors.tuna.tsinghua.edu.cn/ros/ubuntu bionic/main amd64 ros-melodic-bond amd64 1.8.5-1bionic.20221025.175226 [18.4 kB]
Get:904 https://mirrors.tuna.tsinghua.edu.cn/ros/ubuntu bionic/main amd64 ros-melodic-smclib amd64 1.8.5-1bionic.20200801.035835 [13.6 kB]
Get:905 https://mirrors.tuna.tsinghua.edu.cn/ros/ubuntu bionic/main amd64 ros-melodic-bondcpp amd64 1.8.5-1bionic.20221025.182354 [58.0 kB]
Get:906 https://mirrors.tuna.tsinghua.edu.cn/ros/ubuntu bionic/main amd64 ros-melodic-bondpy amd64 1.8.5-1bionic.20221025.183131 [15.4 kB]
Get:907 https://mirrors.tuna.tsinghua.edu.cn/ros/ubuntu bionic/main amd64 ros-melodic-bond-core amd64 1.8.5-1bionic.20221025.183502 [2,600 B]
Get:908 https://mirrors.tuna.tsinghua.edu.cn/ros/ubuntu bionic/main amd64 ros-melodic-geometry-msgs amd64 1.12.8-1bionic.20221025.175355 [66.8 kB]
Get:909 https://mirrors.tuna.tsinghua.edu.cn/ros/ubuntu bionic/main amd64 ros-melodic-sensor-msgs amd64 1.12.8-1bionic.20221025.185709 [133 kB]
Get:910 https://mirrors.tuna.tsinghua.edu.cn/ros/ubuntu bionic/main amd64 ros-melodic-cv-bridge amd64 1.13.1-1bionic.20221025.190044 [90.5 kB]
Get:911 https://mirrors.tuna.tsinghua.edu.cn/ros/ubuntu bionic/main amd64 ros-melodic-image-geometry amd64 1.13.1-1bionic.20221025.190823 [34.3 kB]
Get:912 https://mirrors.tuna.tsinghua.edu.cn/ros/ubuntu bionic/main amd64 ros-melodic-message-filters amd64 1.14.13-1bionic.20221025.184443 [33.5 kB]
Get:913 https://mirrors.tuna.tsinghua.edu.cn/ros/ubuntu bionic/main amd64 ros-melodic-camera-calibration amd64 1.15.2-1bionic.20221025.191201 [49.8 kB]
Get:914 https://mirrors.tuna.tsinghua.edu.cn/ros/ubuntu bionic/main amd64 ros-melodic-diagnostic-msgs amd64 1.12.8-1bionic.20221025.175306 [32.2 kB]
Get:915 https://mirrors.tuna.tsinghua.edu.cn/ros/ubuntu bionic/main amd64 ros-melodic-nav-msgs amd64 1.12.8-1bionic.20221025.175754 [66.5 kB]
Get:916 https://mirrors.tuna.tsinghua.edu.cn/ros/ubuntu bionic/main amd64 ros-melodic-shape-msgs amd64 1.12.8-1bionic.20221025.175947 [22.7 kB]
Get:917 https://mirrors.tuna.tsinghua.edu.cn/ros/ubuntu bionic/main amd64 ros-melodic-stereo-msgs amd64 1.12.8-1bionic.20221025.191732 [18.9 kB]
Get:918 https://mirrors.tuna.tsinghua.edu.cn/ros/ubuntu bionic/main amd64 ros-melodic-rosbag-migration-rule amd64 1.0.0-0bionic.20200801.040144 [4,624 B]
Get:919 https://mirrors.tuna.tsinghua.edu.cn/ros/ubuntu bionic/main amd64 ros-melodic-trajectory-msgs amd64 1.12.8-1bionic.20221025.180014 [28.1 kB]
Get:920 https://mirrors.tuna.tsinghua.edu.cn/ros/ubuntu bionic/main amd64 ros-melodic-visualization-msgs amd64 1.12.8-1bionic.20221025.180213 [70.8 kB]
Get:921 https://mirrors.tuna.tsinghua.edu.cn/ros/ubuntu bionic/main amd64 ros-melodic-common-msgs amd64 1.12.8-1bionic.20221025.192012 [2,812 B]
Get:922 https://mirrors.tuna.tsinghua.edu.cn/ros/ubuntu bionic/main amd64 ros-melodic-rosmsg amd64 1.14.13-1bionic.20221025.185916 [22.6 kB]
Get:923 https://mirrors.tuna.tsinghua.edu.cn/ros/ubuntu bionic/main amd64 ros-melodic-rosservice amd64 1.14.13-1bionic.20221025.190129 [18.6 kB]
Get:924 https://mirrors.tuna.tsinghua.edu.cn/ros/ubuntu bionic/main amd64 ros-melodic-dynamic-reconfigure amd64 1.6.5-1bionic.20221025.192006 [94.8 kB]
Get:925 https://mirrors.tuna.tsinghua.edu.cn/ros/ubuntu bionic/main amd64 ros-melodic-image-transport amd64 1.11.13-0bionic.20221025.190453 [224 kB]
Get:926 https://mirrors.tuna.tsinghua.edu.cn/ros/ubuntu bionic/main amd64 ros-melodic-compressed-depth-image-transport amd64 1.9.6-1bionic.20230202.200046 [82.6 kB]
Get:927 https://mirrors.tuna.tsinghua.edu.cn/ros/ubuntu bionic/main amd64 ros-melodic-compressed-image-transport amd64 1.9.6-1bionic.20230202.200106 [89.5 kB]
Get:928 https://mirrors.tuna.tsinghua.edu.cn/ros/ubuntu bionic/main amd64 ros-melodic-control-msgs amd64 1.5.1-1bionic.20221025.180101 [116 kB]
Get:929 https://mirrors.tuna.tsinghua.edu.cn/ros/ubuntu bionic/main amd64 ros-melodic-realtime-tools amd64 1.15.1-1bionic.20221025.201415 [15.7 kB]
Get:930 https://mirrors.tuna.tsinghua.edu.cn/ros/ubuntu bionic/main amd64 ros-melodic-control-toolbox amd64 1.19.0-1bionic.20221025.202332 [96.1 kB]
Get:931 https://mirrors.tuna.tsinghua.edu.cn/ros/ubuntu bionic/main amd64 ros-melodic-hardware-interface amd64 0.18.4-1bionic.20221025.182429 [24.2 kB]
Get:932 https://mirrors.tuna.tsinghua.edu.cn/ros/ubuntu bionic/main amd64 ros-melodic-controller-interface amd64 0.18.4-1bionic.20221025.182637 [14.2 kB]
Get:933 https://mirrors.tuna.tsinghua.edu.cn/ros/ubuntu bionic/main amd64 ros-melodic-controller-manager-msgs amd64 0.18.4-1bionic.20221025.192015 [54.7 kB]
Get:934 https://mirrors.tuna.tsinghua.edu.cn/ros/ubuntu bionic/main amd64 ros-melodic-controller-manager amd64 0.18.4-1bionic.20221025.202229 [118 kB]
Get:935 https://mirrors.tuna.tsinghua.edu.cn/ros/ubuntu bionic/main amd64 ros-melodic-orocos-kdl amd64 1.4.0-0bionic.20201017.031444 [261 kB]
Get:936 https://mirrors.tuna.tsinghua.edu.cn/ros/ubuntu bionic/main amd64 ros-melodic-eigen-conversions amd64 1.12.1-1bionic.20221025.180648 [12.2 kB]
Get:937 https://mirrors.tuna.tsinghua.edu.cn/ros/ubuntu bionic/main amd64 ros-melodic-nodelet amd64 1.9.16-0bionic.20221025.182908 [155 kB]
Get:938 https://mirrors.tuna.tsinghua.edu.cn/ros/ubuntu bionic/main amd64 ros-melodic-tf2-msgs amd64 0.6.5-0bionic.20221025.180544 [44.2 kB]
Get:939 https://mirrors.tuna.tsinghua.edu.cn/ros/ubuntu bionic/main amd64 ros-melodic-tf2 amd64 0.6.5-0bionic.20221025.180805 [99.3 kB]
Get:940 https://mirrors.tuna.tsinghua.edu.cn/ros/ubuntu bionic/main amd64 ros-melodic-tf2-py amd64 0.6.5-0bionic.20221025.183352 [24.3 kB]
Get:941 https://mirrors.tuna.tsinghua.edu.cn/ros/ubuntu bionic/main amd64 ros-melodic-tf2-ros amd64 0.6.5-0bionic.20221025.192245 [222 kB]
Get:942 https://mirrors.tuna.tsinghua.edu.cn/ros/ubuntu bionic/main amd64 ros-melodic-depth-image-proc amd64 1.15.2-1bionic.20221025.192734 [185 kB]
Get:943 https://mirrors.tuna.tsinghua.edu.cn/ros/ubuntu bionic/main amd64 ros-melodic-diagnostic-aggregator amd64 1.9.7-1bionic.20221025.184453 [257 kB]
Get:944 https://mirrors.tuna.tsinghua.edu.cn/ros/ubuntu bionic/main amd64 ros-melodic-diagnostic-analysis amd64 1.9.7-1bionic.20221025.185951 [12.2 kB]
Get:945 https://mirrors.tuna.tsinghua.edu.cn/ubuntu bionic/universe amd64 hddtemp amd64 0.3-beta15-53 [47.7 kB]
Get:946 https://mirrors.tuna.tsinghua.edu.cn/ros/ubuntu bionic/main amd64 ros-melodic-diagnostic-updater amd64 1.9.7-1bionic.20221025.184506 [55.0 kB]
Get:947 https://mirrors.tuna.tsinghua.edu.cn/ros/ubuntu bionic/main amd64 ros-melodic-rosnode amd64 1.14.13-1bionic.20221025.190319 [20.6 kB]
Get:948 https://mirrors.tuna.tsinghua.edu.cn/ros/ubuntu bionic/main amd64 ros-melodic-roswtf amd64 1.14.13-1bionic.20221025.190549 [41.2 kB]
Get:949 https://mirrors.tuna.tsinghua.edu.cn/ros/ubuntu bionic/main amd64 ros-melodic-tf amd64 1.12.1-1bionic.20221025.192750 [219 kB]
Get:950 https://mirrors.tuna.tsinghua.edu.cn/ros/ubuntu bionic/main amd64 ros-melodic-diagnostic-common-diagnostics amd64 1.9.7-1bionic.20221025.195536 [24.1 kB]
Get:951 https://mirrors.tuna.tsinghua.edu.cn/ros/ubuntu bionic/main amd64 ros-melodic-self-test amd64 1.9.7-1bionic.20221025.184818 [151 kB]
Get:952 https://mirrors.tuna.tsinghua.edu.cn/ros/ubuntu bionic/main amd64 ros-melodic-diagnostics amd64 1.9.7-1bionic.20221025.201000 [2,268 B]
Get:953 https://mirrors.tuna.tsinghua.edu.cn/ros/ubuntu bionic/main amd64 ros-melodic-rosconsole-bridge amd64 0.5.3-0bionic.20221025.181027 [12.0 kB]
Get:954 https://mirrors.tuna.tsinghua.edu.cn/ros/ubuntu bionic/main amd64 ros-melodic-urdf amd64 1.13.2-1bionic.20221025.184459 [67.5 kB]
Get:955 https://mirrors.tuna.tsinghua.edu.cn/ros/ubuntu bionic/main amd64 ros-melodic-diff-drive-controller amd64 0.17.3-1bionic.20230524.155755 [124 kB]
Get:956 https://mirrors.tuna.tsinghua.edu.cn/ros/ubuntu bionic/main amd64 ros-melodic-smach amd64 2.0.3-1bionic.20230620.174247 [35.5 kB]
Get:957 https://mirrors.tuna.tsinghua.edu.cn/ros/ubuntu bionic/main amd64 ros-melodic-smach-msgs amd64 2.0.3-1bionic.20230620.174430 [21.6 kB]
Get:958 https://mirrors.tuna.tsinghua.edu.cn/ros/ubuntu bionic/main amd64 ros-melodic-smach-ros amd64 2.0.3-1bionic.20230620.174705 [29.2 kB]
Get:959 https://mirrors.tuna.tsinghua.edu.cn/ros/ubuntu bionic/main amd64 ros-melodic-executive-smach amd64 2.0.3-1bionic.20230620.175122 [2,504 B]
Get:960 https://mirrors.tuna.tsinghua.edu.cn/ros/ubuntu bionic/main amd64 ros-melodic-filters amd64 1.8.3-1bionic.20221025.184439 [67.1 kB]
Get:961 https://mirrors.tuna.tsinghua.edu.cn/ros/ubuntu bionic/main amd64 ros-melodic-forward-command-controller amd64 0.17.3-1bionic.20230131.222718 [8,504 B]
Get:962 https://mirrors.tuna.tsinghua.edu.cn/ros/ubuntu bionic/main amd64 ros-melodic-gazebo-dev amd64 2.8.7-1bionic.20201015.050828 [5,988 B]
Get:963 https://mirrors.tuna.tsinghua.edu.cn/ros/ubuntu bionic/main amd64 ros-melodic-gazebo-msgs amd64 2.8.7-1bionic.20221025.190757 [128 kB]
Get:964 https://mirrors.tuna.tsinghua.edu.cn/ros/ubuntu bionic/main amd64 ros-melodic-camera-calibration-parsers amd64 1.11.13-0bionic.20221025.190030 [67.7 kB]
Get:965 https://mirrors.tuna.tsinghua.edu.cn/ros/ubuntu bionic/main amd64 ros-melodic-camera-info-manager amd64 1.11.13-0bionic.20221025.190730 [42.3 kB]
Get:966 https://mirrors.tuna.tsinghua.edu.cn/ros/ubuntu bionic/main amd64 ros-melodic-gazebo-ros amd64 2.8.7-1bionic.20221025.195022 [252 kB]
Get:967 https://mirrors.tuna.tsinghua.edu.cn/ros/ubuntu bionic/main amd64 ros-melodic-polled-camera amd64 1.11.13-0bionic.20221025.190753 [49.5 kB]
Get:968 https://mirrors.tuna.tsinghua.edu.cn/ros/ubuntu bionic/main amd64 ros-melodic-gazebo-plugins amd64 2.8.7-1bionic.20221025.195709 [1,221 kB]
Get:969 https://mirrors.tuna.tsinghua.edu.cn/ros/ubuntu bionic/main amd64 ros-melodic-joint-limits-interface amd64 0.18.4-1bionic.20221025.185031 [14.2 kB]
Get:970 https://mirrors.tuna.tsinghua.edu.cn/ros/ubuntu bionic/main amd64 ros-melodic-transmission-interface amd64 0.18.4-1bionic.20221025.182629 [200 kB]
Get:971 https://mirrors.tuna.tsinghua.edu.cn/ros/ubuntu bionic/main amd64 ros-melodic-gazebo-ros-control amd64 2.8.7-1bionic.20221025.202747 [140 kB]
Get:972 https://mirrors.tuna.tsinghua.edu.cn/ros/ubuntu bionic/main amd64 ros-melodic-gazebo-ros-pkgs amd64 2.8.7-1bionic.20221025.201835 [2,996 B]
Get:973 https://mirrors.tuna.tsinghua.edu.cn/ros/ubuntu bionic/main amd64 ros-melodic-kdl-conversions amd64 1.12.1-1bionic.20221025.180803 [9,672 B]
Get:974 https://mirrors.tuna.tsinghua.edu.cn/ros/ubuntu bionic/main amd64 ros-melodic-python-orocos-kdl amd64 1.4.0-0bionic.20201017.032955 [94.7 kB]
Get:975 https://mirrors.tuna.tsinghua.edu.cn/ros/ubuntu bionic/main amd64 ros-melodic-tf-conversions amd64 1.12.1-1bionic.20221025.203221 [16.5 kB]
Get:976 https://mirrors.tuna.tsinghua.edu.cn/ros/ubuntu bionic/main amd64 ros-melodic-geometry amd64 1.12.1-1bionic.20221025.204822 [3,328 B]
Get:977 https://mirrors.tuna.tsinghua.edu.cn/ros/ubuntu bionic/main amd64 ros-melodic-nodelet-topic-tools amd64 1.9.16-0bionic.20221025.192652 [15.9 kB]
Get:978 https://mirrors.tuna.tsinghua.edu.cn/ros/ubuntu bionic/main amd64 ros-melodic-image-proc amd64 1.15.2-1bionic.20221025.192934 [174 kB]
Get:979 https://mirrors.tuna.tsinghua.edu.cn/ros/ubuntu bionic/main amd64 ros-melodic-image-publisher amd64 1.15.2-1bionic.20221025.192336 [79.1 kB]
Get:980 https://mirrors.tuna.tsinghua.edu.cn/ros/ubuntu bionic/main amd64 ros-melodic-tf2-geometry-msgs amd64 0.6.5-0bionic.20221025.203000 [13.6 kB]
Get:981 https://mirrors.tuna.tsinghua.edu.cn/ros/ubuntu bionic/main amd64 ros-melodic-image-rotate amd64 1.15.2-1bionic.20221025.204254 [90.6 kB]
Get:982 https://mirrors.tuna.tsinghua.edu.cn/ros/ubuntu bionic/main amd64 ros-melodic-image-view amd64 1.15.2-1bionic.20221025.192347 [282 kB]
Get:983 https://mirrors.tuna.tsinghua.edu.cn/ros/ubuntu bionic/main amd64 ros-melodic-stereo-image-proc amd64 1.15.2-1bionic.20221025.200906 [184 kB]
Get:984 https://mirrors.tuna.tsinghua.edu.cn/ros/ubuntu bionic/main amd64 ros-melodic-image-pipeline amd64 1.15.2-1bionic.20221025.211051 [2,708 B]
Get:985 https://mirrors.tuna.tsinghua.edu.cn/ros/ubuntu bionic/main amd64 ros-melodic-theora-image-transport amd64 1.9.6-1bionic.20230202.200013 [114 kB]
Get:986 https://mirrors.tuna.tsinghua.edu.cn/ros/ubuntu bionic/main amd64 ros-melodic-image-transport-plugins amd64 1.9.6-1bionic.20230202.201403 [2,848 B]
Get:987 https://mirrors.tuna.tsinghua.edu.cn/ros/ubuntu bionic/main amd64 ros-melodic-interactive-markers amd64 1.11.5-1bionic.20221025.194647 [126 kB]
Get:988 https://mirrors.tuna.tsinghua.edu.cn/ros/ubuntu bionic/main amd64 ros-melodic-interactive-marker-tutorials amd64 0.10.5-1bionic.20221025.195102 [89.0 kB]
Get:989 https://mirrors.tuna.tsinghua.edu.cn/ros/ubuntu bionic/main amd64 ros-melodic-joint-state-controller amd64 0.17.3-1bionic.20230131.222942 [46.4 kB]
Get:990 https://mirrors.tuna.tsinghua.edu.cn/ros/ubuntu bionic/main amd64 ros-melodic-joint-state-publisher amd64 1.12.15-1bionic.20221025.190845 [13.6 kB]
Get:991 https://mirrors.tuna.tsinghua.edu.cn/ros/ubuntu bionic/main amd64 ros-melodic-kdl-parser amd64 1.13.3-1bionic.20221025.184847 [19.6 kB]
Get:992 https://mirrors.tuna.tsinghua.edu.cn/ros/ubuntu bionic/main amd64 ros-melodic-urdfdom-py amd64 0.4.6-1bionic.20221025.183413 [33.0 kB]
Get:993 https://mirrors.tuna.tsinghua.edu.cn/ros/ubuntu bionic/main amd64 ros-melodic-kdl-parser-py amd64 1.13.3-1bionic.20221025.184119 [9,668 B]
Get:994 https://mirrors.tuna.tsinghua.edu.cn/ros/ubuntu bionic/main amd64 ros-melodic-laser-geometry amd64 1.6.7-1bionic.20221025.204812 [38.2 kB]
Get:995 https://mirrors.tuna.tsinghua.edu.cn/ros/ubuntu bionic/main amd64 ros-melodic-laser-filters amd64 1.8.12-1bionic.20221025.205337 [473 kB]
Get:996 https://mirrors.tuna.tsinghua.edu.cn/ubuntu bionic/universe amd64 libassimp4 amd64 4.1.0~dfsg-3 [2,047 kB]
Get:997 https://mirrors.tuna.tsinghua.edu.cn/ubuntu bionic/universe amd64 libassimp-dev amd64 4.1.0~dfsg-3 [95.8 kB]
Get:998 https://mirrors.tuna.tsinghua.edu.cn/ros/ubuntu bionic/main amd64 ros-melodic-map-msgs amd64 1.14.1-1bionic.20221025.191218 [47.8 kB]
Get:999 https://mirrors.tuna.tsinghua.edu.cn/ros/ubuntu bionic/main amd64 ros-melodic-media-export amd64 0.3.0-1bionic.20201017.230652 [4,752 B]
Get:1000 https://mirrors.tuna.tsinghua.edu.cn/ros/ubuntu bionic/main amd64 ros-melodic-python-qt-binding amd64 0.4.4-1bionic.20221025.180602 [18.4 kB]
Get:1001 https://mirrors.tuna.tsinghua.edu.cn/ros/ubuntu bionic/main amd64 ros-melodic-resource-retriever amd64 1.12.7-1bionic.20221025.181028 [16.0 kB]
Get:1002 https://mirrors.tuna.tsinghua.edu.cn/ros/ubuntu bionic/main amd64 ros-melodic-rviz amd64 1.13.30-1bionic.20230330.122332 [2,259 kB]
Get:1003 https://mirrors.tuna.tsinghua.edu.cn/ros/ubuntu bionic/main amd64 ros-melodic-librviz-tutorial amd64 0.10.5-1bionic.20230330.133535 [14.0 kB]
Get:1004 https://mirrors.tuna.tsinghua.edu.cn/ros/ubuntu bionic/main amd64 ros-melodic-mk amd64 1.14.9-1bionic.20221025.180548 [10.1 kB]
Get:1005 https://mirrors.tuna.tsinghua.edu.cn/ubuntu bionic-updates/universe amd64 libpcl-common1.8 amd64 1.8.1+dfsg1-2ubuntu2.18.04.1 [182 kB]
Get:1006 https://mirrors.tuna.tsinghua.edu.cn/ubuntu bionic-updates/universe amd64 libpcl-kdtree1.8 amd64 1.8.1+dfsg1-2ubuntu2.18.04.1 [207 kB]
Get:1007 https://mirrors.tuna.tsinghua.edu.cn/ubuntu bionic-updates/universe amd64 libpcl-octree1.8 amd64 1.8.1+dfsg1-2ubuntu2.18.04.1 [202 kB]
Get:1008 https://mirrors.tuna.tsinghua.edu.cn/ubuntu bionic-updates/universe amd64 libpcl-sample-consensus1.8 amd64 1.8.1+dfsg1-2ubuntu2.18.04.1 [1,209 kB]
Get:1009 https://mirrors.tuna.tsinghua.edu.cn/ubuntu bionic-updates/universe amd64 libpcl-search1.8 amd64 1.8.1+dfsg1-2ubuntu2.18.04.1 [233 kB]
Get:1010 https://mirrors.tuna.tsinghua.edu.cn/ubuntu bionic-updates/universe amd64 libpcl-filters1.8 amd64 1.8.1+dfsg1-2ubuntu2.18.04.1 [1,002 kB]
Get:1011 https://mirrors.tuna.tsinghua.edu.cn/ubuntu bionic-updates/universe amd64 libpcl-features1.8 amd64 1.8.1+dfsg1-2ubuntu2.18.04.1 [3,260 kB]
Get:1012 https://mirrors.tuna.tsinghua.edu.cn/ubuntu bionic-updates/universe amd64 libpcl-ml1.8 amd64 1.8.1+dfsg1-2ubuntu2.18.04.1 [67.1 kB]
Get:1013 https://mirrors.tuna.tsinghua.edu.cn/ubuntu bionic-updates/universe amd64 libpcl-segmentation1.8 amd64 1.8.1+dfsg1-2ubuntu2.18.04.1 [1,469 kB]
Get:1014 https://mirrors.tuna.tsinghua.edu.cn/ubuntu bionic-updates/universe amd64 libpcl-surface1.8 amd64 1.8.1+dfsg1-2ubuntu2.18.04.1 [741 kB]
Get:1015 https://mirrors.tuna.tsinghua.edu.cn/ubuntu bionic-updates/universe amd64 libpcl-apps1.8 amd64 1.8.1+dfsg1-2ubuntu2.18.04.1 [225 kB]
Get:1016 https://mirrors.tuna.tsinghua.edu.cn/ubuntu bionic-updates/universe amd64 libpcl-io1.8 amd64 1.8.1+dfsg1-2ubuntu2.18.04.1 [589 kB]
Get:1017 https://mirrors.tuna.tsinghua.edu.cn/ubuntu bionic-updates/universe amd64 libpcl-keypoints1.8 amd64 1.8.1+dfsg1-2ubuntu2.18.04.1 [258 kB]
Get:1018 https://mirrors.tuna.tsinghua.edu.cn/ubuntu bionic-updates/universe amd64 libpcl-outofcore1.8 amd64 1.8.1+dfsg1-2ubuntu2.18.04.1 [45.5 kB]
Get:1019 https://mirrors.tuna.tsinghua.edu.cn/ubuntu bionic-updates/universe amd64 libpcl-people1.8 amd64 1.8.1+dfsg1-2ubuntu2.18.04.1 [20.3 kB]
Get:1020 https://mirrors.tuna.tsinghua.edu.cn/ubuntu bionic-updates/universe amd64 libpcl-recognition1.8 amd64 1.8.1+dfsg1-2ubuntu2.18.04.1 [770 kB]
Get:1021 https://mirrors.tuna.tsinghua.edu.cn/ubuntu bionic-updates/universe amd64 libpcl-registration1.8 amd64 1.8.1+dfsg1-2ubuntu2.18.04.1 [351 kB]
Get:1022 https://mirrors.tuna.tsinghua.edu.cn/ubuntu bionic-updates/universe amd64 libpcl-stereo1.8 amd64 1.8.1+dfsg1-2ubuntu2.18.04.1 [68.9 kB]
Get:1023 https://mirrors.tuna.tsinghua.edu.cn/ubuntu bionic-updates/universe amd64 libpcl-tracking1.8 amd64 1.8.1+dfsg1-2ubuntu2.18.04.1 [394 kB]
Get:1024 https://mirrors.tuna.tsinghua.edu.cn/ubuntu bionic-updates/universe amd64 libpcl-visualization1.8 amd64 1.8.1+dfsg1-2ubuntu2.18.04.1 [332 kB]
Get:1025 https://mirrors.tuna.tsinghua.edu.cn/ubuntu bionic-updates/universe amd64 libpcl-dev amd64 1.8.1+dfsg1-2ubuntu2.18.04.1 [1,077 kB]
Get:1026 https://mirrors.tuna.tsinghua.edu.cn/ros/ubuntu bionic/main amd64 ros-melodic-pcl-msgs amd64 0.2.0-0bionic.20221025.191509 [23.2 kB]
Get:1027 https://mirrors.tuna.tsinghua.edu.cn/ros/ubuntu bionic/main amd64 ros-melodic-pcl-conversions amd64 1.7.4-1bionic.20221025.191702 [12.7 kB]
Get:1028 https://mirrors.tuna.tsinghua.edu.cn/ros/ubuntu bionic/main amd64 ros-melodic-tf2-eigen amd64 0.6.5-0bionic.20221025.181036 [8,964 B]
Get:1029 https://mirrors.tuna.tsinghua.edu.cn/ros/ubuntu bionic/main amd64 ros-melodic-pcl-ros amd64 1.7.4-1bionic.20221025.193359 [879 kB]
Get:1030 https://mirrors.tuna.tsinghua.edu.cn/ros/ubuntu bionic/main amd64 ros-melodic-perception-pcl amd64 1.7.4-1bionic.20221025.202007 [2,884 B]
Get:1031 https://mirrors.tuna.tsinghua.edu.cn/ros/ubuntu bionic/main amd64 ros-melodic-position-controllers amd64 0.17.3-1bionic.20230131.223210 [52.5 kB]
Get:1032 https://mirrors.tuna.tsinghua.edu.cn/ros/ubuntu bionic/main amd64 ros-melodic-qt-dotgraph amd64 0.4.2-1bionic.20221025.181036 [23.7 kB]
Get:1033 https://mirrors.tuna.tsinghua.edu.cn/ubuntu bionic/universe amd64 tango-icon-theme all 0.8.90-7 [1,161 kB]
Get:1034 https://mirrors.tuna.tsinghua.edu.cn/ros/ubuntu bionic/main amd64 ros-melodic-qt-gui amd64 0.4.2-1bionic.20221025.181049 [95.8 kB]
Get:1035 https://mirrors.tuna.tsinghua.edu.cn/ros/ubuntu bionic/main amd64 ros-melodic-qt-gui-cpp amd64 0.4.2-1bionic.20221025.182102 [150 kB]
Get:1036 https://mirrors.tuna.tsinghua.edu.cn/ros/ubuntu bionic/main amd64 ros-melodic-qt-gui-py-common amd64 0.4.2-1bionic.20221025.181052 [14.7 kB]
Get:1037 https://mirrors.tuna.tsinghua.edu.cn/ros/ubuntu bionic/main amd64 ros-melodic-tf2-kdl amd64 0.6.5-0bionic.20221025.202954 [11.9 kB]
Get:1038 https://mirrors.tuna.tsinghua.edu.cn/ros/ubuntu bionic/main amd64 ros-melodic-robot-state-publisher amd64 1.14.1-1bionic.20221025.203320 [68.0 kB]
Get:1039 https://mirrors.tuna.tsinghua.edu.cn/ros/ubuntu bionic/main amd64 ros-melodic-rosbash amd64 1.14.9-1bionic.20201016.105914 [20.3 kB]
Get:1040 https://mirrors.tuna.tsinghua.edu.cn/ros/ubuntu bionic/main amd64 ros-melodic-rosboost-cfg amd64 1.14.9-1bionic.20201015.020311 [13.7 kB]
Get:1041 https://mirrors.tuna.tsinghua.edu.cn/ros/ubuntu bionic/main amd64 ros-melodic-roscreate amd64 1.14.9-1bionic.20201017.031701 [12.1 kB]
Get:1042 https://mirrors.tuna.tsinghua.edu.cn/ros/ubuntu bionic/main amd64 ros-melodic-roslang amd64 1.14.9-1bionic.20221025.174015 [5,888 B]
Get:1043 https://mirrors.tuna.tsinghua.edu.cn/ros/ubuntu bionic/main amd64 ros-melodic-rosmake amd64 1.14.9-1bionic.20201015.052555 [32.5 kB]
Get:1044 https://mirrors.tuna.tsinghua.edu.cn/ros/ubuntu bionic/main amd64 ros-melodic-ros amd64 1.14.9-1bionic.20221025.180622 [1,880 B]
Get:1045 https://mirrors.tuna.tsinghua.edu.cn/ubuntu bionic/universe amd64 sbcl amd64 2:1.4.5-1 [8,580 kB]
Get:1046 https://mirrors.tuna.tsinghua.edu.cn/ros/ubuntu bionic/main amd64 ros-melodic-roslisp amd64 1.9.25-1bionic.20230215.205200 [98.1 kB]
Get:1047 https://mirrors.tuna.tsinghua.edu.cn/ros/ubuntu bionic/main amd64 ros-melodic-ros-comm amd64 1.14.13-1bionic.20230215.205508 [3,204 B]
Get:1048 https://mirrors.tuna.tsinghua.edu.cn/ros/ubuntu bionic/main amd64 ros-melodic-roscpp-tutorials amd64 0.9.3-1bionic.20221025.182724 [148 kB]
Get:1049 https://mirrors.tuna.tsinghua.edu.cn/ros/ubuntu bionic/main amd64 ros-melodic-rospy-tutorials amd64 0.9.3-1bionic.20221025.184810 [30.3 kB]
Get:1050 https://mirrors.tuna.tsinghua.edu.cn/ros/ubuntu bionic/main amd64 ros-melodic-turtlesim amd64 0.9.3-1bionic.20221025.183010 [220 kB]
Get:1051 https://mirrors.tuna.tsinghua.edu.cn/ros/ubuntu bionic/main amd64 ros-melodic-ros-tutorials amd64 0.9.3-1bionic.20221025.185118 [2,392 B]
Get:1052 https://mirrors.tuna.tsinghua.edu.cn/ros/ubuntu bionic/main amd64 ros-melodic-roscpp-core amd64 0.6.14-1bionic.20200801.065849 [1,744 B]
Get:1053 https://mirrors.tuna.tsinghua.edu.cn/ros/ubuntu bionic/main amd64 ros-melodic-rqt-gui amd64 0.5.3-1bionic.20221025.183139 [94.0 kB]
Get:1054 https://mirrors.tuna.tsinghua.edu.cn/ros/ubuntu bionic/main amd64 ros-melodic-rqt-gui-py amd64 0.5.3-1bionic.20221025.183400 [9,184 B]
Get:1055 https://mirrors.tuna.tsinghua.edu.cn/ros/ubuntu bionic/main amd64 ros-melodic-rqt-bag amd64 0.5.1-1bionic.20221025.192047 [73.0 kB]
Get:1056 https://mirrors.tuna.tsinghua.edu.cn/ros/ubuntu bionic/main amd64 ros-melodic-qwt-dependency amd64 1.1.0-0bionic.20200801.023248 [4,604 B]
Get:1057 https://mirrors.tuna.tsinghua.edu.cn/ros/ubuntu bionic/main amd64 ros-melodic-rqt-py-common amd64 0.5.3-1bionic.20221025.191043 [47.5 kB]
Get:1058 https://mirrors.tuna.tsinghua.edu.cn/ros/ubuntu bionic/main amd64 ros-melodic-rqt-plot amd64 0.4.13-1bionic.20221025.191252 [38.9 kB]
Get:1059 https://mirrors.tuna.tsinghua.edu.cn/ros/ubuntu bionic/main amd64 ros-melodic-rqt-bag-plugins amd64 0.5.1-1bionic.20221025.192147 [26.1 kB]
Get:1060 https://mirrors.tuna.tsinghua.edu.cn/ros/ubuntu bionic/main amd64 ros-melodic-rqt-logger-level amd64 0.4.8-0bionic.20221025.191921 [12.5 kB]
Get:1061 https://mirrors.tuna.tsinghua.edu.cn/ros/ubuntu bionic/main amd64 ros-melodic-rqt-console amd64 0.4.9-1bionic.20221025.201935 [49.5 kB]
Get:1062 https://mirrors.tuna.tsinghua.edu.cn/ros/ubuntu bionic/main amd64 ros-melodic-rqt-graph amd64 0.4.11-1bionic.20221025.190621 [31.6 kB]
Get:1063 https://mirrors.tuna.tsinghua.edu.cn/ros/ubuntu bionic/main amd64 ros-melodic-rqt-gui-cpp amd64 0.5.3-1bionic.20221025.183139 [76.0 kB]
Get:1064 https://mirrors.tuna.tsinghua.edu.cn/ros/ubuntu bionic/main amd64 ros-melodic-rqt-image-view amd64 0.4.17-1bionic.20230314.193026 [50.6 kB]
Get:1065 https://mirrors.tuna.tsinghua.edu.cn/ros/ubuntu bionic/main amd64 ros-melodic-rqt-topic amd64 0.4.11-1bionic.20221025.190308 [18.9 kB]
Get:1066 https://mirrors.tuna.tsinghua.edu.cn/ros/ubuntu bionic/main amd64 ros-melodic-rqt-moveit amd64 0.5.10-1bionic.20221025.191244 [16.2 kB]
Get:1067 https://mirrors.tuna.tsinghua.edu.cn/ros/ubuntu bionic/main amd64 ros-melodic-rqt-reconfigure amd64 0.5.4-1bionic.20221025.202046 [51.8 kB]
Get:1068 https://mirrors.tuna.tsinghua.edu.cn/ros/ubuntu bionic/main amd64 ros-melodic-rqt-robot-monitor amd64 0.5.14-1bionic.20221025.201921 [29.5 kB]
Get:1069 https://mirrors.tuna.tsinghua.edu.cn/ros/ubuntu bionic/main amd64 ros-melodic-rqt-robot-steering amd64 0.5.10-1bionic.20221025.190300 [12.9 kB]
Get:1070 https://mirrors.tuna.tsinghua.edu.cn/ros/ubuntu bionic/main amd64 ros-melodic-rqt-rviz amd64 0.7.0-1bionic.20230330.133614 [35.4 kB]
Get:1071 https://mirrors.tuna.tsinghua.edu.cn/ros/ubuntu bionic/main amd64 ros-melodic-rviz-plugin-tutorials amd64 0.10.5-1bionic.20230330.133655 [104 kB]
Get:1072 https://mirrors.tuna.tsinghua.edu.cn/ros/ubuntu bionic/main amd64 ros-melodic-rviz-python-tutorial amd64 0.10.5-1bionic.20230330.133717 [8,296 B]
Get:1073 https://mirrors.tuna.tsinghua.edu.cn/ros/ubuntu bionic/main amd64 ros-melodic-urdf-parser-plugin amd64 1.13.2-1bionic.20200801.033902 [6,512 B]
Get:1074 https://mirrors.tuna.tsinghua.edu.cn/ros/ubuntu bionic/main amd64 ros-melodic-vision-opencv amd64 1.13.1-1bionic.20221025.192133 [2,720 B]
Get:1075 https://mirrors.tuna.tsinghua.edu.cn/ros/ubuntu bionic/main amd64 ros-melodic-visualization-marker-tutorials amd64 0.10.5-1bionic.20221025.183055 [20.2 kB]
Get:1076 https://mirrors.tuna.tsinghua.edu.cn/ros/ubuntu bionic/main amd64 ros-melodic-visualization-tutorials amd64 0.10.5-1bionic.20230330.134144 [2,024 B]
Get:1077 https://mirrors.tuna.tsinghua.edu.cn/ros/ubuntu bionic/main amd64 ros-melodic-xacro amd64 1.13.20-1bionic.20230524.154340 [49.5 kB]
Get:1078 https://mirrors.tuna.tsinghua.edu.cn/ubuntu bionic/universe amd64 i965-va-driver amd64 2.1.0-0ubuntu1 [925 kB]
Get:1079 https://mirrors.tuna.tsinghua.edu.cn/ubuntu bionic/universe amd64 va-driver-all amd64 2.1.0-3 [4,376 B]
Get:1080 https://mirrors.tuna.tsinghua.edu.cn/ubuntu bionic/main amd64 vdpau-driver-all amd64 1.1.1-3ubuntu1 [4,674 B]
Get:1081 https://mirrors.tuna.tsinghua.edu.cn/ubuntu bionic/universe amd64 proj-bin amd64 4.9.3-2 [32.3 kB]
Get:1082 https://mirrors.tuna.tsinghua.edu.cn/ros/ubuntu bionic/main amd64 ros-melodic-actionlib-tutorials amd64 0.1.11-0bionic.20221025.192304 [272 kB]
Get:1083 https://mirrors.tuna.tsinghua.edu.cn/ros/ubuntu bionic/main amd64 ros-melodic-cmake-modules amd64 0.4.2-0bionic.20201015.021712 [17.8 kB]
Get:1084 https://mirrors.tuna.tsinghua.edu.cn/ros/ubuntu bionic/main amd64 ros-melodic-nodelet-tutorial-math amd64 0.1.11-0bionic.20221025.183146 [28.4 kB]
Get:1085 https://mirrors.tuna.tsinghua.edu.cn/ros/ubuntu bionic/main amd64 ros-melodic-pluginlib-tutorials amd64 0.1.11-0bionic.20221025.182323 [64.8 kB]
Get:1086 https://mirrors.tuna.tsinghua.edu.cn/ros/ubuntu bionic/main amd64 ros-melodic-turtle-actionlib amd64 0.1.11-0bionic.20221025.201633 [180 kB]
Get:1087 https://mirrors.tuna.tsinghua.edu.cn/ros/ubuntu bionic/main amd64 ros-melodic-common-tutorials amd64 0.1.11-0bionic.20221025.203037 [1,868 B]
Get:1088 https://mirrors.tuna.tsinghua.edu.cn/ros/ubuntu bionic/main amd64 ros-melodic-turtle-tf amd64 0.2.2-0bionic.20221025.194353 [51.0 kB]
Get:1089 https://mirrors.tuna.tsinghua.edu.cn/ros/ubuntu bionic/main amd64 ros-melodic-turtle-tf2 amd64 0.2.2-0bionic.20221025.203031 [46.8 kB]
Get:1090 https://mirrors.tuna.tsinghua.edu.cn/ros/ubuntu bionic/main amd64 ros-melodic-geometry-tutorials amd64 0.2.2-0bionic.20221025.203449 [1,856 B]
Get:1091 https://mirrors.tuna.tsinghua.edu.cn/ros/ubuntu bionic/main amd64 ros-melodic-nodelet-core amd64 1.9.16-0bionic.20221025.192934 [2,412 B]
Get:1092 https://mirrors.tuna.tsinghua.edu.cn/ros/ubuntu bionic/main amd64 ros-melodic-ros-core amd64 1.4.1-0bionic.20230215.205603 [2,180 B]
Get:1093 https://mirrors.tuna.tsinghua.edu.cn/ros/ubuntu bionic/main amd64 ros-melodic-ros-base amd64 1.4.1-0bionic.20230215.205719 [1,920 B]
Get:1094 https://mirrors.tuna.tsinghua.edu.cn/ros/ubuntu bionic/main amd64 ros-melodic-robot amd64 1.4.1-0bionic.20230620.175152 [2,060 B]
Get:1095 https://mirrors.tuna.tsinghua.edu.cn/ros/ubuntu bionic/main amd64 ros-melodic-roslint amd64 0.11.2-0bionic.20200801.040407 [136 kB]
Get:1096 https://mirrors.tuna.tsinghua.edu.cn/ros/ubuntu bionic/main amd64 ros-melodic-urdf-tutorial amd64 0.4.0-0bionic.20230524.155441 [749 kB]
Get:1097 https://mirrors.tuna.tsinghua.edu.cn/ros/ubuntu bionic/main amd64 ros-melodic-rqt-msg amd64 0.4.8-0bionic.20221025.202044 [13.9 kB]
Get:1098 https://mirrors.tuna.tsinghua.edu.cn/ros/ubuntu bionic/main amd64 ros-melodic-rqt-action amd64 0.4.9-0bionic.20221025.202142 [8,028 B]
Get:1099 https://mirrors.tuna.tsinghua.edu.cn/ros/ubuntu bionic/main amd64 ros-melodic-rqt-dep amd64 0.4.9-0bionic.20221025.190705 [23.3 kB]
Get:1100 https://mirrors.tuna.tsinghua.edu.cn/ros/ubuntu bionic/main amd64 ros-melodic-rqt-launch amd64 0.4.8-0bionic.20221025.202039 [22.3 kB]
Get:1101 https://mirrors.tuna.tsinghua.edu.cn/ros/ubuntu bionic/main amd64 ros-melodic-rqt-publisher amd64 0.4.8-0bionic.20221025.191257 [21.2 kB]
Get:1102 https://mirrors.tuna.tsinghua.edu.cn/ros/ubuntu bionic/main amd64 ros-melodic-rqt-py-console amd64 0.4.8-0bionic.20221025.183903 [11.8 kB]
Get:1103 https://mirrors.tuna.tsinghua.edu.cn/ros/ubuntu bionic/main amd64 ros-melodic-rqt-service-caller amd64 0.4.8-0bionic.20221025.191327 [14.4 kB]
Get:1104 https://mirrors.tuna.tsinghua.edu.cn/ros/ubuntu bionic/main amd64 ros-melodic-rqt-shell amd64 0.4.9-0bionic.20221025.183745 [14.8 kB]
Get:1105 https://mirrors.tuna.tsinghua.edu.cn/ros/ubuntu bionic/main amd64 ros-melodic-rqt-srv amd64 0.4.8-0bionic.20221025.202148 [8,084 B]
Get:1106 https://mirrors.tuna.tsinghua.edu.cn/ros/ubuntu bionic/main amd64 ros-melodic-rqt-top amd64 0.4.8-0bionic.20221025.183745 [13.9 kB]
Get:1107 https://mirrors.tuna.tsinghua.edu.cn/ros/ubuntu bionic/main amd64 ros-melodic-webkit-dependency amd64 1.1.0-0bionic.20200801.040531 [4,624 B]
Get:1108 https://mirrors.tuna.tsinghua.edu.cn/ros/ubuntu bionic/main amd64 ros-melodic-rqt-web amd64 0.4.8-0bionic.20221025.183756 [12.2 kB]
Get:1109 https://mirrors.tuna.tsinghua.edu.cn/ros/ubuntu bionic/main amd64 ros-melodic-rqt-common-plugins amd64 0.4.8-0bionic.20230314.193548 [3,100 B]
Get:1110 https://mirrors.tuna.tsinghua.edu.cn/ros/ubuntu bionic/main amd64 ros-melodic-rqt-nav-view amd64 0.5.7-0bionic.20221025.195353 [16.3 kB]
Get:1111 https://mirrors.tuna.tsinghua.edu.cn/ros/ubuntu bionic/main amd64 ros-melodic-gl-dependency amd64 1.1.0-0bionic.20200801.033702 [4,596 B]
Get:1112 https://mirrors.tuna.tsinghua.edu.cn/ros/ubuntu bionic/main amd64 ros-melodic-rqt-pose-view amd64 0.5.8-0bionic.20221025.195404 [17.6 kB]
Get:1113 https://mirrors.tuna.tsinghua.edu.cn/ros/ubuntu bionic/main amd64 ros-melodic-rqt-robot-dashboard amd64 0.5.7-0bionic.20221025.202046 [1,547 kB]
Get:1114 https://mirrors.tuna.tsinghua.edu.cn/ros/ubuntu bionic/main amd64 ros-melodic-rqt-runtime-monitor amd64 0.5.7-0bionic.20221025.183755 [14.4 kB]
Get:1115 https://mirrors.tuna.tsinghua.edu.cn/ros/ubuntu bionic/main amd64 ros-melodic-rqt-tf-tree amd64 0.6.0-0bionic.20221025.192804 [15.3 kB]
Get:1116 https://mirrors.tuna.tsinghua.edu.cn/ros/ubuntu bionic/main amd64 ros-melodic-rqt-robot-plugins amd64 0.5.7-0bionic.20230330.134125 [3,200 B]
Get:1117 https://mirrors.tuna.tsinghua.edu.cn/ros/ubuntu bionic/main amd64 ros-melodic-viz amd64 1.4.1-0bionic.20230330.134338 [1,800 B]
Get:1118 https://mirrors.tuna.tsinghua.edu.cn/ros/ubuntu bionic/main amd64 ros-melodic-desktop amd64 1.4.1-0bionic.20230620.175232 [1,864 B]
Get:1119 https://mirrors.tuna.tsinghua.edu.cn/ros/ubuntu bionic/main amd64 ros-melodic-image-common amd64 1.11.13-0bionic.20221025.192050 [2,392 B]
Get:1120 https://mirrors.tuna.tsinghua.edu.cn/ros/ubuntu bionic/main amd64 ros-melodic-laser-assembler amd64 1.7.7-2bionic.20221025.205224 [322 kB]
Get:1121 https://mirrors.tuna.tsinghua.edu.cn/ros/ubuntu bionic/main amd64 ros-melodic-laser-pipeline amd64 1.6.3-0bionic.20221025.214158 [1,780 B]
Get:1122 https://mirrors.tuna.tsinghua.edu.cn/ros/ubuntu bionic/main amd64 ros-melodic-perception amd64 1.4.1-0bionic.20230215.210053 [1,876 B]
Get:1123 https://mirrors.tuna.tsinghua.edu.cn/ros/ubuntu bionic/main amd64 ros-melodic-stage amd64 4.3.0-0bionic.20201015.035745 [887 kB]
Get:1124 https://mirrors.tuna.tsinghua.edu.cn/ros/ubuntu bionic/main amd64 ros-melodic-stage-ros amd64 1.8.0-0bionic.20221025.194349 [100 kB]
Get:1125 https://mirrors.tuna.tsinghua.edu.cn/ros/ubuntu bionic/main amd64 ros-melodic-simulators amd64 1.4.1-0bionic.20230620.175233 [1,840 B]
Get:1126 https://mirrors.tuna.tsinghua.edu.cn/ros/ubuntu bionic/main amd64 ros-melodic-urdf-sim-tutorial amd64 0.4.0-0bionic.20230524.160230 [8,648 B]
Get:1127 https://mirrors.tuna.tsinghua.edu.cn/ros/ubuntu bionic/main amd64 ros-melodic-desktop-full amd64 1.4.1-0bionic.20230620.175308 [1,828 B]
Preconfiguring packages ...
Fetched 576 MB in 3min 7s (3,088 kB/s)
(Reading database ... (Reading database ... 5%(Reading database ... 10%(Reading database ... 15%(Reading database ... 20%(Reading database ... 25%(Reading database ... 30%(Reading database ... 35%(Reading database ... 40%(Reading database ... 45%(Reading database ... 50%(Reading database ... 55%(Reading database ... 60%(Reading database ... 65%(Reading database ... 70%(Reading database ... 75%(Reading database ... 80%(Reading database ... 85%(Reading database ... 90%(Reading database ... 95%(Reading database ... 100%(Reading database ... 151189 files and directories currently installed.)
Preparing to unpack .../libc6-dbg_2.27-3ubuntu1.6_amd64.deb ...
Unpacking libc6-dbg:amd64 (2.27-3ubuntu1.6) over (2.27-3ubuntu1.4) ...
Preparing to unpack .../libc6_2.27-3ubuntu1.6_amd64.deb ...
Unpacking libc6:amd64 (2.27-3ubuntu1.6) over (2.27-3ubuntu1.4) ...
Setting up libc6:amd64 (2.27-3ubuntu1.6) ...
(Reading database ... (Reading database ... 5%(Reading database ... 10%(Reading database ... 15%(Reading database ... 20%(Reading database ... 25%(Reading database ... 30%(Reading database ... 35%(Reading database ... 40%(Reading database ... 45%(Reading database ... 50%(Reading database ... 55%(Reading database ... 60%(Reading database ... 65%(Reading database ... 70%(Reading database ... 75%(Reading database ... 80%(Reading database ... 85%(Reading database ... 90%(Reading database ... 95%(Reading database ... 100%(Reading database ... 151189 files and directories currently installed.)
Preparing to unpack .../libexpat1_2.2.5-3ubuntu0.9_amd64.deb ...
Unpacking libexpat1:amd64 (2.2.5-3ubuntu0.9) over (2.2.5-3ubuntu0.2) ...
Preparing to unpack .../zlib1g_1%3a1.2.11.dfsg-0ubuntu2.2_amd64.deb ...
Unpacking zlib1g:amd64 (1:1.2.11.dfsg-0ubuntu2.2) over (1:1.2.11.dfsg-0ubuntu2) ...
Setting up zlib1g:amd64 (1:1.2.11.dfsg-0ubuntu2.2) ...
(Reading database ... (Reading database ... 5%(Reading database ... 10%(Reading database ... 15%(Reading database ... 20%(Reading database ... 25%(Reading database ... 30%(Reading database ... 35%(Reading database ... 40%(Reading database ... 45%(Reading database ... 50%(Reading database ... 55%(Reading database ... 60%(Reading database ... 65%(Reading database ... 70%(Reading database ... 75%(Reading database ... 80%(Reading database ... 85%(Reading database ... 90%(Reading database ... 95%(Reading database ... 100%(Reading database ... 151189 files and directories currently installed.)
Preparing to unpack .../0-libpython3.6_3.6.9-1~18.04ubuntu1.12_amd64.deb ...
Unpacking libpython3.6:amd64 (3.6.9-1~18.04ubuntu1.12) over (3.6.9-1~18.04ubuntu1.4) ...
Preparing to unpack .../1-libssl1.1_1.1.1-1ubuntu2.1~18.04.23_amd64.deb ...
Unpacking libssl1.1:amd64 (1.1.1-1ubuntu2.1~18.04.23) over (1.1.1-1ubuntu2.1~18.04.13) ...
Preparing to unpack .../2-python3.6_3.6.9-1~18.04ubuntu1.12_amd64.deb ...
Unpacking python3.6 (3.6.9-1~18.04ubuntu1.12) over (3.6.9-1~18.04ubuntu1.4) ...
Preparing to unpack .../3-libpython3.6-stdlib_3.6.9-1~18.04ubuntu1.12_amd64.deb ...
Unpacking libpython3.6-stdlib:amd64 (3.6.9-1~18.04ubuntu1.12) over (3.6.9-1~18.04ubuntu1.4) ...
Preparing to unpack .../4-python3.6-minimal_3.6.9-1~18.04ubuntu1.12_amd64.deb ...
Unpacking python3.6-minimal (3.6.9-1~18.04ubuntu1.12) over (3.6.9-1~18.04ubuntu1.4) ...
Preparing to unpack .../5-libpython3.6-minimal_3.6.9-1~18.04ubuntu1.12_amd64.deb ...
Unpacking libpython3.6-minimal:amd64 (3.6.9-1~18.04ubuntu1.12) over (3.6.9-1~18.04ubuntu1.4) ...
Preparing to unpack .../6-liblzma5_5.2.2-1.3ubuntu0.1_amd64.deb ...
Unpacking liblzma5:amd64 (5.2.2-1.3ubuntu0.1) over (5.2.2-1.3) ...
Setting up liblzma5:amd64 (5.2.2-1.3ubuntu0.1) ...
(Reading database ... (Reading database ... 5%(Reading database ... 10%(Reading database ... 15%(Reading database ... 20%(Reading database ... 25%(Reading database ... 30%(Reading database ... 35%(Reading database ... 40%(Reading database ... 45%(Reading database ... 50%(Reading database ... 55%(Reading database ... 60%(Reading database ... 65%(Reading database ... 70%(Reading database ... 75%(Reading database ... 80%(Reading database ... 85%(Reading database ... 90%(Reading database ... 95%(Reading database ... 100%(Reading database ... 151189 files and directories currently installed.)
Preparing to unpack .../0-libsqlite3-0_3.22.0-1ubuntu0.7_amd64.deb ...
Unpacking libsqlite3-0:amd64 (3.22.0-1ubuntu0.7) over (3.22.0-1ubuntu0.4) ...
Selecting previously unselected package fonts-lato.
Preparing to unpack .../1-fonts-lato_2.0-2_all.deb ...
Unpacking fonts-lato (2.0-2) ...
Preparing to unpack .../2-libjpeg-turbo8_1.5.2-0ubuntu5.18.04.6_amd64.deb ...
Unpacking libjpeg-turbo8:amd64 (1.5.2-0ubuntu5.18.04.6) over (1.5.2-0ubuntu5.18.04.4) ...
Selecting previously unselected package libtinyxml2.6.2v5:amd64.
Preparing to unpack .../3-libtinyxml2.6.2v5_2.6.2-4_amd64.deb ...
Unpacking libtinyxml2.6.2v5:amd64 (2.6.2-4) ...
Selecting previously unselected package libopenni0.
Preparing to unpack .../4-libopenni0_1.5.4.0-14build1_amd64.deb ...
Unpacking libopenni0 (1.5.4.0-14build1) ...
Selecting previously unselected package libdouble-conversion1:amd64.
Preparing to unpack .../5-libdouble-conversion1_2.0.1-4ubuntu1_amd64.deb ...
Unpacking libdouble-conversion1:amd64 (2.0.1-4ubuntu1) ...
Preparing to unpack .../6-libglib2.0-bin_2.56.4-0ubuntu0.18.04.9_amd64.deb ...
Unpacking libglib2.0-bin (2.56.4-0ubuntu0.18.04.9) over (2.56.4-0ubuntu0.18.04.8) ...
Preparing to unpack .../7-libpcre3_2%3a8.39-9ubuntu0.1_amd64.deb ...
Unpacking libpcre3:amd64 (2:8.39-9ubuntu0.1) over (2:8.39-9) ...
Setting up libpcre3:amd64 (2:8.39-9ubuntu0.1) ...
(Reading database ... (Reading database ... 5%(Reading database ... 10%(Reading database ... 15%(Reading database ... 20%(Reading database ... 25%(Reading database ... 30%(Reading database ... 35%(Reading database ... 40%(Reading database ... 45%(Reading database ... 50%(Reading database ... 55%(Reading database ... 60%(Reading database ... 65%(Reading database ... 70%(Reading database ... 75%(Reading database ... 80%(Reading database ... 85%(Reading database ... 90%(Reading database ... 95%(Reading database ... 100%(Reading database ... 151235 files and directories currently installed.)
Preparing to unpack .../00-libglib2.0-0_2.56.4-0ubuntu0.18.04.9_amd64.deb ...
Unpacking libglib2.0-0:amd64 (2.56.4-0ubuntu0.18.04.9) over (2.56.4-0ubuntu0.18.04.8) ...
Preparing to unpack .../01-libicu60_60.2-3ubuntu3.2_amd64.deb ...
Unpacking libicu60:amd64 (60.2-3ubuntu3.2) over (60.2-3ubuntu3.1) ...
Selecting previously unselected package libqt5core5a:amd64.
Preparing to unpack .../02-libqt5core5a_5.9.5+dfsg-0ubuntu2.6_amd64.deb ...
Unpacking libqt5core5a:amd64 (5.9.5+dfsg-0ubuntu2.6) ...
Preparing to unpack .../03-libfreetype6_2.8.1-2ubuntu2.2_amd64.deb ...
Unpacking libfreetype6:amd64 (2.8.1-2ubuntu2.2) over (2.8.1-2ubuntu2.1) ...
Preparing to unpack .../04-libice6_2%3a1.0.9-2ubuntu0.18.04.1_amd64.deb ...
Unpacking libice6:amd64 (2:1.0.9-2ubuntu0.18.04.1) over (2:1.0.9-2) ...
Selecting previously unselected package libqt5dbus5:amd64.
Preparing to unpack .../05-libqt5dbus5_5.9.5+dfsg-0ubuntu2.6_amd64.deb ...
Unpacking libqt5dbus5:amd64 (5.9.5+dfsg-0ubuntu2.6) ...
Selecting previously unselected package libqt5network5:amd64.
Preparing to unpack .../06-libqt5network5_5.9.5+dfsg-0ubuntu2.6_amd64.deb ...
Unpacking libqt5network5:amd64 (5.9.5+dfsg-0ubuntu2.6) ...
Selecting previously unselected package libxcb-xinerama0:amd64.
Preparing to unpack .../07-libxcb-xinerama0_1.13-2~ubuntu18.04_amd64.deb ...
Unpacking libxcb-xinerama0:amd64 (1.13-2~ubuntu18.04) ...
Selecting previously unselected package libqt5gui5:amd64.
Preparing to unpack .../08-libqt5gui5_5.9.5+dfsg-0ubuntu2.6_amd64.deb ...
Unpacking libqt5gui5:amd64 (5.9.5+dfsg-0ubuntu2.6) ...
Selecting previously unselected package libqt5widgets5:amd64.
Preparing to unpack .../09-libqt5widgets5_5.9.5+dfsg-0ubuntu2.6_amd64.deb ...
Unpacking libqt5widgets5:amd64 (5.9.5+dfsg-0ubuntu2.6) ...
Selecting previously unselected package libqt5svg5:amd64.
Preparing to unpack .../10-libqt5svg5_5.9.5-0ubuntu1.1_amd64.deb ...
Unpacking libqt5svg5:amd64 (5.9.5-0ubuntu1.1) ...
Selecting previously unselected package libqt5positioning5:amd64.
Preparing to unpack .../11-libqt5positioning5_5.9.5+dfsg-0ubuntu2_amd64.deb ...
Unpacking libqt5positioning5:amd64 (5.9.5+dfsg-0ubuntu2) ...
Selecting previously unselected package libqt5printsupport5:amd64.
Preparing to unpack .../12-libqt5printsupport5_5.9.5+dfsg-0ubuntu2.6_amd64.deb ...
Unpacking libqt5printsupport5:amd64 (5.9.5+dfsg-0ubuntu2.6) ...
Selecting previously unselected package libqt5qml5:amd64.
Preparing to unpack .../13-libqt5qml5_5.9.5-0ubuntu1.1_amd64.deb ...
Unpacking libqt5qml5:amd64 (5.9.5-0ubuntu1.1) ...
Selecting previously unselected package libqt5quick5:amd64.
Preparing to unpack .../14-libqt5quick5_5.9.5-0ubuntu1.1_amd64.deb ...
Unpacking libqt5quick5:amd64 (5.9.5-0ubuntu1.1) ...
Selecting previously unselected package libqt5sensors5:amd64.
Preparing to unpack .../15-libqt5sensors5_5.9.5-0ubuntu1_amd64.deb ...
Unpacking libqt5sensors5:amd64 (5.9.5-0ubuntu1) ...
Selecting previously unselected package libqt5webchannel5:amd64.
Preparing to unpack .../16-libqt5webchannel5_5.9.5-0ubuntu1_amd64.deb ...
Unpacking libqt5webchannel5:amd64 (5.9.5-0ubuntu1) ...
Preparing to unpack .../17-libwebp6_0.6.1-2ubuntu0.18.04.2_amd64.deb ...
Unpacking libwebp6:amd64 (0.6.1-2ubuntu0.18.04.2) over (0.6.1-2ubuntu0.18.04.1) ...
Preparing to unpack .../18-libxml2_2.9.4+dfsg1-6.1ubuntu1.9_amd64.deb ...
Unpacking libxml2:amd64 (2.9.4+dfsg1-6.1ubuntu1.9) over (2.9.4+dfsg1-6.1ubuntu1.4) ...
Selecting previously unselected package libqt5webkit5:amd64.
Preparing to unpack .../19-libqt5webkit5_5.212.0~alpha2-7ubuntu1_amd64.deb ...
Unpacking libqt5webkit5:amd64 (5.212.0~alpha2-7ubuntu1) ...
Selecting previously unselected package xorg-sgml-doctools.
Preparing to unpack .../20-xorg-sgml-doctools_1%3a1.11-1_all.deb ...
Unpacking xorg-sgml-doctools (1:1.11-1) ...
Selecting previously unselected package x11proto-dev.
Preparing to unpack .../21-x11proto-dev_2018.4-4_all.deb ...
Unpacking x11proto-dev (2018.4-4) ...
Selecting previously unselected package x11proto-core-dev.
Preparing to unpack .../22-x11proto-core-dev_2018.4-4_all.deb ...
Unpacking x11proto-core-dev (2018.4-4) ...
Selecting previously unselected package libxau-dev:amd64.
Preparing to unpack .../23-libxau-dev_1%3a1.0.8-1ubuntu1_amd64.deb ...
Unpacking libxau-dev:amd64 (1:1.0.8-1ubuntu1) ...
Selecting previously unselected package libxdmcp-dev:amd64.
Preparing to unpack .../24-libxdmcp-dev_1%3a1.1.2-3_amd64.deb ...
Unpacking libxdmcp-dev:amd64 (1:1.1.2-3) ...
Selecting previously unselected package x11proto-input-dev.
Preparing to unpack .../25-x11proto-input-dev_2018.4-4_all.deb ...
Unpacking x11proto-input-dev (2018.4-4) ...
Selecting previously unselected package xtrans-dev.
Preparing to unpack .../26-xtrans-dev_1.3.5-1_all.deb ...
Unpacking xtrans-dev (1.3.5-1) ...
Selecting previously unselected package libpthread-stubs0-dev:amd64.
Preparing to unpack .../27-libpthread-stubs0-dev_0.3-4_amd64.deb ...
Unpacking libpthread-stubs0-dev:amd64 (0.3-4) ...
Selecting previously unselected package libxcb1-dev:amd64.
Preparing to unpack .../28-libxcb1-dev_1.13-2~ubuntu18.04_amd64.deb ...
Unpacking libxcb1-dev:amd64 (1.13-2~ubuntu18.04) ...
Selecting previously unselected package libx11-dev:amd64.
Preparing to unpack .../29-libx11-dev_2%3a1.6.4-3ubuntu0.4_amd64.deb ...
Unpacking libx11-dev:amd64 (2:1.6.4-3ubuntu0.4) ...
Selecting previously unselected package libdrm-dev:amd64.
Preparing to unpack .../30-libdrm-dev_2.4.101-2~18.04.1_amd64.deb ...
Unpacking libdrm-dev:amd64 (2.4.101-2~18.04.1) ...
Selecting previously unselected package mesa-common-dev:amd64.
Preparing to unpack .../31-mesa-common-dev_20.0.8-0ubuntu1~18.04.1_amd64.deb ...
Unpacking mesa-common-dev:amd64 (20.0.8-0ubuntu1~18.04.1) ...
Selecting previously unselected package libglvnd-core-dev:amd64.
Preparing to unpack .../32-libglvnd-core-dev_1.0.0-2ubuntu2.3_amd64.deb ...
Unpacking libglvnd-core-dev:amd64 (1.0.0-2ubuntu2.3) ...
Selecting previously unselected package libgles1:amd64.
Preparing to unpack .../33-libgles1_1.0.0-2ubuntu2.3_amd64.deb ...
Unpacking libgles1:amd64 (1.0.0-2ubuntu2.3) ...
Selecting previously unselected package libopengl0:amd64.
Preparing to unpack .../34-libopengl0_1.0.0-2ubuntu2.3_amd64.deb ...
Unpacking libopengl0:amd64 (1.0.0-2ubuntu2.3) ...
Selecting previously unselected package libglvnd-dev:amd64.
Preparing to unpack .../35-libglvnd-dev_1.0.0-2ubuntu2.3_amd64.deb ...
Unpacking libglvnd-dev:amd64 (1.0.0-2ubuntu2.3) ...
Selecting previously unselected package libx11-xcb-dev:amd64.
Preparing to unpack .../36-libx11-xcb-dev_2%3a1.6.4-3ubuntu0.4_amd64.deb ...
Unpacking libx11-xcb-dev:amd64 (2:1.6.4-3ubuntu0.4) ...
Selecting previously unselected package libxcb-dri3-dev:amd64.
Preparing to unpack .../37-libxcb-dri3-dev_1.13-2~ubuntu18.04_amd64.deb ...
Unpacking libxcb-dri3-dev:amd64 (1.13-2~ubuntu18.04) ...
Selecting previously unselected package libxcb-render0-dev:amd64.
Preparing to unpack .../38-libxcb-render0-dev_1.13-2~ubuntu18.04_amd64.deb ...
Unpacking libxcb-render0-dev:amd64 (1.13-2~ubuntu18.04) ...
Selecting previously unselected package libxcb-randr0-dev:amd64.
Preparing to unpack .../39-libxcb-randr0-dev_1.13-2~ubuntu18.04_amd64.deb ...
Unpacking libxcb-randr0-dev:amd64 (1.13-2~ubuntu18.04) ...
Selecting previously unselected package libxcb-shape0-dev:amd64.
Preparing to unpack .../40-libxcb-shape0-dev_1.13-2~ubuntu18.04_amd64.deb ...
Unpacking libxcb-shape0-dev:amd64 (1.13-2~ubuntu18.04) ...
Selecting previously unselected package libxcb-xfixes0-dev:amd64.
Preparing to unpack .../41-libxcb-xfixes0-dev_1.13-2~ubuntu18.04_amd64.deb ...
Unpacking libxcb-xfixes0-dev:amd64 (1.13-2~ubuntu18.04) ...
Selecting previously unselected package libxcb-sync-dev:amd64.
Preparing to unpack .../42-libxcb-sync-dev_1.13-2~ubuntu18.04_amd64.deb ...
Unpacking libxcb-sync-dev:amd64 (1.13-2~ubuntu18.04) ...
Selecting previously unselected package libxcb-present-dev:amd64.
Preparing to unpack .../43-libxcb-present-dev_1.13-2~ubuntu18.04_amd64.deb ...
Unpacking libxcb-present-dev:amd64 (1.13-2~ubuntu18.04) ...
Selecting previously unselected package libxshmfence-dev:amd64.
Preparing to unpack .../44-libxshmfence-dev_1.3-1_amd64.deb ...
Unpacking libxshmfence-dev:amd64 (1.3-1) ...
Selecting previously unselected package libxcb-dri2-0-dev:amd64.
Preparing to unpack .../45-libxcb-dri2-0-dev_1.13-2~ubuntu18.04_amd64.deb ...
Unpacking libxcb-dri2-0-dev:amd64 (1.13-2~ubuntu18.04) ...
Selecting previously unselected package libxcb-glx0-dev:amd64.
Preparing to unpack .../46-libxcb-glx0-dev_1.13-2~ubuntu18.04_amd64.deb ...
Unpacking libxcb-glx0-dev:amd64 (1.13-2~ubuntu18.04) ...
Selecting previously unselected package x11proto-fixes-dev.
Preparing to unpack .../47-x11proto-fixes-dev_1%3a2018.4-4_all.deb ...
Unpacking x11proto-fixes-dev (1:2018.4-4) ...
Selecting previously unselected package libxfixes-dev:amd64.
Preparing to unpack .../48-libxfixes-dev_1%3a5.0.3-1_amd64.deb ...
Unpacking libxfixes-dev:amd64 (1:5.0.3-1) ...
Selecting previously unselected package x11proto-damage-dev.
Preparing to unpack .../49-x11proto-damage-dev_1%3a2018.4-4_all.deb ...
Unpacking x11proto-damage-dev (1:2018.4-4) ...
Selecting previously unselected package libxdamage-dev:amd64.
Preparing to unpack .../50-libxdamage-dev_1%3a1.1.4-3_amd64.deb ...
Unpacking libxdamage-dev:amd64 (1:1.1.4-3) ...
Selecting previously unselected package x11proto-xext-dev.
Preparing to unpack .../51-x11proto-xext-dev_2018.4-4_all.deb ...
Unpacking x11proto-xext-dev (2018.4-4) ...
Selecting previously unselected package libxext-dev:amd64.
Preparing to unpack .../52-libxext-dev_2%3a1.3.3-1_amd64.deb ...
Unpacking libxext-dev:amd64 (2:1.3.3-1) ...
Selecting previously unselected package x11proto-xf86vidmode-dev.
Preparing to unpack .../53-x11proto-xf86vidmode-dev_2018.4-4_all.deb ...
Unpacking x11proto-xf86vidmode-dev (2018.4-4) ...
Selecting previously unselected package libxxf86vm-dev:amd64.
Preparing to unpack .../54-libxxf86vm-dev_1%3a1.1.4-1_amd64.deb ...
Unpacking libxxf86vm-dev:amd64 (1:1.1.4-1) ...
Selecting previously unselected package libgl1-mesa-dev:amd64.
Preparing to unpack .../55-libgl1-mesa-dev_20.0.8-0ubuntu1~18.04.1_amd64.deb ...
Unpacking libgl1-mesa-dev:amd64 (20.0.8-0ubuntu1~18.04.1) ...
Preparing to unpack .../56-libwayland-client0_1.16.0-1ubuntu1.1~18.04.4_amd64.deb ...
Unpacking libwayland-client0:amd64 (1.16.0-1ubuntu1.1~18.04.4) over (1.16.0-1ubuntu1.1~18.04.3) ...
Preparing to unpack .../57-libwayland-server0_1.16.0-1ubuntu1.1~18.04.4_amd64.deb ...
Unpacking libwayland-server0:amd64 (1.16.0-1ubuntu1.1~18.04.4) over (1.16.0-1ubuntu1.1~18.04.3) ...
Preparing to unpack .../58-libwayland-cursor0_1.16.0-1ubuntu1.1~18.04.4_amd64.deb ...
Unpacking libwayland-cursor0:amd64 (1.16.0-1ubuntu1.1~18.04.4) over (1.16.0-1ubuntu1.1~18.04.3) ...
Preparing to unpack .../59-libwayland-egl1_1.16.0-1ubuntu1.1~18.04.4_amd64.deb ...
Unpacking libwayland-egl1:amd64 (1.16.0-1ubuntu1.1~18.04.4) over (1.16.0-1ubuntu1.1~18.04.3) ...
Selecting previously unselected package libwayland-bin.
Preparing to unpack .../60-libwayland-bin_1.16.0-1ubuntu1.1~18.04.4_amd64.deb ...
Unpacking libwayland-bin (1.16.0-1ubuntu1.1~18.04.4) ...
Selecting previously unselected package libwayland-dev:amd64.
Preparing to unpack .../61-libwayland-dev_1.16.0-1ubuntu1.1~18.04.4_amd64.deb ...
Unpacking libwayland-dev:amd64 (1.16.0-1ubuntu1.1~18.04.4) ...
Selecting previously unselected package libegl1-mesa-dev:amd64.
Preparing to unpack .../62-libegl1-mesa-dev_20.0.8-0ubuntu1~18.04.1_amd64.deb ...
Unpacking libegl1-mesa-dev:amd64 (20.0.8-0ubuntu1~18.04.1) ...
Selecting previously unselected package libgles2-mesa-dev:amd64.
Preparing to unpack .../63-libgles2-mesa-dev_20.0.8-0ubuntu1~18.04.1_amd64.deb ...
Unpacking libgles2-mesa-dev:amd64 (20.0.8-0ubuntu1~18.04.1) ...
Selecting previously unselected package libglu1-mesa-dev:amd64.
Preparing to unpack .../64-libglu1-mesa-dev_9.0.0-2.1build1_amd64.deb ...
Unpacking libglu1-mesa-dev:amd64 (9.0.0-2.1build1) ...
Selecting previously unselected package libqt5concurrent5:amd64.
Preparing to unpack .../65-libqt5concurrent5_5.9.5+dfsg-0ubuntu2.6_amd64.deb ...
Unpacking libqt5concurrent5:amd64 (5.9.5+dfsg-0ubuntu2.6) ...
Selecting previously unselected package libqt5sql5:amd64.
Preparing to unpack .../66-libqt5sql5_5.9.5+dfsg-0ubuntu2.6_amd64.deb ...
Unpacking libqt5sql5:amd64 (5.9.5+dfsg-0ubuntu2.6) ...
Selecting previously unselected package libqt5test5:amd64.
Preparing to unpack .../67-libqt5test5_5.9.5+dfsg-0ubuntu2.6_amd64.deb ...
Unpacking libqt5test5:amd64 (5.9.5+dfsg-0ubuntu2.6) ...
Selecting previously unselected package libqt5xml5:amd64.
Preparing to unpack .../68-libqt5xml5_5.9.5+dfsg-0ubuntu2.6_amd64.deb ...
Unpacking libqt5xml5:amd64 (5.9.5+dfsg-0ubuntu2.6) ...
Selecting previously unselected package qt5-qmake-bin.
Preparing to unpack .../69-qt5-qmake-bin_5.9.5+dfsg-0ubuntu2.6_amd64.deb ...
Unpacking qt5-qmake-bin (5.9.5+dfsg-0ubuntu2.6) ...
Selecting previously unselected package qtchooser.
Preparing to unpack .../70-qtchooser_64-ga1b6736-5_amd64.deb ...
Unpacking qtchooser (64-ga1b6736-5) ...
Selecting previously unselected package qt5-qmake:amd64.
Preparing to unpack .../71-qt5-qmake_5.9.5+dfsg-0ubuntu2.6_amd64.deb ...
Unpacking qt5-qmake:amd64 (5.9.5+dfsg-0ubuntu2.6) ...
Selecting previously unselected package qtbase5-dev-tools.
Preparing to unpack .../72-qtbase5-dev-tools_5.9.5+dfsg-0ubuntu2.6_amd64.deb ...
Unpacking qtbase5-dev-tools (5.9.5+dfsg-0ubuntu2.6) ...
Selecting previously unselected package qtbase5-dev:amd64.
Preparing to unpack .../73-qtbase5-dev_5.9.5+dfsg-0ubuntu2.6_amd64.deb ...
Unpacking qtbase5-dev:amd64 (5.9.5+dfsg-0ubuntu2.6) ...
Selecting previously unselected package libqt5quickparticles5:amd64.
Preparing to unpack .../74-libqt5quickparticles5_5.9.5-0ubuntu1.1_amd64.deb ...
Unpacking libqt5quickparticles5:amd64 (5.9.5-0ubuntu1.1) ...
Selecting previously unselected package libqt5quicktest5:amd64.
Preparing to unpack .../75-libqt5quicktest5_5.9.5-0ubuntu1.1_amd64.deb ...
Unpacking libqt5quicktest5:amd64 (5.9.5-0ubuntu1.1) ...
Selecting previously unselected package libqt5quickwidgets5:amd64.
Preparing to unpack .../76-libqt5quickwidgets5_5.9.5-0ubuntu1.1_amd64.deb ...
Unpacking libqt5quickwidgets5:amd64 (5.9.5-0ubuntu1.1) ...
Selecting previously unselected package qt5-qmltooling-plugins:amd64.
Preparing to unpack .../77-qt5-qmltooling-plugins_5.9.5-0ubuntu1.1_amd64.deb ...
Unpacking qt5-qmltooling-plugins:amd64 (5.9.5-0ubuntu1.1) ...
Selecting previously unselected package qtdeclarative5-dev:amd64.
Preparing to unpack .../78-qtdeclarative5-dev_5.9.5-0ubuntu1.1_amd64.deb ...
Unpacking qtdeclarative5-dev:amd64 (5.9.5-0ubuntu1.1) ...
Selecting previously unselected package libqt5webkit5-dev:amd64.
Preparing to unpack .../79-libqt5webkit5-dev_5.212.0~alpha2-7ubuntu1_amd64.deb ...
Unpacking libqt5webkit5-dev:amd64 (5.212.0~alpha2-7ubuntu1) ...
Selecting previously unselected package libturbojpeg:amd64.
Preparing to unpack .../80-libturbojpeg_1.5.2-0ubuntu5.18.04.6_amd64.deb ...
Unpacking libturbojpeg:amd64 (1.5.2-0ubuntu5.18.04.6) ...
Preparing to unpack .../81-libpython2.7_2.7.17-1~18.04ubuntu1.11_amd64.deb ...
Unpacking libpython2.7:amd64 (2.7.17-1~18.04ubuntu1.11) over (2.7.17-1~18.04ubuntu1.6) ...
Preparing to unpack .../82-libpython2.7-stdlib_2.7.17-1~18.04ubuntu1.11_amd64.deb ...
Unpacking libpython2.7-stdlib:amd64 (2.7.17-1~18.04ubuntu1.11) over (2.7.17-1~18.04ubuntu1.6) ...
Preparing to unpack .../83-libpython2.7-minimal_2.7.17-1~18.04ubuntu1.11_amd64.deb ...
Unpacking libpython2.7-minimal:amd64 (2.7.17-1~18.04ubuntu1.11) over (2.7.17-1~18.04ubuntu1.6) ...
Selecting previously unselected package python2.7-minimal.
Preparing to unpack .../84-python2.7-minimal_2.7.17-1~18.04ubuntu1.11_amd64.deb ...
Unpacking python2.7-minimal (2.7.17-1~18.04ubuntu1.11) ...
Selecting previously unselected package python-minimal.
Preparing to unpack .../85-python-minimal_2.7.15~rc1-1_amd64.deb ...
Unpacking python-minimal (2.7.15~rc1-1) ...
Selecting previously unselected package python2.7.
Preparing to unpack .../86-python2.7_2.7.17-1~18.04ubuntu1.11_amd64.deb ...
Unpacking python2.7 (2.7.17-1~18.04ubuntu1.11) ...
Selecting previously unselected package libpython-stdlib:amd64.
Preparing to unpack .../87-libpython-stdlib_2.7.15~rc1-1_amd64.deb ...
Unpacking libpython-stdlib:amd64 (2.7.15~rc1-1) ...
Setting up libpython2.7-minimal:amd64 (2.7.17-1~18.04ubuntu1.11) ...
Setting up python2.7-minimal (2.7.17-1~18.04ubuntu1.11) ...
Setting up python-minimal (2.7.15~rc1-1) ...
Selecting previously unselected package python.
(Reading database ... (Reading database ... 5%(Reading database ... 10%(Reading database ... 15%(Reading database ... 20%(Reading database ... 25%(Reading database ... 30%(Reading database ... 35%(Reading database ... 40%(Reading database ... 45%(Reading database ... 50%(Reading database ... 55%(Reading database ... 60%(Reading database ... 65%(Reading database ... 70%(Reading database ... 75%(Reading database ... 80%(Reading database ... 85%(Reading database ... 90%(Reading database ... 95%(Reading database ... 100%(Reading database ... 155343 files and directories currently installed.)
Preparing to unpack .../0000-python_2.7.15~rc1-1_amd64.deb ...
Unpacking python (2.7.15~rc1-1) ...
Selecting previously unselected package sgml-base.
Preparing to unpack .../0001-sgml-base_1.29_all.deb ...
Unpacking sgml-base (1.29) ...
Selecting previously unselected package libccd2:amd64.
Preparing to unpack .../0002-libccd2_2.0-1_amd64.deb ...
Unpacking libccd2:amd64 (2.0-1) ...
Selecting previously unselected package libsigsegv2:amd64.
Preparing to unpack .../0003-libsigsegv2_2.12-1_amd64.deb ...
Unpacking libsigsegv2:amd64 (2.12-1) ...
Selecting previously unselected package m4.
Preparing to unpack .../0004-m4_1.4.18-1_amd64.deb ...
Unpacking m4 (1.4.18-1) ...
Selecting previously unselected package autoconf.
Preparing to unpack .../0005-autoconf_2.69-11_all.deb ...
Unpacking autoconf (2.69-11) ...
Selecting previously unselected package autotools-dev.
Preparing to unpack .../0006-autotools-dev_20180224.1_all.deb ...
Unpacking autotools-dev (20180224.1) ...
Selecting previously unselected package automake.
Preparing to unpack .../0007-automake_1%3a1.15.1-3ubuntu2_all.deb ...
Unpacking automake (1:1.15.1-3ubuntu2) ...
Selecting previously unselected package autopoint.
Preparing to unpack .../0008-autopoint_0.19.8.1-6ubuntu0.3_all.deb ...
Unpacking autopoint (0.19.8.1-6ubuntu0.3) ...
Selecting previously unselected package binfmt-support.
Preparing to unpack .../0009-binfmt-support_2.1.8-2_amd64.deb ...
Unpacking binfmt-support (2.1.8-2) ...
Selecting previously unselected package libtcl8.6:amd64.
Preparing to unpack .../0010-libtcl8.6_8.6.8+dfsg-3_amd64.deb ...
Unpacking libtcl8.6:amd64 (8.6.8+dfsg-3) ...
Selecting previously unselected package libtk8.6:amd64.
Preparing to unpack .../0011-libtk8.6_8.6.8-4_amd64.deb ...
Unpacking libtk8.6:amd64 (8.6.8-4) ...
Selecting previously unselected package tk8.6-blt2.5.
Preparing to unpack .../0012-tk8.6-blt2.5_2.5.3+dfsg-4_amd64.deb ...
Unpacking tk8.6-blt2.5 (2.5.3+dfsg-4) ...
Selecting previously unselected package blt.
Preparing to unpack .../0013-blt_2.5.3+dfsg-4_amd64.deb ...
Unpacking blt (2.5.3+dfsg-4) ...
Selecting previously unselected package libc-dev-bin.
Preparing to unpack .../0014-libc-dev-bin_2.27-3ubuntu1.6_amd64.deb ...
Unpacking libc-dev-bin (2.27-3ubuntu1.6) ...
Selecting previously unselected package linux-libc-dev:amd64.
Preparing to unpack .../0015-linux-libc-dev_4.15.0-213.224_amd64.deb ...
Unpacking linux-libc-dev:amd64 (4.15.0-213.224) ...
Selecting previously unselected package libc6-dev:amd64.
Preparing to unpack .../0016-libc6-dev_2.27-3ubuntu1.6_amd64.deb ...
Unpacking libc6-dev:amd64 (2.27-3ubuntu1.6) ...
Selecting previously unselected package libitm1:amd64.
Preparing to unpack .../0017-libitm1_8.4.0-1ubuntu1~18.04_amd64.deb ...
Unpacking libitm1:amd64 (8.4.0-1ubuntu1~18.04) ...
Selecting previously unselected package libatomic1:amd64.
Preparing to unpack .../0018-libatomic1_8.4.0-1ubuntu1~18.04_amd64.deb ...
Unpacking libatomic1:amd64 (8.4.0-1ubuntu1~18.04) ...
Selecting previously unselected package libasan4:amd64.
Preparing to unpack .../0019-libasan4_7.5.0-3ubuntu1~18.04_amd64.deb ...
Unpacking libasan4:amd64 (7.5.0-3ubuntu1~18.04) ...
Selecting previously unselected package liblsan0:amd64.
Preparing to unpack .../0020-liblsan0_8.4.0-1ubuntu1~18.04_amd64.deb ...
Unpacking liblsan0:amd64 (8.4.0-1ubuntu1~18.04) ...
Selecting previously unselected package libtsan0:amd64.
Preparing to unpack .../0021-libtsan0_8.4.0-1ubuntu1~18.04_amd64.deb ...
Unpacking libtsan0:amd64 (8.4.0-1ubuntu1~18.04) ...
Selecting previously unselected package libubsan0:amd64.
Preparing to unpack .../0022-libubsan0_7.5.0-3ubuntu1~18.04_amd64.deb ...
Unpacking libubsan0:amd64 (7.5.0-3ubuntu1~18.04) ...
Selecting previously unselected package libcilkrts5:amd64.
Preparing to unpack .../0023-libcilkrts5_7.5.0-3ubuntu1~18.04_amd64.deb ...
Unpacking libcilkrts5:amd64 (7.5.0-3ubuntu1~18.04) ...
Selecting previously unselected package libmpx2:amd64.
Preparing to unpack .../0024-libmpx2_8.4.0-1ubuntu1~18.04_amd64.deb ...
Unpacking libmpx2:amd64 (8.4.0-1ubuntu1~18.04) ...
Selecting previously unselected package libquadmath0:amd64.
Preparing to unpack .../0025-libquadmath0_8.4.0-1ubuntu1~18.04_amd64.deb ...
Unpacking libquadmath0:amd64 (8.4.0-1ubuntu1~18.04) ...
Selecting previously unselected package libgcc-7-dev:amd64.
Preparing to unpack .../0026-libgcc-7-dev_7.5.0-3ubuntu1~18.04_amd64.deb ...
Unpacking libgcc-7-dev:amd64 (7.5.0-3ubuntu1~18.04) ...
Selecting previously unselected package gcc-7.
Preparing to unpack .../0027-gcc-7_7.5.0-3ubuntu1~18.04_amd64.deb ...
Unpacking gcc-7 (7.5.0-3ubuntu1~18.04) ...
Selecting previously unselected package gcc.
Preparing to unpack .../0028-gcc_4%3a7.4.0-1ubuntu2.3_amd64.deb ...
Unpacking gcc (4:7.4.0-1ubuntu2.3) ...
Selecting previously unselected package libstdc++-7-dev:amd64.
Preparing to unpack .../0029-libstdc++-7-dev_7.5.0-3ubuntu1~18.04_amd64.deb ...
Unpacking libstdc++-7-dev:amd64 (7.5.0-3ubuntu1~18.04) ...
Selecting previously unselected package g++-7.
Preparing to unpack .../0030-g++-7_7.5.0-3ubuntu1~18.04_amd64.deb ...
Unpacking g++-7 (7.5.0-3ubuntu1~18.04) ...
Selecting previously unselected package g++.
Preparing to unpack .../0031-g++_4%3a7.4.0-1ubuntu2.3_amd64.deb ...
Unpacking g++ (4:7.4.0-1ubuntu2.3) ...
Selecting previously unselected package make.
Preparing to unpack .../0032-make_4.1-9.1ubuntu1_amd64.deb ...
Unpacking make (4.1-9.1ubuntu1) ...
Preparing to unpack .../0033-libdpkg-perl_1.19.0.5ubuntu2.4_all.deb ...
Unpacking libdpkg-perl (1.19.0.5ubuntu2.4) over (1.19.0.5ubuntu2.3) ...
Selecting previously unselected package dpkg-dev.
Preparing to unpack .../0034-dpkg-dev_1.19.0.5ubuntu2.4_all.deb ...
Unpacking dpkg-dev (1.19.0.5ubuntu2.4) ...
Selecting previously unselected package build-essential.
Preparing to unpack .../0035-build-essential_12.4ubuntu1_amd64.deb ...
Unpacking build-essential (12.4ubuntu1) ...
Selecting previously unselected package bzip2-doc.
Preparing to unpack .../0036-bzip2-doc_1.0.6-8.1ubuntu0.2_all.deb ...
Unpacking bzip2-doc (1.0.6-8.1ubuntu0.2) ...
Selecting previously unselected package python-six.
Preparing to unpack .../0037-python-six_1.11.0-2_all.deb ...
Unpacking python-six (1.11.0-2) ...
Selecting previously unselected package python-configobj.
Preparing to unpack .../0038-python-configobj_5.0.6-2_all.deb ...
Unpacking python-configobj (5.0.6-2) ...
Selecting previously unselected package python-bzrlib.
Preparing to unpack .../0039-python-bzrlib_2.7.0+bzr6622-10_amd64.deb ...
Unpacking python-bzrlib (2.7.0+bzr6622-10) ...
Selecting previously unselected package bzr.
Preparing to unpack .../0040-bzr_2.7.0+bzr6622-10_all.deb ...
Unpacking bzr (2.7.0+bzr6622-10) ...
Selecting previously unselected package cmake-data.
Preparing to unpack .../0041-cmake-data_3.10.2-1ubuntu2.18.04.2_all.deb ...
Unpacking cmake-data (3.10.2-1ubuntu2.18.04.2) ...
Preparing to unpack .../0042-libldap-common_2.4.45+dfsg-1ubuntu1.11_all.deb ...
Unpacking libldap-common (2.4.45+dfsg-1ubuntu1.11) over (2.4.45+dfsg-1ubuntu1.10) ...
Preparing to unpack .../0043-libldap-2.4-2_2.4.45+dfsg-1ubuntu1.11_amd64.deb ...
Unpacking libldap-2.4-2:amd64 (2.4.45+dfsg-1ubuntu1.11) over (2.4.45+dfsg-1ubuntu1.10) ...
Selecting previously unselected package libcurl4:amd64.
Preparing to unpack .../0044-libcurl4_7.58.0-2ubuntu3.24_amd64.deb ...
Unpacking libcurl4:amd64 (7.58.0-2ubuntu3.24) ...
Selecting previously unselected package libjsoncpp1:amd64.
Preparing to unpack .../0045-libjsoncpp1_1.7.4-3_amd64.deb ...
Unpacking libjsoncpp1:amd64 (1.7.4-3) ...
Selecting previously unselected package librhash0:amd64.
Preparing to unpack .../0046-librhash0_1.3.6-2_amd64.deb ...
Unpacking librhash0:amd64 (1.3.6-2) ...
Selecting previously unselected package libuv1:amd64.
Preparing to unpack .../0047-libuv1_1.18.0-3_amd64.deb ...
Unpacking libuv1:amd64 (1.18.0-3) ...
Selecting previously unselected package cmake.
Preparing to unpack .../0048-cmake_3.10.2-1ubuntu2.18.04.2_amd64.deb ...
Unpacking cmake (3.10.2-1ubuntu2.18.04.2) ...
Selecting previously unselected package cython.
Preparing to unpack .../0049-cython_0.26.1-0.4_amd64.deb ...
Unpacking cython (0.26.1-0.4) ...
Selecting previously unselected package libtool.
Preparing to unpack .../0050-libtool_2.4.6-2_all.deb ...
Unpacking libtool (2.4.6-2) ...
Selecting previously unselected package dh-autoreconf.
Preparing to unpack .../0051-dh-autoreconf_17_all.deb ...
Unpacking dh-autoreconf (17) ...
Selecting previously unselected package libfile-stripnondeterminism-perl.
Preparing to unpack .../0052-libfile-stripnondeterminism-perl_0.040-1.1~build1_all.deb ...
Unpacking libfile-stripnondeterminism-perl (0.040-1.1~build1) ...
Selecting previously unselected package dh-strip-nondeterminism.
Preparing to unpack .../0053-dh-strip-nondeterminism_0.040-1.1~build1_all.deb ...
Unpacking dh-strip-nondeterminism (0.040-1.1~build1) ...
Selecting previously unselected package po-debconf.
Preparing to unpack .../0054-po-debconf_1.0.20_all.deb ...
Unpacking po-debconf (1.0.20) ...
Selecting previously unselected package debhelper.
Preparing to unpack .../0055-debhelper_11.1.6ubuntu2_all.deb ...
Unpacking debhelper (11.1.6ubuntu2) ...
Selecting previously unselected package mysql-common.
Preparing to unpack .../0056-mysql-common_5.8+1.0.4_all.deb ...
Unpacking mysql-common (5.8+1.0.4) ...
Selecting previously unselected package libmysqlclient20:amd64.
Preparing to unpack .../0057-libmysqlclient20_5.7.42-0ubuntu0.18.04.1_amd64.deb ...
Unpacking libmysqlclient20:amd64 (5.7.42-0ubuntu0.18.04.1) ...
Selecting previously unselected package libssl-dev:amd64.
Preparing to unpack .../0058-libssl-dev_1.1.1-1ubuntu2.1~18.04.23_amd64.deb ...
Unpacking libssl-dev:amd64 (1.1.1-1ubuntu2.1~18.04.23) ...
Selecting previously unselected package zlib1g-dev:amd64.
Preparing to unpack .../0059-zlib1g-dev_1%3a1.2.11.dfsg-0ubuntu2.2_amd64.deb ...
Unpacking zlib1g-dev:amd64 (1:1.2.11.dfsg-0ubuntu2.2) ...
Selecting previously unselected package libmysqlclient-dev.
Preparing to unpack .../0060-libmysqlclient-dev_5.7.42-0ubuntu0.18.04.1_amd64.deb ...
Unpacking libmysqlclient-dev (5.7.42-0ubuntu0.18.04.1) ...
Selecting previously unselected package default-libmysqlclient-dev:amd64.
Preparing to unpack .../0061-default-libmysqlclient-dev_1.0.4_amd64.deb ...
Unpacking default-libmysqlclient-dev:amd64 (1.0.4) ...
Selecting previously unselected package python3-lib2to3.
Preparing to unpack .../0062-python3-lib2to3_3.6.9-1~18.04_all.deb ...
Unpacking python3-lib2to3 (3.6.9-1~18.04) ...
Selecting previously unselected package python3-distutils.
Preparing to unpack .../0063-python3-distutils_3.6.9-1~18.04_all.deb ...
Unpacking python3-distutils (3.6.9-1~18.04) ...
Selecting previously unselected package dh-python.
Preparing to unpack .../0064-dh-python_3.20180325ubuntu2_all.deb ...
Unpacking dh-python (3.20180325ubuntu2) ...
Selecting previously unselected package xml-core.
Preparing to unpack .../0065-xml-core_0.18_all.deb ...
Unpacking xml-core (0.18) ...
Selecting previously unselected package docutils-common.
Preparing to unpack .../0066-docutils-common_0.14+dfsg-3_all.deb ...
Unpacking docutils-common (0.14+dfsg-3) ...
Selecting previously unselected package docutils-doc.
Preparing to unpack .../0067-docutils-doc_0.14+dfsg-3_all.deb ...
Unpacking docutils-doc (0.14+dfsg-3) ...
Selecting previously unselected package libfakeroot:amd64.
Preparing to unpack .../0068-libfakeroot_1.22-2ubuntu1_amd64.deb ...
Unpacking libfakeroot:amd64 (1.22-2ubuntu1) ...
Selecting previously unselected package fakeroot.
Preparing to unpack .../0069-fakeroot_1.22-2ubuntu1_amd64.deb ...
Unpacking fakeroot (1.22-2ubuntu1) ...
Selecting previously unselected package fltk1.3-doc.
Preparing to unpack .../0070-fltk1.3-doc_1.3.4-6_all.deb ...
Unpacking fltk1.3-doc (1.3.4-6) ...
Selecting previously unselected package libfltk1.3:amd64.
Preparing to unpack .../0071-libfltk1.3_1.3.4-6_amd64.deb ...
Unpacking libfltk1.3:amd64 (1.3.4-6) ...
Selecting previously unselected package libfltk-forms1.3:amd64.
Preparing to unpack .../0072-libfltk-forms1.3_1.3.4-6_amd64.deb ...
Unpacking libfltk-forms1.3:amd64 (1.3.4-6) ...
Selecting previously unselected package libfltk-images1.3:amd64.
Preparing to unpack .../0073-libfltk-images1.3_1.3.4-6_amd64.deb ...
Unpacking libfltk-images1.3:amd64 (1.3.4-6) ...
Selecting previously unselected package fluid.
Preparing to unpack .../0074-fluid_1.3.4-6_amd64.deb ...
Unpacking fluid (1.3.4-6) ...
Selecting previously unselected package fonts-lyx.
Preparing to unpack .../0075-fonts-lyx_2.2.4-0ubuntu0.18.04.1_all.deb ...
Unpacking fonts-lyx (2.2.4-0ubuntu0.18.04.1) ...
Selecting previously unselected package freeglut3:amd64.
Preparing to unpack .../0076-freeglut3_2.8.1-3_amd64.deb ...
Unpacking freeglut3:amd64 (2.8.1-3) ...
Selecting previously unselected package libice-dev:amd64.
Preparing to unpack .../0077-libice-dev_2%3a1.0.9-2ubuntu0.18.04.1_amd64.deb ...
Unpacking libice-dev:amd64 (2:1.0.9-2ubuntu0.18.04.1) ...
Selecting previously unselected package libsm-dev:amd64.
Preparing to unpack .../0078-libsm-dev_2%3a1.2.2-1_amd64.deb ...
Unpacking libsm-dev:amd64 (2:1.2.2-1) ...
Selecting previously unselected package libxt-dev:amd64.
Preparing to unpack .../0079-libxt-dev_1%3a1.1.5-1_amd64.deb ...
Unpacking libxt-dev:amd64 (1:1.1.5-1) ...
Selecting previously unselected package freeglut3-dev:amd64.
Preparing to unpack .../0080-freeglut3-dev_2.8.1-3_amd64.deb ...
Unpacking freeglut3-dev:amd64 (2.8.1-3) ...
Selecting previously unselected package libboost-program-options1.65.1:amd64.
Preparing to unpack .../0081-libboost-program-options1.65.1_1.65.1+dfsg-0ubuntu5_amd64.deb ...
Unpacking libboost-program-options1.65.1:amd64 (1.65.1+dfsg-0ubuntu5) ...
Selecting previously unselected package libboost-regex1.65.1:amd64.
Preparing to unpack .../0082-libboost-regex1.65.1_1.65.1+dfsg-0ubuntu5_amd64.deb ...
Unpacking libboost-regex1.65.1:amd64 (1.65.1+dfsg-0ubuntu5) ...
Selecting previously unselected package gdal-data.
Preparing to unpack .../0083-gdal-data_2.2.3+dfsg-2_all.deb ...
Unpacking gdal-data (2.2.3+dfsg-2) ...
Selecting previously unselected package libblas3:amd64.
Preparing to unpack .../0084-libblas3_3.7.1-4ubuntu1_amd64.deb ...
Unpacking libblas3:amd64 (3.7.1-4ubuntu1) ...
Selecting previously unselected package libgfortran4:amd64.
Preparing to unpack .../0085-libgfortran4_7.5.0-3ubuntu1~18.04_amd64.deb ...
Unpacking libgfortran4:amd64 (7.5.0-3ubuntu1~18.04) ...
Selecting previously unselected package liblapack3:amd64.
Preparing to unpack .../0086-liblapack3_3.7.1-4ubuntu1_amd64.deb ...
Unpacking liblapack3:amd64 (3.7.1-4ubuntu1) ...
Selecting previously unselected package libarpack2:amd64.
Preparing to unpack .../0087-libarpack2_3.5.0+real-2_amd64.deb ...
Unpacking libarpack2:amd64 (3.5.0+real-2) ...
Selecting previously unselected package libsuperlu5:amd64.
Preparing to unpack .../0088-libsuperlu5_5.2.1+dfsg1-3_amd64.deb ...
Unpacking libsuperlu5:amd64 (5.2.1+dfsg1-3) ...
Selecting previously unselected package libarmadillo8.
Preparing to unpack .../0089-libarmadillo8_1%3a8.400.0+dfsg-2_amd64.deb ...
Unpacking libarmadillo8 (1:8.400.0+dfsg-2) ...
Preparing to unpack .../0090-libcurl3-gnutls_7.58.0-2ubuntu3.24_amd64.deb ...
Unpacking libcurl3-gnutls:amd64 (7.58.0-2ubuntu3.24) over (7.58.0-2ubuntu3.15) ...
Selecting previously unselected package libdap25:amd64.
Preparing to unpack .../0091-libdap25_3.19.1-2build1_amd64.deb ...
Unpacking libdap25:amd64 (3.19.1-2build1) ...
Selecting previously unselected package libdapclient6v5:amd64.
Preparing to unpack .../0092-libdapclient6v5_3.19.1-2build1_amd64.deb ...
Unpacking libdapclient6v5:amd64 (3.19.1-2build1) ...
Selecting previously unselected package libepsilon1:amd64.
Preparing to unpack .../0093-libepsilon1_0.9.2+dfsg-2_amd64.deb ...
Unpacking libepsilon1:amd64 (0.9.2+dfsg-2) ...
Selecting previously unselected package libfreexl1:amd64.
Preparing to unpack .../0094-libfreexl1_1.0.5-1_amd64.deb ...
Unpacking libfreexl1:amd64 (1.0.5-1) ...
Selecting previously unselected package libfyba0:amd64.
Preparing to unpack .../0095-libfyba0_4.1.1-3_amd64.deb ...
Unpacking libfyba0:amd64 (4.1.1-3) ...
Selecting previously unselected package libgeos-3.6.2:amd64.
Preparing to unpack .../0096-libgeos-3.6.2_3.6.2-1build2_amd64.deb ...
Unpacking libgeos-3.6.2:amd64 (3.6.2-1build2) ...
Selecting previously unselected package libgeos-c1v5:amd64.
Preparing to unpack .../0097-libgeos-c1v5_3.6.2-1build2_amd64.deb ...
Unpacking libgeos-c1v5:amd64 (3.6.2-1build2) ...
Selecting previously unselected package proj-data.
Preparing to unpack .../0098-proj-data_4.9.3-2_all.deb ...
Unpacking proj-data (4.9.3-2) ...
Selecting previously unselected package libproj12:amd64.
Preparing to unpack .../0099-libproj12_4.9.3-2_amd64.deb ...
Unpacking libproj12:amd64 (4.9.3-2) ...
Preparing to unpack .../0100-libjbig0_2.1-3.1ubuntu0.18.04.1_amd64.deb ...
Unpacking libjbig0:amd64 (2.1-3.1ubuntu0.18.04.1) over (2.1-3.1build1) ...
Preparing to unpack .../0101-libtiff5_4.0.9-5ubuntu0.10_amd64.deb ...
Unpacking libtiff5:amd64 (4.0.9-5ubuntu0.10) over (4.0.9-5ubuntu0.4) ...
Selecting previously unselected package libgeotiff2:amd64.
Preparing to unpack .../0102-libgeotiff2_1.4.2-2build1_amd64.deb ...
Unpacking libgeotiff2:amd64 (1.4.2-2build1) ...
Selecting previously unselected package libgif7:amd64.
Preparing to unpack .../0103-libgif7_5.1.4-2ubuntu0.1_amd64.deb ...
Unpacking libgif7:amd64 (5.1.4-2ubuntu0.1) ...
Selecting previously unselected package libhdf4-0-alt.
Preparing to unpack .../0104-libhdf4-0-alt_4.2.13-2_amd64.deb ...
Unpacking libhdf4-0-alt (4.2.13-2) ...
Selecting previously unselected package libaec0:amd64.
Preparing to unpack .../0105-libaec0_0.3.2-2_amd64.deb ...
Unpacking libaec0:amd64 (0.3.2-2) ...
Selecting previously unselected package libsz2:amd64.
Preparing to unpack .../0106-libsz2_0.3.2-2_amd64.deb ...
Unpacking libsz2:amd64 (0.3.2-2) ...
Selecting previously unselected package libhdf5-100:amd64.
Preparing to unpack .../0107-libhdf5-100_1.10.0-patch1+docs-4_amd64.deb ...
Unpacking libhdf5-100:amd64 (1.10.0-patch1+docs-4) ...
Selecting previously unselected package libminizip1:amd64.
Preparing to unpack .../0108-libminizip1_1.1-8build1_amd64.deb ...
Unpacking libminizip1:amd64 (1.1-8build1) ...
Selecting previously unselected package liburiparser1:amd64.
Preparing to unpack .../0109-liburiparser1_0.8.4-1+deb9u2ubuntu0.1_amd64.deb ...
Unpacking liburiparser1:amd64 (0.8.4-1+deb9u2ubuntu0.1) ...
Selecting previously unselected package libkmlbase1:amd64.
Preparing to unpack .../0110-libkmlbase1_1.3.0-5_amd64.deb ...
Unpacking libkmlbase1:amd64 (1.3.0-5) ...
Selecting previously unselected package libkmldom1:amd64.
Preparing to unpack .../0111-libkmldom1_1.3.0-5_amd64.deb ...
Unpacking libkmldom1:amd64 (1.3.0-5) ...
Selecting previously unselected package libkmlengine1:amd64.
Preparing to unpack .../0112-libkmlengine1_1.3.0-5_amd64.deb ...
Unpacking libkmlengine1:amd64 (1.3.0-5) ...
Selecting previously unselected package libnetcdf13:amd64.
Preparing to unpack .../0113-libnetcdf13_1%3a4.6.0-2build1_amd64.deb ...
Unpacking libnetcdf13:amd64 (1:4.6.0-2build1) ...
Selecting previously unselected package libodbc1:amd64.
Preparing to unpack .../0114-libodbc1_2.3.4-1.1ubuntu3_amd64.deb ...
Unpacking libodbc1:amd64 (2.3.4-1.1ubuntu3) ...
Selecting previously unselected package libogdi3.2.
Preparing to unpack .../0115-libogdi3.2_3.2.0+ds-2_amd64.deb ...
Unpacking libogdi3.2 (3.2.0+ds-2) ...
Selecting previously unselected package libopenjp2-7:amd64.
Preparing to unpack .../0116-libopenjp2-7_2.3.0-2+deb10u2build0.18.04.1_amd64.deb ...
Unpacking libopenjp2-7:amd64 (2.3.0-2+deb10u2build0.18.04.1) ...
Preparing to unpack .../0117-libpoppler-glib8_0.62.0-2ubuntu2.14_amd64.deb ...
Unpacking libpoppler-glib8:amd64 (0.62.0-2ubuntu2.14) over (0.62.0-2ubuntu2.12) ...
Preparing to unpack .../0118-poppler-utils_0.62.0-2ubuntu2.14_amd64.deb ...
Unpacking poppler-utils (0.62.0-2ubuntu2.14) over (0.62.0-2ubuntu2.12) ...
Preparing to unpack .../0119-libpoppler73_0.62.0-2ubuntu2.14_amd64.deb ...
Unpacking libpoppler73:amd64 (0.62.0-2ubuntu2.14) over (0.62.0-2ubuntu2.12) ...
Selecting previously unselected package libpq5:amd64.
Preparing to unpack .../0120-libpq5_10.23-0ubuntu0.18.04.2_amd64.deb ...
Unpacking libpq5:amd64 (10.23-0ubuntu0.18.04.2) ...
Selecting previously unselected package libqhull7:amd64.
Preparing to unpack .../0121-libqhull7_2015.2-4_amd64.deb ...
Unpacking libqhull7:amd64 (2015.2-4) ...
Selecting previously unselected package libspatialite7:amd64.
Preparing to unpack .../0122-libspatialite7_4.3.0a-5build1_amd64.deb ...
Unpacking libspatialite7:amd64 (4.3.0a-5build1) ...
Selecting previously unselected package libxerces-c3.2:amd64.
Preparing to unpack .../0123-libxerces-c3.2_3.2.0+debian-2_amd64.deb ...
Unpacking libxerces-c3.2:amd64 (3.2.0+debian-2) ...
Selecting previously unselected package odbcinst.
Preparing to unpack .../0124-odbcinst_2.3.4-1.1ubuntu3_amd64.deb ...
Unpacking odbcinst (2.3.4-1.1ubuntu3) ...
Selecting previously unselected package odbcinst1debian2:amd64.
Preparing to unpack .../0125-odbcinst1debian2_2.3.4-1.1ubuntu3_amd64.deb ...
Unpacking odbcinst1debian2:amd64 (2.3.4-1.1ubuntu3) ...
Selecting previously unselected package libgdal20.
Preparing to unpack .../0126-libgdal20_2.2.3+dfsg-2_amd64.deb ...
Unpacking libgdal20 (2.2.3+dfsg-2) ...
Selecting previously unselected package libva2:amd64.
Preparing to unpack .../0127-libva2_2.1.0-3_amd64.deb ...
Unpacking libva2:amd64 (2.1.0-3) ...
Selecting previously unselected package libva-drm2:amd64.
Preparing to unpack .../0128-libva-drm2_2.1.0-3_amd64.deb ...
Unpacking libva-drm2:amd64 (2.1.0-3) ...
Selecting previously unselected package libva-x11-2:amd64.
Preparing to unpack .../0129-libva-x11-2_2.1.0-3_amd64.deb ...
Unpacking libva-x11-2:amd64 (2.1.0-3) ...
Selecting previously unselected package libvdpau1:amd64.
Preparing to unpack .../0130-libvdpau1_1.1.1-3ubuntu1_amd64.deb ...
Unpacking libvdpau1:amd64 (1.1.1-3ubuntu1) ...
Selecting previously unselected package libavutil55:amd64.
Preparing to unpack .../0131-libavutil55_7%3a3.4.11-0ubuntu0.1_amd64.deb ...
Unpacking libavutil55:amd64 (7:3.4.11-0ubuntu0.1) ...
Selecting previously unselected package libcrystalhd3:amd64.
Preparing to unpack .../0132-libcrystalhd3_1%3a0.0~git20110715.fdd2f19-12_amd64.deb ...
Unpacking libcrystalhd3:amd64 (1:0.0~git20110715.fdd2f19-12) ...
Selecting previously unselected package libgsm1:amd64.
Preparing to unpack .../0133-libgsm1_1.0.13-4build1_amd64.deb ...
Unpacking libgsm1:amd64 (1.0.13-4build1) ...
Selecting previously unselected package libshine3:amd64.
Preparing to unpack .../0134-libshine3_3.1.1-1_amd64.deb ...
Unpacking libshine3:amd64 (3.1.1-1) ...
Selecting previously unselected package libsnappy1v5:amd64.
Preparing to unpack .../0135-libsnappy1v5_1.1.7-1_amd64.deb ...
Unpacking libsnappy1v5:amd64 (1.1.7-1) ...
Selecting previously unselected package libsoxr0:amd64.
Preparing to unpack .../0136-libsoxr0_0.1.2-3_amd64.deb ...
Unpacking libsoxr0:amd64 (0.1.2-3) ...
Selecting previously unselected package libswresample2:amd64.
Preparing to unpack .../0137-libswresample2_7%3a3.4.11-0ubuntu0.1_amd64.deb ...
Unpacking libswresample2:amd64 (7:3.4.11-0ubuntu0.1) ...
Preparing to unpack .../0138-libwebpmux3_0.6.1-2ubuntu0.18.04.2_amd64.deb ...
Unpacking libwebpmux3:amd64 (0.6.1-2ubuntu0.18.04.2) over (0.6.1-2ubuntu0.18.04.1) ...
Selecting previously unselected package libx264-152:amd64.
Preparing to unpack .../0139-libx264-152_2%3a0.152.2854+gite9a5903-2_amd64.deb ...
Unpacking libx264-152:amd64 (2:0.152.2854+gite9a5903-2) ...
Selecting previously unselected package libx265-146:amd64.
Preparing to unpack .../0140-libx265-146_2.6-3_amd64.deb ...
Unpacking libx265-146:amd64 (2.6-3) ...
Selecting previously unselected package libxvidcore4:amd64.
Preparing to unpack .../0141-libxvidcore4_2%3a1.3.5-1_amd64.deb ...
Unpacking libxvidcore4:amd64 (2:1.3.5-1) ...
Selecting previously unselected package libzvbi-common.
Preparing to unpack .../0142-libzvbi-common_0.2.35-13_all.deb ...
Unpacking libzvbi-common (0.2.35-13) ...
Selecting previously unselected package libzvbi0:amd64.
Preparing to unpack .../0143-libzvbi0_0.2.35-13_amd64.deb ...
Unpacking libzvbi0:amd64 (0.2.35-13) ...
Selecting previously unselected package libavcodec57:amd64.
Preparing to unpack .../0144-libavcodec57_7%3a3.4.11-0ubuntu0.1_amd64.deb ...
Unpacking libavcodec57:amd64 (7:3.4.11-0ubuntu0.1) ...
Selecting previously unselected package libass9:amd64.
Preparing to unpack .../0145-libass9_1%3a0.14.0-1_amd64.deb ...
Unpacking libass9:amd64 (1:0.14.0-1) ...
Selecting previously unselected package libbluray2:amd64.
Preparing to unpack .../0146-libbluray2_1%3a1.0.2-3_amd64.deb ...
Unpacking libbluray2:amd64 (1:1.0.2-3) ...
Selecting previously unselected package libchromaprint1:amd64.
Preparing to unpack .../0147-libchromaprint1_1.4.3-1_amd64.deb ...
Unpacking libchromaprint1:amd64 (1.4.3-1) ...
Selecting previously unselected package libgme0:amd64.
Preparing to unpack .../0148-libgme0_0.6.2-1_amd64.deb ...
Unpacking libgme0:amd64 (0.6.2-1) ...
Selecting previously unselected package libopenmpt0:amd64.
Preparing to unpack .../0149-libopenmpt0_0.3.6-1_amd64.deb ...
Unpacking libopenmpt0:amd64 (0.3.6-1) ...
Selecting previously unselected package libssh-gcrypt-4:amd64.
Preparing to unpack .../0150-libssh-gcrypt-4_0.8.0~20170825.94fa1e38-1ubuntu0.7_amd64.deb ...
Unpacking libssh-gcrypt-4:amd64 (0.8.0~20170825.94fa1e38-1ubuntu0.7) ...
Selecting previously unselected package libavformat57:amd64.
Preparing to unpack .../0151-libavformat57_7%3a3.4.11-0ubuntu0.1_amd64.deb ...
Unpacking libavformat57:amd64 (7:3.4.11-0ubuntu0.1) ...
Selecting previously unselected package libavresample3:amd64.
Preparing to unpack .../0152-libavresample3_7%3a3.4.11-0ubuntu0.1_amd64.deb ...
Unpacking libavresample3:amd64 (7:3.4.11-0ubuntu0.1) ...
Selecting previously unselected package libbs2b0:amd64.
Preparing to unpack .../0153-libbs2b0_3.1.0+dfsg-2.2_amd64.deb ...
Unpacking libbs2b0:amd64 (3.1.0+dfsg-2.2) ...
Selecting previously unselected package libflite1:amd64.
Preparing to unpack .../0154-libflite1_2.1-release-1_amd64.deb ...
Unpacking libflite1:amd64 (2.1-release-1) ...
Selecting previously unselected package libmysofa0:amd64.
Preparing to unpack .../0155-libmysofa0_0.6~dfsg0-3+deb10u1build1_amd64.deb ...
Unpacking libmysofa0:amd64 (0.6~dfsg0-3+deb10u1build1) ...
Selecting previously unselected package libpostproc54:amd64.
Preparing to unpack .../0156-libpostproc54_7%3a3.4.11-0ubuntu0.1_amd64.deb ...
Unpacking libpostproc54:amd64 (7:3.4.11-0ubuntu0.1) ...
Selecting previously unselected package librubberband2:amd64.
Preparing to unpack .../0157-librubberband2_1.8.1-7ubuntu2_amd64.deb ...
Unpacking librubberband2:amd64 (1.8.1-7ubuntu2) ...
Selecting previously unselected package libswscale4:amd64.
Preparing to unpack .../0158-libswscale4_7%3a3.4.11-0ubuntu0.1_amd64.deb ...
Unpacking libswscale4:amd64 (7:3.4.11-0ubuntu0.1) ...
Selecting previously unselected package libnorm1:amd64.
Preparing to unpack .../0159-libnorm1_1.5r6+dfsg1-6_amd64.deb ...
Unpacking libnorm1:amd64 (1.5r6+dfsg1-6) ...
Selecting previously unselected package libpgm-5.2-0:amd64.
Preparing to unpack .../0160-libpgm-5.2-0_5.2.122~dfsg-2_amd64.deb ...
Unpacking libpgm-5.2-0:amd64 (5.2.122~dfsg-2) ...
Selecting previously unselected package libzmq5:amd64.
Preparing to unpack .../0161-libzmq5_4.2.5-1ubuntu0.2_amd64.deb ...
Unpacking libzmq5:amd64 (4.2.5-1ubuntu0.2) ...
Selecting previously unselected package libavfilter6:amd64.
Preparing to unpack .../0162-libavfilter6_7%3a3.4.11-0ubuntu0.1_amd64.deb ...
Unpacking libavfilter6:amd64 (7:3.4.11-0ubuntu0.1) ...
Selecting previously unselected package libdc1394-22:amd64.
Preparing to unpack .../0163-libdc1394-22_2.2.5-1_amd64.deb ...
Unpacking libdc1394-22:amd64 (2.2.5-1) ...
Selecting previously unselected package libopenal-data.
Preparing to unpack .../0164-libopenal-data_1%3a1.18.2-2_all.deb ...
Unpacking libopenal-data (1:1.18.2-2) ...
Selecting previously unselected package libsndio6.1:amd64.
Preparing to unpack .../0165-libsndio6.1_1.1.0-3_amd64.deb ...
Unpacking libsndio6.1:amd64 (1.1.0-3) ...
Selecting previously unselected package libopenal1:amd64.
Preparing to unpack .../0166-libopenal1_1%3a1.18.2-2_amd64.deb ...
Unpacking libopenal1:amd64 (1:1.18.2-2) ...
Selecting previously unselected package libsdl2-2.0-0:amd64.
Preparing to unpack .../0167-libsdl2-2.0-0_2.0.8+dfsg1-1ubuntu1.18.04.4_amd64.deb ...
Unpacking libsdl2-2.0-0:amd64 (2.0.8+dfsg1-1ubuntu1.18.04.4) ...
Selecting previously unselected package libavdevice57:amd64.
Preparing to unpack .../0168-libavdevice57_7%3a3.4.11-0ubuntu0.1_amd64.deb ...
Unpacking libavdevice57:amd64 (7:3.4.11-0ubuntu0.1) ...
Selecting previously unselected package libbullet2.87:amd64.
Preparing to unpack .../0169-libbullet2.87_2.87+dfsg-2_amd64.deb ...
Unpacking libbullet2.87:amd64 (2.87+dfsg-2) ...
Selecting previously unselected package libcdt5.
Preparing to unpack .../0170-libcdt5_2.40.1-2_amd64.deb ...
Unpacking libcdt5 (2.40.1-2) ...
Selecting previously unselected package libcgraph6.
Preparing to unpack .../0171-libcgraph6_2.40.1-2_amd64.deb ...
Unpacking libcgraph6 (2.40.1-2) ...
Selecting previously unselected package libjxr0:amd64.
Preparing to unpack .../0172-libjxr0_1.1-6build1_amd64.deb ...
Unpacking libjxr0:amd64 (1.1-6build1) ...
Preparing to unpack .../0173-libopenexr22_2.2.0-11.1ubuntu1.9_amd64.deb ...
Unpacking libopenexr22:amd64 (2.2.0-11.1ubuntu1.9) over (2.2.0-11.1ubuntu1.7) ...
Selecting previously unselected package libfreeimage3:amd64.
Preparing to unpack .../0174-libfreeimage3_3.17.0+ds1-5+deb9u1build0.18.04.1_amd64.deb ...
Unpacking libfreeimage3:amd64 (3.17.0+ds1-5+deb9u1build0.18.04.1) ...
Selecting previously unselected package libgts-0.7-5:amd64.
Preparing to unpack .../0175-libgts-0.7-5_0.7.6+darcs121130-4_amd64.deb ...
Unpacking libgts-0.7-5:amd64 (0.7.6+darcs121130-4) ...
Selecting previously unselected package libpathplan4.
Preparing to unpack .../0176-libpathplan4_2.40.1-2_amd64.deb ...
Unpacking libpathplan4 (2.40.1-2) ...
Selecting previously unselected package libgvc6.
Preparing to unpack .../0177-libgvc6_2.40.1-2_amd64.deb ...
Unpacking libgvc6 (2.40.1-2) ...
Selecting previously unselected package libignition-math4:amd64.
Preparing to unpack .../0178-libignition-math4_4.0.0+dfsg1-4_amd64.deb ...
Unpacking libignition-math4:amd64 (4.0.0+dfsg1-4) ...
Selecting previously unselected package libtinyxml2-6:amd64.
Preparing to unpack .../0179-libtinyxml2-6_6.0.0+dfsg-1_amd64.deb ...
Unpacking libtinyxml2-6:amd64 (6.0.0+dfsg-1) ...
Selecting previously unselected package libignition-common:amd64.
Preparing to unpack .../0180-libignition-common_1.0.1-1_amd64.deb ...
Unpacking libignition-common:amd64 (1.0.1-1) ...
Selecting previously unselected package libzip4:amd64.
Preparing to unpack .../0181-libzip4_1.1.2-1.1_amd64.deb ...
Unpacking libzip4:amd64 (1.1.2-1.1) ...
Selecting previously unselected package libignition-fuel-tools1-1:amd64.
Preparing to unpack .../0182-libignition-fuel-tools1-1_1.0.0+dfsg4-4_amd64.deb ...
Unpacking libignition-fuel-tools1-1:amd64 (1.0.0+dfsg4-4) ...
Preparing to unpack .../0183-libprotobuf10_3.0.0-9.1ubuntu1.1_amd64.deb ...
Unpacking libprotobuf10:amd64 (3.0.0-9.1ubuntu1.1) over (3.0.0-9.1ubuntu1) ...
Selecting previously unselected package libignition-msgs:amd64.
Preparing to unpack .../0184-libignition-msgs_1.0.0+dfsg1-5_amd64.deb ...
Unpacking libignition-msgs:amd64 (1.0.0+dfsg1-5) ...
Selecting previously unselected package libignition-transport4:amd64.
Preparing to unpack .../0185-libignition-transport4_4.0.0+dfsg-4_amd64.deb ...
Unpacking libignition-transport4:amd64 (4.0.0+dfsg-4) ...
Selecting previously unselected package libzzip-0-13:amd64.
Preparing to unpack .../0186-libzzip-0-13_0.13.62-3.1ubuntu0.18.04.1_amd64.deb ...
Unpacking libzzip-0-13:amd64 (0.13.62-3.1ubuntu0.18.04.1) ...
Selecting previously unselected package libogre-1.9.0v5:amd64.
Preparing to unpack .../0187-libogre-1.9.0v5_1.9.0+dfsg1-10_amd64.deb ...
Unpacking libogre-1.9.0v5:amd64 (1.9.0+dfsg1-10) ...
Selecting previously unselected package libqtpropertybrowser4.
Preparing to unpack .../0188-libqtpropertybrowser4_4.0.4-2ubuntu4_amd64.deb ...
Unpacking libqtpropertybrowser4 (4.0.4-2ubuntu4) ...
Selecting previously unselected package libqt5opengl5:amd64.
Preparing to unpack .../0189-libqt5opengl5_5.9.5+dfsg-0ubuntu2.6_amd64.deb ...
Unpacking libqt5opengl5:amd64 (5.9.5+dfsg-0ubuntu2.6) ...
Selecting previously unselected package libqwt-qt5-6.
Preparing to unpack .../0190-libqwt-qt5-6_6.1.3-1_amd64.deb ...
Unpacking libqwt-qt5-6 (6.1.3-1) ...
Selecting previously unselected package sdformat-sdf.
Preparing to unpack .../0191-sdformat-sdf_6.0.0+dfsg-4_all.deb ...
Unpacking sdformat-sdf (6.0.0+dfsg-4) ...
Selecting previously unselected package libconsole-bridge0.4:amd64.
Preparing to unpack .../0192-libconsole-bridge0.4_0.4.0+dfsg-2_amd64.deb ...
Unpacking libconsole-bridge0.4:amd64 (0.4.0+dfsg-2) ...
Selecting previously unselected package liburdfdom-model:amd64.
Preparing to unpack .../0193-liburdfdom-model_1.0.0-2ubuntu0.1_amd64.deb ...
Unpacking liburdfdom-model:amd64 (1.0.0-2ubuntu0.1) ...
Selecting previously unselected package libsdformat6:amd64.
Preparing to unpack .../0194-libsdformat6_6.0.0+dfsg-4_amd64.deb ...
Unpacking libsdformat6:amd64 (6.0.0+dfsg-4) ...
Selecting previously unselected package libsimbody3.5v5:amd64.
Preparing to unpack .../0195-libsimbody3.5v5_3.5.4+dfsg-1ubuntu2_amd64.deb ...
Unpacking libsimbody3.5v5:amd64 (3.5.4+dfsg-1ubuntu2) ...
Selecting previously unselected package libspnav0.
Preparing to unpack .../0196-libspnav0_0.2.3-1_amd64.deb ...
Unpacking libspnav0 (0.2.3-1) ...
Selecting previously unselected package libtar0.
Preparing to unpack .../0197-libtar0_1.2.20-7_amd64.deb ...
Unpacking libtar0 (1.2.20-7) ...
Selecting previously unselected package libtbb2:amd64.
Preparing to unpack .../0198-libtbb2_2017~U7-8_amd64.deb ...
Unpacking libtbb2:amd64 (2017~U7-8) ...
Selecting previously unselected package libgazebo9:amd64.
Preparing to unpack .../0199-libgazebo9_9.0.0+dfsg5-3ubuntu1+ppa2_amd64.deb ...
Unpacking libgazebo9:amd64 (9.0.0+dfsg5-3ubuntu1+ppa2) ...
Selecting previously unselected package rubygems-integration.
Preparing to unpack .../0200-rubygems-integration_1.11_all.deb ...
Unpacking rubygems-integration (1.11) ...
Selecting previously unselected package rake.
Preparing to unpack .../0201-rake_12.3.1-1ubuntu0.1_all.deb ...
Unpacking rake (12.3.1-1ubuntu0.1) ...
Selecting previously unselected package ruby-did-you-mean.
Preparing to unpack .../0202-ruby-did-you-mean_1.2.0-2_all.deb ...
Unpacking ruby-did-you-mean (1.2.0-2) ...
Selecting previously unselected package ruby-minitest.
Preparing to unpack .../0203-ruby-minitest_5.10.3-1_all.deb ...
Unpacking ruby-minitest (5.10.3-1) ...
Selecting previously unselected package ruby-net-telnet.
Preparing to unpack .../0204-ruby-net-telnet_0.1.1-2_all.deb ...
Unpacking ruby-net-telnet (0.1.1-2) ...
Selecting previously unselected package ruby-power-assert.
Preparing to unpack .../0205-ruby-power-assert_0.3.0-1_all.deb ...
Unpacking ruby-power-assert (0.3.0-1) ...
Selecting previously unselected package ruby-test-unit.
Preparing to unpack .../0206-ruby-test-unit_3.2.5-1_all.deb ...
Unpacking ruby-test-unit (3.2.5-1) ...
Selecting previously unselected package libruby2.5:amd64.
Preparing to unpack .../0207-libruby2.5_2.5.1-1ubuntu1.16_amd64.deb ...
Unpacking libruby2.5:amd64 (2.5.1-1ubuntu1.16) ...
Selecting previously unselected package ruby2.5.
Preparing to unpack .../0208-ruby2.5_2.5.1-1ubuntu1.16_amd64.deb ...
Unpacking ruby2.5 (2.5.1-1ubuntu1.16) ...
Selecting previously unselected package ruby.
Preparing to unpack .../0209-ruby_1%3a2.5.1_amd64.deb ...
Unpacking ruby (1:2.5.1) ...
Selecting previously unselected package gazebo9-common.
Preparing to unpack .../0210-gazebo9-common_9.0.0+dfsg5-3ubuntu1+ppa2_all.deb ...
Unpacking gazebo9-common (9.0.0+dfsg5-3ubuntu1+ppa2) ...
Selecting previously unselected package gazebo9.
Preparing to unpack .../0211-gazebo9_9.0.0+dfsg5-3ubuntu1+ppa2_amd64.deb ...
Unpacking gazebo9 (9.0.0+dfsg5-3ubuntu1+ppa2) ...
Selecting previously unselected package gazebo9-plugin-base.
Preparing to unpack .../0212-gazebo9-plugin-base_9.0.0+dfsg5-3ubuntu1+ppa2_amd64.deb ...
Unpacking gazebo9-plugin-base (9.0.0+dfsg5-3ubuntu1+ppa2) ...
Selecting previously unselected package gir1.2-gtk-2.0.
Preparing to unpack .../0213-gir1.2-gtk-2.0_2.24.32-1ubuntu1_amd64.deb ...
Unpacking gir1.2-gtk-2.0 (2.24.32-1ubuntu1) ...
Selecting previously unselected package gir1.2-harfbuzz-0.0:amd64.
Preparing to unpack .../0214-gir1.2-harfbuzz-0.0_1.7.2-1ubuntu1_amd64.deb ...
Unpacking gir1.2-harfbuzz-0.0:amd64 (1.7.2-1ubuntu1) ...
Selecting previously unselected package liberror-perl.
Preparing to unpack .../0215-liberror-perl_0.17025-1_all.deb ...
Unpacking liberror-perl (0.17025-1) ...
Selecting previously unselected package git-man.
Preparing to unpack .../0216-git-man_1%3a2.17.1-1ubuntu0.18_all.deb ...
Unpacking git-man (1:2.17.1-1ubuntu0.18) ...
Selecting previously unselected package git.
Preparing to unpack .../0217-git_1%3a2.17.1-1ubuntu0.18_amd64.deb ...
Unpacking git (1:2.17.1-1ubuntu0.18) ...
Selecting previously unselected package googletest:amd64.
Preparing to unpack .../0218-googletest_1.8.0-6_amd64.deb ...
Unpacking googletest:amd64 (1.8.0-6) ...
Selecting previously unselected package google-mock:amd64.
Preparing to unpack .../0219-google-mock_1.8.0-6_amd64.deb ...
Unpacking google-mock:amd64 (1.8.0-6) ...
Selecting previously unselected package libann0.
Preparing to unpack .../0220-libann0_1.1.2+doc-6_amd64.deb ...
Unpacking libann0 (1.1.2+doc-6) ...
Selecting previously unselected package libgvpr2.
Preparing to unpack .../0221-libgvpr2_2.40.1-2_amd64.deb ...
Unpacking libgvpr2 (2.40.1-2) ...
Selecting previously unselected package liblab-gamut1.
Preparing to unpack .../0222-liblab-gamut1_2.40.1-2_amd64.deb ...
Unpacking liblab-gamut1 (2.40.1-2) ...
Selecting previously unselected package graphviz.
Preparing to unpack .../0223-graphviz_2.40.1-2_amd64.deb ...
Unpacking graphviz (2.40.1-2) ...
Selecting previously unselected package hdf5-helpers.
Preparing to unpack .../0224-hdf5-helpers_1.10.0-patch1+docs-4_amd64.deb ...
Unpacking hdf5-helpers (1.10.0-patch1+docs-4) ...
Selecting previously unselected package libnl-route-3-200:amd64.
Preparing to unpack .../0225-libnl-route-3-200_3.2.29-0ubuntu3_amd64.deb ...
Unpacking libnl-route-3-200:amd64 (3.2.29-0ubuntu3) ...
Selecting previously unselected package libibverbs1:amd64.
Preparing to unpack .../0226-libibverbs1_17.1-1ubuntu0.2_amd64.deb ...
Unpacking libibverbs1:amd64 (17.1-1ubuntu0.2) ...
Selecting previously unselected package ibverbs-providers:amd64.
Preparing to unpack .../0227-ibverbs-providers_17.1-1ubuntu0.2_amd64.deb ...
Unpacking ibverbs-providers:amd64 (17.1-1ubuntu0.2) ...
Selecting previously unselected package icu-devtools.
Preparing to unpack .../0228-icu-devtools_60.2-3ubuntu3.2_amd64.deb ...
Unpacking icu-devtools (60.2-3ubuntu3.2) ...
Selecting previously unselected package javascript-common.
Preparing to unpack .../0229-javascript-common_11_all.deb ...
Unpacking javascript-common (11) ...
Selecting previously unselected package libaacs0:amd64.
Preparing to unpack .../0230-libaacs0_0.9.0-1_amd64.deb ...
Unpacking libaacs0:amd64 (0.9.0-1) ...
Selecting previously unselected package libalgorithm-diff-perl.
Preparing to unpack .../0231-libalgorithm-diff-perl_1.19.03-1_all.deb ...
Unpacking libalgorithm-diff-perl (1.19.03-1) ...
Selecting previously unselected package libalgorithm-diff-xs-perl.
Preparing to unpack .../0232-libalgorithm-diff-xs-perl_0.04-5_amd64.deb ...
Unpacking libalgorithm-diff-xs-perl (0.04-5) ...
Selecting previously unselected package libalgorithm-merge-perl.
Preparing to unpack .../0233-libalgorithm-merge-perl_0.08-3_all.deb ...
Unpacking libalgorithm-merge-perl (0.08-3) ...
Selecting previously unselected package libapr1:amd64.
Preparing to unpack .../0234-libapr1_1.6.3-2_amd64.deb ...
Unpacking libapr1:amd64 (1.6.3-2) ...
Selecting previously unselected package uuid-dev:amd64.
Preparing to unpack .../0235-uuid-dev_2.31.1-0.4ubuntu3.7_amd64.deb ...
Unpacking uuid-dev:amd64 (2.31.1-0.4ubuntu3.7) ...
Selecting previously unselected package libsctp1:amd64.
Preparing to unpack .../0236-libsctp1_1.0.17+dfsg-2_amd64.deb ...
Unpacking libsctp1:amd64 (1.0.17+dfsg-2) ...
Selecting previously unselected package libsctp-dev:amd64.
Preparing to unpack .../0237-libsctp-dev_1.0.17+dfsg-2_amd64.deb ...
Unpacking libsctp-dev:amd64 (1.0.17+dfsg-2) ...
Selecting previously unselected package libapr1-dev.
Preparing to unpack .../0238-libapr1-dev_1.6.3-2_amd64.deb ...
Unpacking libapr1-dev (1.6.3-2) ...
Selecting previously unselected package libaprutil1:amd64.
Preparing to unpack .../0239-libaprutil1_1.6.1-2ubuntu0.1_amd64.deb ...
Unpacking libaprutil1:amd64 (1.6.1-2ubuntu0.1) ...
Selecting previously unselected package libldap2-dev:amd64.
Preparing to unpack .../0240-libldap2-dev_2.4.45+dfsg-1ubuntu1.11_amd64.deb ...
Unpacking libldap2-dev:amd64 (2.4.45+dfsg-1ubuntu1.11) ...
Selecting previously unselected package libexpat1-dev:amd64.
Preparing to unpack .../0241-libexpat1-dev_2.2.5-3ubuntu0.9_amd64.deb ...
Unpacking libexpat1-dev:amd64 (2.2.5-3ubuntu0.9) ...
Selecting previously unselected package libaprutil1-dev.
Preparing to unpack .../0242-libaprutil1-dev_1.6.1-2ubuntu0.1_amd64.deb ...
Unpacking libaprutil1-dev (1.6.1-2ubuntu0.1) ...
Selecting previously unselected package libarchive-cpio-perl.
Preparing to unpack .../0243-libarchive-cpio-perl_0.10-1_all.deb ...
Unpacking libarchive-cpio-perl (0.10-1) ...
Selecting previously unselected package libblas-dev:amd64.
Preparing to unpack .../0244-libblas-dev_3.7.1-4ubuntu1_amd64.deb ...
Unpacking libblas-dev:amd64 (3.7.1-4ubuntu1) ...
Selecting previously unselected package liblapack-dev:amd64.
Preparing to unpack .../0245-liblapack-dev_3.7.1-4ubuntu1_amd64.deb ...
Unpacking liblapack-dev:amd64 (3.7.1-4ubuntu1) ...
Selecting previously unselected package libarpack2-dev:amd64.
Preparing to unpack .../0246-libarpack2-dev_3.5.0+real-2_amd64.deb ...
Unpacking libarpack2-dev:amd64 (3.5.0+real-2) ...
Selecting previously unselected package libjpeg-turbo8-dev:amd64.
Preparing to unpack .../0247-libjpeg-turbo8-dev_1.5.2-0ubuntu5.18.04.6_amd64.deb ...
Unpacking libjpeg-turbo8-dev:amd64 (1.5.2-0ubuntu5.18.04.6) ...
Selecting previously unselected package libjpeg8-dev:amd64.
Preparing to unpack .../0248-libjpeg8-dev_8c-2ubuntu8_amd64.deb ...
Unpacking libjpeg8-dev:amd64 (8c-2ubuntu8) ...
Selecting previously unselected package libjpeg-dev:amd64.
Preparing to unpack .../0249-libjpeg-dev_8c-2ubuntu8_amd64.deb ...
Unpacking libjpeg-dev:amd64 (8c-2ubuntu8) ...
Selecting previously unselected package libaec-dev:amd64.
Preparing to unpack .../0250-libaec-dev_0.3.2-2_amd64.deb ...
Unpacking libaec-dev:amd64 (0.3.2-2) ...
Selecting previously unselected package libhdf5-cpp-100:amd64.
Preparing to unpack .../0251-libhdf5-cpp-100_1.10.0-patch1+docs-4_amd64.deb ...
Unpacking libhdf5-cpp-100:amd64 (1.10.0-patch1+docs-4) ...
Selecting previously unselected package libhdf5-dev.
Preparing to unpack .../0252-libhdf5-dev_1.10.0-patch1+docs-4_amd64.deb ...
Unpacking libhdf5-dev (1.10.0-patch1+docs-4) ...
Selecting previously unselected package libsuperlu-dev:amd64.
Preparing to unpack .../0253-libsuperlu-dev_5.2.1+dfsg1-3_amd64.deb ...
Unpacking libsuperlu-dev:amd64 (5.2.1+dfsg1-3) ...
Selecting previously unselected package libarmadillo-dev.
Preparing to unpack .../0254-libarmadillo-dev_1%3a8.400.0+dfsg-2_amd64.deb ...
Unpacking libarmadillo-dev (1:8.400.0+dfsg-2) ...
Selecting previously unselected package libassuan-dev.
Preparing to unpack .../0255-libassuan-dev_2.5.1-2_amd64.deb ...
Unpacking libassuan-dev (2.5.1-2) ...
Selecting previously unselected package pkg-config.
Preparing to unpack .../0256-pkg-config_0.29.1-0ubuntu2_amd64.deb ...
Unpacking pkg-config (0.29.1-0ubuntu2) ...
Selecting previously unselected package libglib2.0-dev-bin.
Preparing to unpack .../0257-libglib2.0-dev-bin_2.56.4-0ubuntu0.18.04.9_amd64.deb ...
Unpacking libglib2.0-dev-bin (2.56.4-0ubuntu0.18.04.9) ...
Selecting previously unselected package libpcre16-3:amd64.
Preparing to unpack .../0258-libpcre16-3_2%3a8.39-9ubuntu0.1_amd64.deb ...
Unpacking libpcre16-3:amd64 (2:8.39-9ubuntu0.1) ...
Selecting previously unselected package libpcre32-3:amd64.
Preparing to unpack .../0259-libpcre32-3_2%3a8.39-9ubuntu0.1_amd64.deb ...
Unpacking libpcre32-3:amd64 (2:8.39-9ubuntu0.1) ...
Selecting previously unselected package libpcrecpp0v5:amd64.
Preparing to unpack .../0260-libpcrecpp0v5_2%3a8.39-9ubuntu0.1_amd64.deb ...
Unpacking libpcrecpp0v5:amd64 (2:8.39-9ubuntu0.1) ...
Selecting previously unselected package libpcre3-dev:amd64.
Preparing to unpack .../0261-libpcre3-dev_2%3a8.39-9ubuntu0.1_amd64.deb ...
Unpacking libpcre3-dev:amd64 (2:8.39-9ubuntu0.1) ...
Selecting previously unselected package libglib2.0-dev:amd64.
Preparing to unpack .../0262-libglib2.0-dev_2.56.4-0ubuntu0.18.04.9_amd64.deb ...
Unpacking libglib2.0-dev:amd64 (2.56.4-0ubuntu0.18.04.9) ...
Selecting previously unselected package libatk1.0-dev:amd64.
Preparing to unpack .../0263-libatk1.0-dev_2.28.1-1_amd64.deb ...
Unpacking libatk1.0-dev:amd64 (2.28.1-1) ...
Selecting previously unselected package libavutil-dev:amd64.
Preparing to unpack .../0264-libavutil-dev_7%3a3.4.11-0ubuntu0.1_amd64.deb ...
Unpacking libavutil-dev:amd64 (7:3.4.11-0ubuntu0.1) ...
Selecting previously unselected package libswresample-dev:amd64.
Preparing to unpack .../0265-libswresample-dev_7%3a3.4.11-0ubuntu0.1_amd64.deb ...
Unpacking libswresample-dev:amd64 (7:3.4.11-0ubuntu0.1) ...
Selecting previously unselected package libavcodec-dev:amd64.
Preparing to unpack .../0266-libavcodec-dev_7%3a3.4.11-0ubuntu0.1_amd64.deb ...
Unpacking libavcodec-dev:amd64 (7:3.4.11-0ubuntu0.1) ...
Selecting previously unselected package libavformat-dev:amd64.
Preparing to unpack .../0267-libavformat-dev_7%3a3.4.11-0ubuntu0.1_amd64.deb ...
Unpacking libavformat-dev:amd64 (7:3.4.11-0ubuntu0.1) ...
Selecting previously unselected package libavresample-dev:amd64.
Preparing to unpack .../0268-libavresample-dev_7%3a3.4.11-0ubuntu0.1_amd64.deb ...
Unpacking libavresample-dev:amd64 (7:3.4.11-0ubuntu0.1) ...
Selecting previously unselected package libpostproc-dev:amd64.
Preparing to unpack .../0269-libpostproc-dev_7%3a3.4.11-0ubuntu0.1_amd64.deb ...
Unpacking libpostproc-dev:amd64 (7:3.4.11-0ubuntu0.1) ...
Selecting previously unselected package libswscale-dev:amd64.
Preparing to unpack .../0270-libswscale-dev_7%3a3.4.11-0ubuntu0.1_amd64.deb ...
Unpacking libswscale-dev:amd64 (7:3.4.11-0ubuntu0.1) ...
Selecting previously unselected package libavfilter-dev:amd64.
Preparing to unpack .../0271-libavfilter-dev_7%3a3.4.11-0ubuntu0.1_amd64.deb ...
Unpacking libavfilter-dev:amd64 (7:3.4.11-0ubuntu0.1) ...
Selecting previously unselected package libavdevice-dev:amd64.
Preparing to unpack .../0272-libavdevice-dev_7%3a3.4.11-0ubuntu0.1_amd64.deb ...
Unpacking libavdevice-dev:amd64 (7:3.4.11-0ubuntu0.1) ...
Selecting previously unselected package libbdplus0:amd64.
Preparing to unpack .../0273-libbdplus0_0.1.2-2_amd64.deb ...
Unpacking libbdplus0:amd64 (0.1.2-2) ...
Selecting previously unselected package libboost1.65-dev:amd64.
Preparing to unpack .../0274-libboost1.65-dev_1.65.1+dfsg-0ubuntu5_amd64.deb ...
Unpacking libboost1.65-dev:amd64 (1.65.1+dfsg-0ubuntu5) ...
Selecting previously unselected package libboost-dev:amd64.
Preparing to unpack .../0275-libboost-dev_1.65.1.0ubuntu1_amd64.deb ...
Unpacking libboost-dev:amd64 (1.65.1.0ubuntu1) ...
Selecting previously unselected package libboost1.65-tools-dev.
Preparing to unpack .../0276-libboost1.65-tools-dev_1.65.1+dfsg-0ubuntu5_amd64.deb ...
Unpacking libboost1.65-tools-dev (1.65.1+dfsg-0ubuntu5) ...
Selecting previously unselected package libboost-tools-dev.
Preparing to unpack .../0277-libboost-tools-dev_1.65.1.0ubuntu1_amd64.deb ...
Unpacking libboost-tools-dev (1.65.1.0ubuntu1) ...
Selecting previously unselected package libboost-atomic1.65.1:amd64.
Preparing to unpack .../0278-libboost-atomic1.65.1_1.65.1+dfsg-0ubuntu5_amd64.deb ...
Unpacking libboost-atomic1.65.1:amd64 (1.65.1+dfsg-0ubuntu5) ...
Selecting previously unselected package libboost-atomic1.65-dev:amd64.
Preparing to unpack .../0279-libboost-atomic1.65-dev_1.65.1+dfsg-0ubuntu5_amd64.deb ...
Unpacking libboost-atomic1.65-dev:amd64 (1.65.1+dfsg-0ubuntu5) ...
Selecting previously unselected package libboost-atomic-dev:amd64.
Preparing to unpack .../0280-libboost-atomic-dev_1.65.1.0ubuntu1_amd64.deb ...
Unpacking libboost-atomic-dev:amd64 (1.65.1.0ubuntu1) ...
Selecting previously unselected package libboost-chrono1.65.1:amd64.
Preparing to unpack .../0281-libboost-chrono1.65.1_1.65.1+dfsg-0ubuntu5_amd64.deb ...
Unpacking libboost-chrono1.65.1:amd64 (1.65.1+dfsg-0ubuntu5) ...
Selecting previously unselected package libboost-chrono1.65-dev:amd64.
Preparing to unpack .../0282-libboost-chrono1.65-dev_1.65.1+dfsg-0ubuntu5_amd64.deb ...
Unpacking libboost-chrono1.65-dev:amd64 (1.65.1+dfsg-0ubuntu5) ...
Selecting previously unselected package libboost-chrono-dev:amd64.
Preparing to unpack .../0283-libboost-chrono-dev_1.65.1.0ubuntu1_amd64.deb ...
Unpacking libboost-chrono-dev:amd64 (1.65.1.0ubuntu1) ...
Selecting previously unselected package libboost-container1.65.1:amd64.
Preparing to unpack .../0284-libboost-container1.65.1_1.65.1+dfsg-0ubuntu5_amd64.deb ...
Unpacking libboost-container1.65.1:amd64 (1.65.1+dfsg-0ubuntu5) ...
Selecting previously unselected package libboost-container1.65-dev:amd64.
Preparing to unpack .../0285-libboost-container1.65-dev_1.65.1+dfsg-0ubuntu5_amd64.deb ...
Unpacking libboost-container1.65-dev:amd64 (1.65.1+dfsg-0ubuntu5) ...
Selecting previously unselected package libboost-container-dev:amd64.
Preparing to unpack .../0286-libboost-container-dev_1.65.1.0ubuntu1_amd64.deb ...
Unpacking libboost-container-dev:amd64 (1.65.1.0ubuntu1) ...
Selecting previously unselected package libboost-context1.65.1:amd64.
Preparing to unpack .../0287-libboost-context1.65.1_1.65.1+dfsg-0ubuntu5_amd64.deb ...
Unpacking libboost-context1.65.1:amd64 (1.65.1+dfsg-0ubuntu5) ...
Selecting previously unselected package libboost-context1.65-dev:amd64.
Preparing to unpack .../0288-libboost-context1.65-dev_1.65.1+dfsg-0ubuntu5_amd64.deb ...
Unpacking libboost-context1.65-dev:amd64 (1.65.1+dfsg-0ubuntu5) ...
Selecting previously unselected package libboost-context-dev:amd64.
Preparing to unpack .../0289-libboost-context-dev_1.65.1.0ubuntu1_amd64.deb ...
Unpacking libboost-context-dev:amd64 (1.65.1.0ubuntu1) ...
Selecting previously unselected package libboost-coroutine1.65.1:amd64.
Preparing to unpack .../0290-libboost-coroutine1.65.1_1.65.1+dfsg-0ubuntu5_amd64.deb ...
Unpacking libboost-coroutine1.65.1:amd64 (1.65.1+dfsg-0ubuntu5) ...
Selecting previously unselected package libboost-coroutine1.65-dev:amd64.
Preparing to unpack .../0291-libboost-coroutine1.65-dev_1.65.1+dfsg-0ubuntu5_amd64.deb ...
Unpacking libboost-coroutine1.65-dev:amd64 (1.65.1+dfsg-0ubuntu5) ...
Selecting previously unselected package libboost-coroutine-dev:amd64.
Preparing to unpack .../0292-libboost-coroutine-dev_1.65.1.0ubuntu1_amd64.deb ...
Unpacking libboost-coroutine-dev:amd64 (1.65.1.0ubuntu1) ...
Selecting previously unselected package libboost-serialization1.65.1:amd64.
Preparing to unpack .../0293-libboost-serialization1.65.1_1.65.1+dfsg-0ubuntu5_amd64.deb ...
Unpacking libboost-serialization1.65.1:amd64 (1.65.1+dfsg-0ubuntu5) ...
Selecting previously unselected package libboost-serialization1.65-dev:amd64.
Preparing to unpack .../0294-libboost-serialization1.65-dev_1.65.1+dfsg-0ubuntu5_amd64.deb ...
Unpacking libboost-serialization1.65-dev:amd64 (1.65.1+dfsg-0ubuntu5) ...
Selecting previously unselected package libboost-date-time1.65-dev:amd64.
Preparing to unpack .../0295-libboost-date-time1.65-dev_1.65.1+dfsg-0ubuntu5_amd64.deb ...
Unpacking libboost-date-time1.65-dev:amd64 (1.65.1+dfsg-0ubuntu5) ...
Selecting previously unselected package libboost-date-time-dev:amd64.
Preparing to unpack .../0296-libboost-date-time-dev_1.65.1.0ubuntu1_amd64.deb ...
Unpacking libboost-date-time-dev:amd64 (1.65.1.0ubuntu1) ...
Selecting previously unselected package libboost-exception1.65-dev:amd64.
Preparing to unpack .../0297-libboost-exception1.65-dev_1.65.1+dfsg-0ubuntu5_amd64.deb ...
Unpacking libboost-exception1.65-dev:amd64 (1.65.1+dfsg-0ubuntu5) ...
Selecting previously unselected package libboost-exception-dev:amd64.
Preparing to unpack .../0298-libboost-exception-dev_1.65.1.0ubuntu1_amd64.deb ...
Unpacking libboost-exception-dev:amd64 (1.65.1.0ubuntu1) ...
Selecting previously unselected package libboost-fiber1.65.1:amd64.
Preparing to unpack .../0299-libboost-fiber1.65.1_1.65.1+dfsg-0ubuntu5_amd64.deb ...
Unpacking libboost-fiber1.65.1:amd64 (1.65.1+dfsg-0ubuntu5) ...
Selecting previously unselected package libboost-fiber1.65-dev:amd64.
Preparing to unpack .../0300-libboost-fiber1.65-dev_1.65.1+dfsg-0ubuntu5_amd64.deb ...
Unpacking libboost-fiber1.65-dev:amd64 (1.65.1+dfsg-0ubuntu5) ...
Selecting previously unselected package libboost-fiber-dev:amd64.
Preparing to unpack .../0301-libboost-fiber-dev_1.65.1.0ubuntu1_amd64.deb ...
Unpacking libboost-fiber-dev:amd64 (1.65.1.0ubuntu1) ...
Selecting previously unselected package libboost-system1.65-dev:amd64.
Preparing to unpack .../0302-libboost-system1.65-dev_1.65.1+dfsg-0ubuntu5_amd64.deb ...
Unpacking libboost-system1.65-dev:amd64 (1.65.1+dfsg-0ubuntu5) ...
Selecting previously unselected package libboost-filesystem1.65-dev:amd64.
Preparing to unpack .../0303-libboost-filesystem1.65-dev_1.65.1+dfsg-0ubuntu5_amd64.deb ...
Unpacking libboost-filesystem1.65-dev:amd64 (1.65.1+dfsg-0ubuntu5) ...
Selecting previously unselected package libboost-filesystem-dev:amd64.
Preparing to unpack .../0304-libboost-filesystem-dev_1.65.1.0ubuntu1_amd64.deb ...
Unpacking libboost-filesystem-dev:amd64 (1.65.1.0ubuntu1) ...
Selecting previously unselected package libboost-graph1.65.1:amd64.
Preparing to unpack .../0305-libboost-graph1.65.1_1.65.1+dfsg-0ubuntu5_amd64.deb ...
Unpacking libboost-graph1.65.1:amd64 (1.65.1+dfsg-0ubuntu5) ...
Selecting previously unselected package libboost-test1.65.1:amd64.
Preparing to unpack .../0306-libboost-test1.65.1_1.65.1+dfsg-0ubuntu5_amd64.deb ...
Unpacking libboost-test1.65.1:amd64 (1.65.1+dfsg-0ubuntu5) ...
Selecting previously unselected package libboost-test1.65-dev:amd64.
Preparing to unpack .../0307-libboost-test1.65-dev_1.65.1+dfsg-0ubuntu5_amd64.deb ...
Unpacking libboost-test1.65-dev:amd64 (1.65.1+dfsg-0ubuntu5) ...
Selecting previously unselected package libboost-graph1.65-dev:amd64.
Preparing to unpack .../0308-libboost-graph1.65-dev_1.65.1+dfsg-0ubuntu5_amd64.deb ...
Unpacking libboost-graph1.65-dev:amd64 (1.65.1+dfsg-0ubuntu5) ...
Selecting previously unselected package libboost-graph-dev:amd64.
Preparing to unpack .../0309-libboost-graph-dev_1.65.1.0ubuntu1_amd64.deb ...
Unpacking libboost-graph-dev:amd64 (1.65.1.0ubuntu1) ...
Selecting previously unselected package libpsm-infinipath1.
Preparing to unpack .../0310-libpsm-infinipath1_3.3+20.604758e7-5_amd64.deb ...
Unpacking libpsm-infinipath1 (3.3+20.604758e7-5) ...
Selecting previously unselected package librdmacm1:amd64.
Preparing to unpack .../0311-librdmacm1_17.1-1ubuntu0.2_amd64.deb ...
Unpacking librdmacm1:amd64 (17.1-1ubuntu0.2) ...
Selecting previously unselected package libfabric1.
Preparing to unpack .../0312-libfabric1_1.5.3-1_amd64.deb ...
Unpacking libfabric1 (1.5.3-1) ...
Selecting previously unselected package libhwloc5:amd64.
Preparing to unpack .../0313-libhwloc5_1.11.9-1_amd64.deb ...
Unpacking libhwloc5:amd64 (1.11.9-1) ...
Selecting previously unselected package ocl-icd-libopencl1:amd64.
Preparing to unpack .../0314-ocl-icd-libopencl1_2.2.11-1ubuntu1_amd64.deb ...
Unpacking ocl-icd-libopencl1:amd64 (2.2.11-1ubuntu1) ...
Selecting previously unselected package libhwloc-plugins.
Preparing to unpack .../0315-libhwloc-plugins_1.11.9-1_amd64.deb ...
Unpacking libhwloc-plugins (1.11.9-1) ...
Selecting previously unselected package libopenmpi2:amd64.
Preparing to unpack .../0316-libopenmpi2_2.1.1-8_amd64.deb ...
Unpacking libopenmpi2:amd64 (2.1.1-8) ...
Selecting previously unselected package libboost-mpi1.65.1.
Preparing to unpack .../0317-libboost-mpi1.65.1_1.65.1+dfsg-0ubuntu5_amd64.deb ...
Unpacking libboost-mpi1.65.1 (1.65.1+dfsg-0ubuntu5) ...
Selecting previously unselected package libboost-graph-parallel1.65.1.
Preparing to unpack .../0318-libboost-graph-parallel1.65.1_1.65.1+dfsg-0ubuntu5_amd64.deb ...
Unpacking libboost-graph-parallel1.65.1 (1.65.1+dfsg-0ubuntu5) ...
Selecting previously unselected package libboost-graph-parallel1.65-dev.
Preparing to unpack .../0319-libboost-graph-parallel1.65-dev_1.65.1+dfsg-0ubuntu5_amd64.deb ...
Unpacking libboost-graph-parallel1.65-dev (1.65.1+dfsg-0ubuntu5) ...
Selecting previously unselected package libboost-graph-parallel-dev.
Preparing to unpack .../0320-libboost-graph-parallel-dev_1.65.1.0ubuntu1_amd64.deb ...
Unpacking libboost-graph-parallel-dev (1.65.1.0ubuntu1) ...
Selecting previously unselected package libicu-le-hb0:amd64.
Preparing to unpack .../0321-libicu-le-hb0_1.0.3+git161113-4_amd64.deb ...
Unpacking libicu-le-hb0:amd64 (1.0.3+git161113-4) ...
Selecting previously unselected package libiculx60:amd64.
Preparing to unpack .../0322-libiculx60_60.2-3ubuntu3.2_amd64.deb ...
Unpacking libiculx60:amd64 (60.2-3ubuntu3.2) ...
Selecting previously unselected package libharfbuzz-gobject0:amd64.
Preparing to unpack .../0323-libharfbuzz-gobject0_1.7.2-1ubuntu1_amd64.deb ...
Unpacking libharfbuzz-gobject0:amd64 (1.7.2-1ubuntu1) ...
Selecting previously unselected package libgraphite2-dev:amd64.
Preparing to unpack .../0324-libgraphite2-dev_1.3.11-2_amd64.deb ...
Unpacking libgraphite2-dev:amd64 (1.3.11-2) ...
Selecting previously unselected package libharfbuzz-dev:amd64.
Preparing to unpack .../0325-libharfbuzz-dev_1.7.2-1ubuntu1_amd64.deb ...
Unpacking libharfbuzz-dev:amd64 (1.7.2-1ubuntu1) ...
Selecting previously unselected package libicu-le-hb-dev:amd64.
Preparing to unpack .../0326-libicu-le-hb-dev_1.0.3+git161113-4_amd64.deb ...
Unpacking libicu-le-hb-dev:amd64 (1.0.3+git161113-4) ...
Selecting previously unselected package libicu-dev.
Preparing to unpack .../0327-libicu-dev_60.2-3ubuntu3.2_amd64.deb ...
Unpacking libicu-dev (60.2-3ubuntu3.2) ...
Selecting previously unselected package libboost-regex1.65-dev:amd64.
Preparing to unpack .../0328-libboost-regex1.65-dev_1.65.1+dfsg-0ubuntu5_amd64.deb ...
Unpacking libboost-regex1.65-dev:amd64 (1.65.1+dfsg-0ubuntu5) ...
Selecting previously unselected package libboost-iostreams1.65-dev:amd64.
Preparing to unpack .../0329-libboost-iostreams1.65-dev_1.65.1+dfsg-0ubuntu5_amd64.deb ...
Unpacking libboost-iostreams1.65-dev:amd64 (1.65.1+dfsg-0ubuntu5) ...
Selecting previously unselected package libboost-iostreams-dev:amd64.
Preparing to unpack .../0330-libboost-iostreams-dev_1.65.1.0ubuntu1_amd64.deb ...
Unpacking libboost-iostreams-dev:amd64 (1.65.1.0ubuntu1) ...
Selecting previously unselected package libboost-locale1.65-dev:amd64.
Preparing to unpack .../0331-libboost-locale1.65-dev_1.65.1+dfsg-0ubuntu5_amd64.deb ...
Unpacking libboost-locale1.65-dev:amd64 (1.65.1+dfsg-0ubuntu5) ...
Selecting previously unselected package libboost-locale-dev:amd64.
Preparing to unpack .../0332-libboost-locale-dev_1.65.1.0ubuntu1_amd64.deb ...
Unpacking libboost-locale-dev:amd64 (1.65.1.0ubuntu1) ...
Selecting previously unselected package libboost-log1.65.1.
Preparing to unpack .../0333-libboost-log1.65.1_1.65.1+dfsg-0ubuntu5_amd64.deb ...
Unpacking libboost-log1.65.1 (1.65.1+dfsg-0ubuntu5) ...
Selecting previously unselected package libboost-thread1.65-dev:amd64.
Preparing to unpack .../0334-libboost-thread1.65-dev_1.65.1+dfsg-0ubuntu5_amd64.deb ...
Unpacking libboost-thread1.65-dev:amd64 (1.65.1+dfsg-0ubuntu5) ...
Selecting previously unselected package libboost-log1.65-dev.
Preparing to unpack .../0335-libboost-log1.65-dev_1.65.1+dfsg-0ubuntu5_amd64.deb ...
Unpacking libboost-log1.65-dev (1.65.1+dfsg-0ubuntu5) ...
Selecting previously unselected package libboost-log-dev.
Preparing to unpack .../0336-libboost-log-dev_1.65.1.0ubuntu1_amd64.deb ...
Unpacking libboost-log-dev (1.65.1.0ubuntu1) ...
Selecting previously unselected package libboost-math1.65.1:amd64.
Preparing to unpack .../0337-libboost-math1.65.1_1.65.1+dfsg-0ubuntu5_amd64.deb ...
Unpacking libboost-math1.65.1:amd64 (1.65.1+dfsg-0ubuntu5) ...
Selecting previously unselected package libboost-math1.65-dev:amd64.
Preparing to unpack .../0338-libboost-math1.65-dev_1.65.1+dfsg-0ubuntu5_amd64.deb ...
Unpacking libboost-math1.65-dev:amd64 (1.65.1+dfsg-0ubuntu5) ...
Selecting previously unselected package libboost-math-dev:amd64.
Preparing to unpack .../0339-libboost-math-dev_1.65.1.0ubuntu1_amd64.deb ...
Unpacking libboost-math-dev:amd64 (1.65.1.0ubuntu1) ...
Selecting previously unselected package openmpi-common.
Preparing to unpack .../0340-openmpi-common_2.1.1-8_all.deb ...
Unpacking openmpi-common (2.1.1-8) ...
Selecting previously unselected package libibverbs-dev:amd64.
Preparing to unpack .../0341-libibverbs-dev_17.1-1ubuntu0.2_amd64.deb ...
Unpacking libibverbs-dev:amd64 (17.1-1ubuntu0.2) ...
Selecting previously unselected package libnuma-dev:amd64.
Preparing to unpack .../0342-libnuma-dev_2.0.11-2.1ubuntu0.1_amd64.deb ...
Unpacking libnuma-dev:amd64 (2.0.11-2.1ubuntu0.1) ...
Selecting previously unselected package libltdl-dev:amd64.
Preparing to unpack .../0343-libltdl-dev_2.4.6-2_amd64.deb ...
Unpacking libltdl-dev:amd64 (2.4.6-2) ...
Selecting previously unselected package libhwloc-dev:amd64.
Preparing to unpack .../0344-libhwloc-dev_1.11.9-1_amd64.deb ...
Unpacking libhwloc-dev:amd64 (1.11.9-1) ...
Selecting previously unselected package libopenmpi-dev.
Preparing to unpack .../0345-libopenmpi-dev_2.1.1-8_amd64.deb ...
Unpacking libopenmpi-dev (2.1.1-8) ...
Selecting previously unselected package mpi-default-dev.
Preparing to unpack .../0346-mpi-default-dev_1.10_amd64.deb ...
Unpacking mpi-default-dev (1.10) ...
Selecting previously unselected package libboost-mpi1.65-dev.
Preparing to unpack .../0347-libboost-mpi1.65-dev_1.65.1+dfsg-0ubuntu5_amd64.deb ...
Unpacking libboost-mpi1.65-dev (1.65.1+dfsg-0ubuntu5) ...
Selecting previously unselected package libboost-mpi-dev.
Preparing to unpack .../0348-libboost-mpi-dev_1.65.1.0ubuntu1_amd64.deb ...
Unpacking libboost-mpi-dev (1.65.1.0ubuntu1) ...
Selecting previously unselected package libboost-python1.65.1.
Preparing to unpack .../0349-libboost-python1.65.1_1.65.1+dfsg-0ubuntu5_amd64.deb ...
Unpacking libboost-python1.65.1 (1.65.1+dfsg-0ubuntu5) ...
Selecting previously unselected package openmpi-bin.
Preparing to unpack .../0350-openmpi-bin_2.1.1-8_amd64.deb ...
Unpacking openmpi-bin (2.1.1-8) ...
Selecting previously unselected package mpi-default-bin.
Preparing to unpack .../0351-mpi-default-bin_1.10_amd64.deb ...
Unpacking mpi-default-bin (1.10) ...
Selecting previously unselected package libboost-mpi-python1.65.1.
Preparing to unpack .../0352-libboost-mpi-python1.65.1_1.65.1+dfsg-0ubuntu5_amd64.deb ...
Unpacking libboost-mpi-python1.65.1 (1.65.1+dfsg-0ubuntu5) ...
Selecting previously unselected package libboost-mpi-python1.65-dev.
Preparing to unpack .../0353-libboost-mpi-python1.65-dev_1.65.1+dfsg-0ubuntu5_amd64.deb ...
Unpacking libboost-mpi-python1.65-dev (1.65.1+dfsg-0ubuntu5) ...
Selecting previously unselected package libboost-mpi-python-dev.
Preparing to unpack .../0354-libboost-mpi-python-dev_1.65.1.0ubuntu1_amd64.deb ...
Unpacking libboost-mpi-python-dev (1.65.1.0ubuntu1) ...
Selecting previously unselected package libboost-numpy1.65.1.
Preparing to unpack .../0355-libboost-numpy1.65.1_1.65.1+dfsg-0ubuntu5_amd64.deb ...
Unpacking libboost-numpy1.65.1 (1.65.1+dfsg-0ubuntu5) ...
Selecting previously unselected package libboost-numpy1.65-dev.
Preparing to unpack .../0356-libboost-numpy1.65-dev_1.65.1+dfsg-0ubuntu5_amd64.deb ...
Unpacking libboost-numpy1.65-dev (1.65.1+dfsg-0ubuntu5) ...
Selecting previously unselected package libboost-numpy-dev.
Preparing to unpack .../0357-libboost-numpy-dev_1.65.1.0ubuntu1_amd64.deb ...
Unpacking libboost-numpy-dev (1.65.1.0ubuntu1) ...
Selecting previously unselected package libboost-program-options1.65-dev:amd64.
Preparing to unpack .../0358-libboost-program-options1.65-dev_1.65.1+dfsg-0ubuntu5_amd64.deb ...
Unpacking libboost-program-options1.65-dev:amd64 (1.65.1+dfsg-0ubuntu5) ...
Selecting previously unselected package libboost-program-options-dev:amd64.
Preparing to unpack .../0359-libboost-program-options-dev_1.65.1.0ubuntu1_amd64.deb ...
Unpacking libboost-program-options-dev:amd64 (1.65.1.0ubuntu1) ...
Selecting previously unselected package libpython2.7-dev:amd64.
Preparing to unpack .../0360-libpython2.7-dev_2.7.17-1~18.04ubuntu1.11_amd64.deb ...
Unpacking libpython2.7-dev:amd64 (2.7.17-1~18.04ubuntu1.11) ...
Selecting previously unselected package libpython-dev:amd64.
Preparing to unpack .../0361-libpython-dev_2.7.15~rc1-1_amd64.deb ...
Unpacking libpython-dev:amd64 (2.7.15~rc1-1) ...
Selecting previously unselected package python2.7-dev.
Preparing to unpack .../0362-python2.7-dev_2.7.17-1~18.04ubuntu1.11_amd64.deb ...
Unpacking python2.7-dev (2.7.17-1~18.04ubuntu1.11) ...
Selecting previously unselected package python-dev.
Preparing to unpack .../0363-python-dev_2.7.15~rc1-1_amd64.deb ...
Unpacking python-dev (2.7.15~rc1-1) ...
Selecting previously unselected package libpython3.6-dev:amd64.
Preparing to unpack .../0364-libpython3.6-dev_3.6.9-1~18.04ubuntu1.12_amd64.deb ...
Unpacking libpython3.6-dev:amd64 (3.6.9-1~18.04ubuntu1.12) ...
Selecting previously unselected package libpython3-dev:amd64.
Preparing to unpack .../0365-libpython3-dev_3.6.7-1~18.04_amd64.deb ...
Unpacking libpython3-dev:amd64 (3.6.7-1~18.04) ...
Selecting previously unselected package python3.6-dev.
Preparing to unpack .../0366-python3.6-dev_3.6.9-1~18.04ubuntu1.12_amd64.deb ...
Unpacking python3.6-dev (3.6.9-1~18.04ubuntu1.12) ...
Selecting previously unselected package python3-dev.
Preparing to unpack .../0367-python3-dev_3.6.7-1~18.04_amd64.deb ...
Unpacking python3-dev (3.6.7-1~18.04) ...
Selecting previously unselected package libboost-python1.65-dev.
Preparing to unpack .../0368-libboost-python1.65-dev_1.65.1+dfsg-0ubuntu5_amd64.deb ...
Unpacking libboost-python1.65-dev (1.65.1+dfsg-0ubuntu5) ...
Selecting previously unselected package libboost-python-dev.
Preparing to unpack .../0369-libboost-python-dev_1.65.1.0ubuntu1_amd64.deb ...
Unpacking libboost-python-dev (1.65.1.0ubuntu1) ...
Selecting previously unselected package libboost-random1.65.1:amd64.
Preparing to unpack .../0370-libboost-random1.65.1_1.65.1+dfsg-0ubuntu5_amd64.deb ...
Unpacking libboost-random1.65.1:amd64 (1.65.1+dfsg-0ubuntu5) ...
Selecting previously unselected package libboost-random1.65-dev:amd64.
Preparing to unpack .../0371-libboost-random1.65-dev_1.65.1+dfsg-0ubuntu5_amd64.deb ...
Unpacking libboost-random1.65-dev:amd64 (1.65.1+dfsg-0ubuntu5) ...
Selecting previously unselected package libboost-random-dev:amd64.
Preparing to unpack .../0372-libboost-random-dev_1.65.1.0ubuntu1_amd64.deb ...
Unpacking libboost-random-dev:amd64 (1.65.1.0ubuntu1) ...
Selecting previously unselected package libboost-regex-dev:amd64.
Preparing to unpack .../0373-libboost-regex-dev_1.65.1.0ubuntu1_amd64.deb ...
Unpacking libboost-regex-dev:amd64 (1.65.1.0ubuntu1) ...
Selecting previously unselected package libboost-serialization-dev:amd64.
Preparing to unpack .../0374-libboost-serialization-dev_1.65.1.0ubuntu1_amd64.deb ...
Unpacking libboost-serialization-dev:amd64 (1.65.1.0ubuntu1) ...
Selecting previously unselected package libboost-signals1.65.1:amd64.
Preparing to unpack .../0375-libboost-signals1.65.1_1.65.1+dfsg-0ubuntu5_amd64.deb ...
Unpacking libboost-signals1.65.1:amd64 (1.65.1+dfsg-0ubuntu5) ...
Selecting previously unselected package libboost-signals1.65-dev:amd64.
Preparing to unpack .../0376-libboost-signals1.65-dev_1.65.1+dfsg-0ubuntu5_amd64.deb ...
Unpacking libboost-signals1.65-dev:amd64 (1.65.1+dfsg-0ubuntu5) ...
Selecting previously unselected package libboost-signals-dev:amd64.
Preparing to unpack .../0377-libboost-signals-dev_1.65.1.0ubuntu1_amd64.deb ...
Unpacking libboost-signals-dev:amd64 (1.65.1.0ubuntu1) ...
Selecting previously unselected package libboost-stacktrace1.65.1:amd64.
Preparing to unpack .../0378-libboost-stacktrace1.65.1_1.65.1+dfsg-0ubuntu5_amd64.deb ...
Unpacking libboost-stacktrace1.65.1:amd64 (1.65.1+dfsg-0ubuntu5) ...
Selecting previously unselected package libboost-stacktrace1.65-dev:amd64.
Preparing to unpack .../0379-libboost-stacktrace1.65-dev_1.65.1+dfsg-0ubuntu5_amd64.deb ...
Unpacking libboost-stacktrace1.65-dev:amd64 (1.65.1+dfsg-0ubuntu5) ...
Selecting previously unselected package libboost-stacktrace-dev:amd64.
Preparing to unpack .../0380-libboost-stacktrace-dev_1.65.1.0ubuntu1_amd64.deb ...
Unpacking libboost-stacktrace-dev:amd64 (1.65.1.0ubuntu1) ...
Selecting previously unselected package libboost-system-dev:amd64.
Preparing to unpack .../0381-libboost-system-dev_1.65.1.0ubuntu1_amd64.deb ...
Unpacking libboost-system-dev:amd64 (1.65.1.0ubuntu1) ...
Selecting previously unselected package libboost-test-dev:amd64.
Preparing to unpack .../0382-libboost-test-dev_1.65.1.0ubuntu1_amd64.deb ...
Unpacking libboost-test-dev:amd64 (1.65.1.0ubuntu1) ...
Selecting previously unselected package libboost-thread-dev:amd64.
Preparing to unpack .../0383-libboost-thread-dev_1.65.1.0ubuntu1_amd64.deb ...
Unpacking libboost-thread-dev:amd64 (1.65.1.0ubuntu1) ...
Selecting previously unselected package libboost-timer1.65.1:amd64.
Preparing to unpack .../0384-libboost-timer1.65.1_1.65.1+dfsg-0ubuntu5_amd64.deb ...
Unpacking libboost-timer1.65.1:amd64 (1.65.1+dfsg-0ubuntu5) ...
Selecting previously unselected package libboost-timer1.65-dev:amd64.
Preparing to unpack .../0385-libboost-timer1.65-dev_1.65.1+dfsg-0ubuntu5_amd64.deb ...
Unpacking libboost-timer1.65-dev:amd64 (1.65.1+dfsg-0ubuntu5) ...
Selecting previously unselected package libboost-timer-dev:amd64.
Preparing to unpack .../0386-libboost-timer-dev_1.65.1.0ubuntu1_amd64.deb ...
Unpacking libboost-timer-dev:amd64 (1.65.1.0ubuntu1) ...
Selecting previously unselected package libboost-type-erasure1.65.1:amd64.
Preparing to unpack .../0387-libboost-type-erasure1.65.1_1.65.1+dfsg-0ubuntu5_amd64.deb ...
Unpacking libboost-type-erasure1.65.1:amd64 (1.65.1+dfsg-0ubuntu5) ...
Selecting previously unselected package libboost-type-erasure1.65-dev:amd64.
Preparing to unpack .../0388-libboost-type-erasure1.65-dev_1.65.1+dfsg-0ubuntu5_amd64.deb ...
Unpacking libboost-type-erasure1.65-dev:amd64 (1.65.1+dfsg-0ubuntu5) ...
Selecting previously unselected package libboost-type-erasure-dev:amd64.
Preparing to unpack .../0389-libboost-type-erasure-dev_1.65.1.0ubuntu1_amd64.deb ...
Unpacking libboost-type-erasure-dev:amd64 (1.65.1.0ubuntu1) ...
Selecting previously unselected package libboost-wave1.65.1:amd64.
Preparing to unpack .../0390-libboost-wave1.65.1_1.65.1+dfsg-0ubuntu5_amd64.deb ...
Unpacking libboost-wave1.65.1:amd64 (1.65.1+dfsg-0ubuntu5) ...
Selecting previously unselected package libboost-wave1.65-dev:amd64.
Preparing to unpack .../0391-libboost-wave1.65-dev_1.65.1+dfsg-0ubuntu5_amd64.deb ...
Unpacking libboost-wave1.65-dev:amd64 (1.65.1+dfsg-0ubuntu5) ...
Selecting previously unselected package libboost-wave-dev:amd64.
Preparing to unpack .../0392-libboost-wave-dev_1.65.1.0ubuntu1_amd64.deb ...
Unpacking libboost-wave-dev:amd64 (1.65.1.0ubuntu1) ...
Selecting previously unselected package libboost-all-dev.
Preparing to unpack .../0393-libboost-all-dev_1.65.1.0ubuntu1_amd64.deb ...
Unpacking libboost-all-dev (1.65.1.0ubuntu1) ...
Selecting previously unselected package libbz2-dev:amd64.
Preparing to unpack .../0394-libbz2-dev_1.0.6-8.1ubuntu0.2_amd64.deb ...
Unpacking libbz2-dev:amd64 (1.0.6-8.1ubuntu0.2) ...
Selecting previously unselected package libcairo-script-interpreter2:amd64.
Preparing to unpack .../0395-libcairo-script-interpreter2_1.15.10-2ubuntu0.1_amd64.deb ...
Unpacking libcairo-script-interpreter2:amd64 (1.15.10-2ubuntu0.1) ...
Selecting previously unselected package libpng-dev:amd64.
Preparing to unpack .../0396-libpng-dev_1.6.34-1ubuntu0.18.04.2_amd64.deb ...
Unpacking libpng-dev:amd64 (1.6.34-1ubuntu0.18.04.2) ...
Selecting previously unselected package libfreetype6-dev:amd64.
Preparing to unpack .../0397-libfreetype6-dev_2.8.1-2ubuntu2.2_amd64.deb ...
Unpacking libfreetype6-dev:amd64 (2.8.1-2ubuntu2.2) ...
Selecting previously unselected package libfontconfig1-dev:amd64.
Preparing to unpack .../0398-libfontconfig1-dev_2.12.6-0ubuntu2_amd64.deb ...
Unpacking libfontconfig1-dev:amd64 (2.12.6-0ubuntu2) ...
Selecting previously unselected package libxrender-dev:amd64.
Preparing to unpack .../0399-libxrender-dev_1%3a0.9.10-1_amd64.deb ...
Unpacking libxrender-dev:amd64 (1:0.9.10-1) ...
Preparing to unpack .../0400-libpixman-1-0_0.34.0-2ubuntu0.1_amd64.deb ...
Unpacking libpixman-1-0:amd64 (0.34.0-2ubuntu0.1) over (0.34.0-2) ...
Selecting previously unselected package libpixman-1-dev:amd64.
Preparing to unpack .../0401-libpixman-1-dev_0.34.0-2ubuntu0.1_amd64.deb ...
Unpacking libpixman-1-dev:amd64 (0.34.0-2ubuntu0.1) ...
Selecting previously unselected package libxcb-shm0-dev:amd64.
Preparing to unpack .../0402-libxcb-shm0-dev_1.13-2~ubuntu18.04_amd64.deb ...
Unpacking libxcb-shm0-dev:amd64 (1.13-2~ubuntu18.04) ...
Selecting previously unselected package libcairo2-dev:amd64.
Preparing to unpack .../0403-libcairo2-dev_1.15.10-2ubuntu0.1_amd64.deb ...
Unpacking libcairo2-dev:amd64 (1.15.10-2ubuntu0.1) ...
Selecting previously unselected package libcharls1:amd64.
Preparing to unpack .../0404-libcharls1_1.1.0+dfsg-2_amd64.deb ...
Unpacking libcharls1:amd64 (1.1.0+dfsg-2) ...
Selecting previously unselected package libcurl4-openssl-dev:amd64.
Preparing to unpack .../0405-libcurl4-openssl-dev_7.58.0-2ubuntu3.24_amd64.deb ...
Unpacking libcurl4-openssl-dev:amd64 (7.58.0-2ubuntu3.24) ...
Selecting previously unselected package libdapserver7v5:amd64.
Preparing to unpack .../0406-libdapserver7v5_3.19.1-2build1_amd64.deb ...
Unpacking libdapserver7v5:amd64 (3.19.1-2build1) ...
Selecting previously unselected package libxml2-dev:amd64.
Preparing to unpack .../0407-libxml2-dev_2.9.4+dfsg1-6.1ubuntu1.9_amd64.deb ...
Unpacking libxml2-dev:amd64 (2.9.4+dfsg1-6.1ubuntu1.9) ...
Selecting previously unselected package libdap-dev:amd64.
Preparing to unpack .../0408-libdap-dev_3.19.1-2build1_amd64.deb ...
Unpacking libdap-dev:amd64 (3.19.1-2build1) ...
Selecting previously unselected package libexif-dev:amd64.
Preparing to unpack .../0409-libexif-dev_0.6.21-4ubuntu0.6_amd64.deb ...
Unpacking libexif-dev:amd64 (0.6.21-4ubuntu0.6) ...
Selecting previously unselected package libjs-jquery.
Preparing to unpack .../0410-libjs-jquery_3.2.1-1_all.deb ...
Unpacking libjs-jquery (3.2.1-1) ...
Selecting previously unselected package libexif-doc.
Preparing to unpack .../0411-libexif-doc_0.6.21-4ubuntu0.6_all.deb ...
Unpacking libexif-doc (0.6.21-4ubuntu0.6) ...
Selecting previously unselected package libflann1.9:amd64.
Preparing to unpack .../0412-libflann1.9_1.9.1+dfsg-2_amd64.deb ...
Unpacking libflann1.9:amd64 (1.9.1+dfsg-2) ...
Selecting previously unselected package libflann-dev.
Preparing to unpack .../0413-libflann-dev_1.9.1+dfsg-2_amd64.deb ...
Unpacking libflann-dev (1.9.1+dfsg-2) ...
Selecting previously unselected package libfltk-cairo1.3:amd64.
Preparing to unpack .../0414-libfltk-cairo1.3_1.3.4-6_amd64.deb ...
Unpacking libfltk-cairo1.3:amd64 (1.3.4-6) ...
Selecting previously unselected package libfltk-gl1.3:amd64.
Preparing to unpack .../0415-libfltk-gl1.3_1.3.4-6_amd64.deb ...
Unpacking libfltk-gl1.3:amd64 (1.3.4-6) ...
Selecting previously unselected package libfltk1.3-dev.
Preparing to unpack .../0416-libfltk1.3-dev_1.3.4-6_amd64.deb ...
Unpacking libfltk1.3-dev (1.3.4-6) ...
Selecting previously unselected package libfyba-dev:amd64.
Preparing to unpack .../0417-libfyba-dev_4.1.1-3_amd64.deb ...
Unpacking libfyba-dev:amd64 (4.1.1-3) ...
Selecting previously unselected package libtbb-dev:amd64.
Preparing to unpack .../0418-libtbb-dev_2017~U7-8_amd64.deb ...
Unpacking libtbb-dev:amd64 (2017~U7-8) ...
Selecting previously unselected package libxdot4.
Preparing to unpack .../0419-libxdot4_2.40.1-2_amd64.deb ...
Unpacking libxdot4 (2.40.1-2) ...
Selecting previously unselected package libgvc6-plugins-gtk.
Preparing to unpack .../0420-libgvc6-plugins-gtk_2.40.1-2_amd64.deb ...
Unpacking libgvc6-plugins-gtk (2.40.1-2) ...
Selecting previously unselected package libgraphviz-dev.
Preparing to unpack .../0421-libgraphviz-dev_2.40.1-2_amd64.deb ...
Unpacking libgraphviz-dev (2.40.1-2) ...
Selecting previously unselected package ttf-dejavu-core.
Preparing to unpack .../0422-ttf-dejavu-core_2.37-1_all.deb ...
Unpacking ttf-dejavu-core (2.37-1) ...
Selecting previously unselected package libccd-dev:amd64.
Preparing to unpack .../0423-libccd-dev_2.0-1_amd64.deb ...
Unpacking libccd-dev:amd64 (2.0-1) ...
Selecting previously unselected package libopenal-dev:amd64.
Preparing to unpack .../0424-libopenal-dev_1%3a1.18.2-2_amd64.deb ...
Unpacking libopenal-dev:amd64 (1:1.18.2-2) ...
Selecting previously unselected package libqwt-headers.
Preparing to unpack .../0425-libqwt-headers_6.1.3-1_amd64.deb ...
Unpacking libqwt-headers (6.1.3-1) ...
Selecting previously unselected package libqt5designer5:amd64.
Preparing to unpack .../0426-libqt5designer5_5.9.5-0ubuntu1_amd64.deb ...
Unpacking libqt5designer5:amd64 (5.9.5-0ubuntu1) ...
Selecting previously unselected package libqwt-qt5-dev.
Preparing to unpack .../0427-libqwt-qt5-dev_6.1.3-1_amd64.deb ...
Unpacking libqwt-qt5-dev (6.1.3-1) ...
Selecting previously unselected package libqt5opengl5-dev:amd64.
Preparing to unpack .../0428-libqt5opengl5-dev_5.9.5+dfsg-0ubuntu2.6_amd64.deb ...
Unpacking libqt5opengl5-dev:amd64 (5.9.5+dfsg-0ubuntu2.6) ...
Selecting previously unselected package libprotoc10:amd64.
Preparing to unpack .../0429-libprotoc10_3.0.0-9.1ubuntu1.1_amd64.deb ...
Unpacking libprotoc10:amd64 (3.0.0-9.1ubuntu1.1) ...
Selecting previously unselected package libprotobuf-lite10:amd64.
Preparing to unpack .../0430-libprotobuf-lite10_3.0.0-9.1ubuntu1.1_amd64.deb ...
Unpacking libprotobuf-lite10:amd64 (3.0.0-9.1ubuntu1.1) ...
Selecting previously unselected package libprotobuf-dev:amd64.
Preparing to unpack .../0431-libprotobuf-dev_3.0.0-9.1ubuntu1.1_amd64.deb ...
Unpacking libprotobuf-dev:amd64 (3.0.0-9.1ubuntu1.1) ...
Selecting previously unselected package libprotoc-dev:amd64.
Preparing to unpack .../0432-libprotoc-dev_3.0.0-9.1ubuntu1.1_amd64.deb ...
Unpacking libprotoc-dev:amd64 (3.0.0-9.1ubuntu1.1) ...
Selecting previously unselected package libfreeimage-dev.
Preparing to unpack .../0433-libfreeimage-dev_3.17.0+ds1-5+deb9u1build0.18.04.1_amd64.deb ...
Unpacking libfreeimage-dev (3.17.0+ds1-5+deb9u1build0.18.04.1) ...
Selecting previously unselected package libogre-1.9-dev.
Preparing to unpack .../0434-libogre-1.9-dev_1.9.0+dfsg1-10_amd64.deb ...
Unpacking libogre-1.9-dev (1.9.0+dfsg1-10) ...
Selecting previously unselected package libtar-dev.
Preparing to unpack .../0435-libtar-dev_1.2.20-7_amd64.deb ...
Unpacking libtar-dev (1.2.20-7) ...
Selecting previously unselected package libgts-dev:amd64.
Preparing to unpack .../0436-libgts-dev_0.7.6+darcs121130-4_amd64.deb ...
Unpacking libgts-dev:amd64 (0.7.6+darcs121130-4) ...
Selecting previously unselected package libusb-1.0-0-dev:amd64.
Preparing to unpack .../0437-libusb-1.0-0-dev_2%3a1.0.21-2_amd64.deb ...
Unpacking libusb-1.0-0-dev:amd64 (2:1.0.21-2) ...
Selecting previously unselected package libepsilon-dev:amd64.
Preparing to unpack .../0438-libepsilon-dev_0.9.2+dfsg-2_amd64.deb ...
Unpacking libepsilon-dev:amd64 (0.9.2+dfsg-2) ...
Selecting previously unselected package libfreexl-dev:amd64.
Preparing to unpack .../0439-libfreexl-dev_1.0.5-1_amd64.deb ...
Unpacking libfreexl-dev:amd64 (1.0.5-1) ...
Selecting previously unselected package libgeos-dev.
Preparing to unpack .../0440-libgeos-dev_3.6.2-1build2_amd64.deb ...
Unpacking libgeos-dev (3.6.2-1build2) ...
Selecting previously unselected package libjbig-dev:amd64.
Preparing to unpack .../0441-libjbig-dev_2.1-3.1ubuntu0.18.04.1_amd64.deb ...
Unpacking libjbig-dev:amd64 (2.1-3.1ubuntu0.18.04.1) ...
Selecting previously unselected package liblzma-dev:amd64.
Preparing to unpack .../0442-liblzma-dev_5.2.2-1.3ubuntu0.1_amd64.deb ...
Unpacking liblzma-dev:amd64 (5.2.2-1.3ubuntu0.1) ...
Selecting previously unselected package libtiffxx5:amd64.
Preparing to unpack .../0443-libtiffxx5_4.0.9-5ubuntu0.10_amd64.deb ...
Unpacking libtiffxx5:amd64 (4.0.9-5ubuntu0.10) ...
Selecting previously unselected package libtiff5-dev:amd64.
Preparing to unpack .../0444-libtiff5-dev_4.0.9-5ubuntu0.10_amd64.deb ...
Unpacking libtiff5-dev:amd64 (4.0.9-5ubuntu0.10) ...
Selecting previously unselected package libtiff-dev.
Preparing to unpack .../0445-libtiff-dev_4.0.9-5ubuntu0.10_amd64.deb ...
Unpacking libtiff-dev (4.0.9-5ubuntu0.10) ...
Selecting previously unselected package libgeotiff-dev:amd64.
Preparing to unpack .../0446-libgeotiff-dev_1.4.2-2build1_amd64.deb ...
Unpacking libgeotiff-dev:amd64 (1.4.2-2build1) ...
Selecting previously unselected package libgif-dev.
Preparing to unpack .../0447-libgif-dev_5.1.4-2ubuntu0.1_amd64.deb ...
Unpacking libgif-dev (5.1.4-2ubuntu0.1) ...
Selecting previously unselected package libnetcdf-dev.
Preparing to unpack .../0448-libnetcdf-dev_1%3a4.6.0-2build1_amd64.deb ...
Unpacking libnetcdf-dev (1:4.6.0-2build1) ...
Selecting previously unselected package libhdf4-alt-dev.
Preparing to unpack .../0449-libhdf4-alt-dev_4.2.13-2_amd64.deb ...
Unpacking libhdf4-alt-dev (4.2.13-2) ...
Selecting previously unselected package libjson-c-dev:amd64.
Preparing to unpack .../0450-libjson-c-dev_0.12.1-1.3ubuntu0.3_amd64.deb ...
Unpacking libjson-c-dev:amd64 (0.12.1-1.3ubuntu0.3) ...
Selecting previously unselected package libkmlconvenience1:amd64.
Preparing to unpack .../0451-libkmlconvenience1_1.3.0-5_amd64.deb ...
Unpacking libkmlconvenience1:amd64 (1.3.0-5) ...
Selecting previously unselected package libkmlregionator1:amd64.
Preparing to unpack .../0452-libkmlregionator1_1.3.0-5_amd64.deb ...
Unpacking libkmlregionator1:amd64 (1.3.0-5) ...
Selecting previously unselected package libkmlxsd1:amd64.
Preparing to unpack .../0453-libkmlxsd1_1.3.0-5_amd64.deb ...
Unpacking libkmlxsd1:amd64 (1.3.0-5) ...
Selecting previously unselected package libminizip-dev:amd64.
Preparing to unpack .../0454-libminizip-dev_1.1-8build1_amd64.deb ...
Unpacking libminizip-dev:amd64 (1.1-8build1) ...
Selecting previously unselected package liburiparser-dev.
Preparing to unpack .../0455-liburiparser-dev_0.8.4-1+deb9u2ubuntu0.1_amd64.deb ...
Unpacking liburiparser-dev (0.8.4-1+deb9u2ubuntu0.1) ...
Selecting previously unselected package libkml-dev:amd64.
Preparing to unpack .../0456-libkml-dev_1.3.0-5_amd64.deb ...
Unpacking libkml-dev:amd64 (1.3.0-5) ...
Selecting previously unselected package libproj-dev:amd64.
Preparing to unpack .../0457-libproj-dev_4.9.3-2_amd64.deb ...
Unpacking libproj-dev:amd64 (4.9.3-2) ...
Selecting previously unselected package libogdi3.2-dev.
Preparing to unpack .../0458-libogdi3.2-dev_3.2.0+ds-2_amd64.deb ...
Unpacking libogdi3.2-dev (3.2.0+ds-2) ...
Selecting previously unselected package libopenjp2-7-dev.
Preparing to unpack .../0459-libopenjp2-7-dev_2.3.0-2+deb10u2build0.18.04.1_amd64.deb ...
Unpacking libopenjp2-7-dev (2.3.0-2+deb10u2build0.18.04.1) ...
Selecting previously unselected package libpoppler-dev:amd64.
Preparing to unpack .../0460-libpoppler-dev_0.62.0-2ubuntu2.14_amd64.deb ...
Unpacking libpoppler-dev:amd64 (0.62.0-2ubuntu2.14) ...
Selecting previously unselected package libpoppler-private-dev:amd64.
Preparing to unpack .../0461-libpoppler-private-dev_0.62.0-2ubuntu2.14_amd64.deb ...
Unpacking libpoppler-private-dev:amd64 (0.62.0-2ubuntu2.14) ...
Selecting previously unselected package libpq-dev.
Preparing to unpack .../0462-libpq-dev_10.23-0ubuntu0.18.04.2_amd64.deb ...
Unpacking libpq-dev (10.23-0ubuntu0.18.04.2) ...
Selecting previously unselected package libqhull-r7:amd64.
Preparing to unpack .../0463-libqhull-r7_2015.2-4_amd64.deb ...
Unpacking libqhull-r7:amd64 (2015.2-4) ...
Selecting previously unselected package libqhull-dev:amd64.
Preparing to unpack .../0464-libqhull-dev_2015.2-4_amd64.deb ...
Unpacking libqhull-dev:amd64 (2015.2-4) ...
Selecting previously unselected package libsqlite3-dev:amd64.
Preparing to unpack .../0465-libsqlite3-dev_3.22.0-1ubuntu0.7_amd64.deb ...
Unpacking libsqlite3-dev:amd64 (3.22.0-1ubuntu0.7) ...
Selecting previously unselected package libspatialite-dev:amd64.
Preparing to unpack .../0466-libspatialite-dev_4.3.0a-5build1_amd64.deb ...
Unpacking libspatialite-dev:amd64 (4.3.0a-5build1) ...
Preparing to unpack .../0467-libwebpdemux2_0.6.1-2ubuntu0.18.04.2_amd64.deb ...
Unpacking libwebpdemux2:amd64 (0.6.1-2ubuntu0.18.04.2) over (0.6.1-2ubuntu0.18.04.1) ...
Selecting previously unselected package libwebp-dev:amd64.
Preparing to unpack .../0468-libwebp-dev_0.6.1-2ubuntu0.18.04.2_amd64.deb ...
Unpacking libwebp-dev:amd64 (0.6.1-2ubuntu0.18.04.2) ...
Selecting previously unselected package libxerces-c-dev.
Preparing to unpack .../0469-libxerces-c-dev_3.2.0+debian-2_amd64.deb ...
Unpacking libxerces-c-dev (3.2.0+debian-2) ...
Selecting previously unselected package unixodbc-dev:amd64.
Preparing to unpack .../0470-unixodbc-dev_2.3.4-1.1ubuntu3_amd64.deb ...
Unpacking unixodbc-dev:amd64 (2.3.4-1.1ubuntu3) ...
Selecting previously unselected package libgdal-dev.
Preparing to unpack .../0471-libgdal-dev_2.2.3+dfsg-2_amd64.deb ...
Unpacking libgdal-dev (2.2.3+dfsg-2) ...
Selecting previously unselected package libtinyxml-dev:amd64.
Preparing to unpack .../0472-libtinyxml-dev_2.6.2-4_amd64.deb ...
Unpacking libtinyxml-dev:amd64 (2.6.2-4) ...
Selecting previously unselected package libconsole-bridge-dev:amd64.
Preparing to unpack .../0473-libconsole-bridge-dev_0.4.0+dfsg-2_amd64.deb ...
Unpacking libconsole-bridge-dev:amd64 (0.4.0+dfsg-2) ...
Selecting previously unselected package liburdfdom-headers-dev.
Preparing to unpack .../0474-liburdfdom-headers-dev_1.0.0-1ubuntu0.1_amd64.deb ...
Unpacking liburdfdom-headers-dev (1.0.0-1ubuntu0.1) ...
Selecting previously unselected package liburdfdom-model-state:amd64.
Preparing to unpack .../0475-liburdfdom-model-state_1.0.0-2ubuntu0.1_amd64.deb ...
Unpacking liburdfdom-model-state:amd64 (1.0.0-2ubuntu0.1) ...
Selecting previously unselected package liburdfdom-sensor:amd64.
Preparing to unpack .../0476-liburdfdom-sensor_1.0.0-2ubuntu0.1_amd64.deb ...
Unpacking liburdfdom-sensor:amd64 (1.0.0-2ubuntu0.1) ...
Selecting previously unselected package liburdfdom-world:amd64.
Preparing to unpack .../0477-liburdfdom-world_1.0.0-2ubuntu0.1_amd64.deb ...
Unpacking liburdfdom-world:amd64 (1.0.0-2ubuntu0.1) ...
Selecting previously unselected package liburdfdom-dev:amd64.
Preparing to unpack .../0478-liburdfdom-dev_1.0.0-2ubuntu0.1_amd64.deb ...
Unpacking liburdfdom-dev:amd64 (1.0.0-2ubuntu0.1) ...
Selecting previously unselected package libignition-cmake-dev:amd64.
Preparing to unpack .../0479-libignition-cmake-dev_0.4.0-1_amd64.deb ...
Unpacking libignition-cmake-dev:amd64 (0.4.0-1) ...
Selecting previously unselected package libignition-math4-dev:amd64.
Preparing to unpack .../0480-libignition-math4-dev_4.0.0+dfsg1-4_amd64.deb ...
Unpacking libignition-math4-dev:amd64 (4.0.0+dfsg1-4) ...
Selecting previously unselected package libsdformat6-dev:amd64.
Preparing to unpack .../0481-libsdformat6-dev_6.0.0+dfsg-4_amd64.deb ...
Unpacking libsdformat6-dev:amd64 (6.0.0+dfsg-4) ...
Selecting previously unselected package libzmq3-dev:amd64.
Preparing to unpack .../0482-libzmq3-dev_4.2.5-1ubuntu0.2_amd64.deb ...
Unpacking libzmq3-dev:amd64 (4.2.5-1ubuntu0.2) ...
Selecting previously unselected package protobuf-compiler.
Preparing to unpack .../0483-protobuf-compiler_3.0.0-9.1ubuntu1.1_amd64.deb ...
Unpacking protobuf-compiler (3.0.0-9.1ubuntu1.1) ...
Selecting previously unselected package libignition-msgs-dev:amd64.
Preparing to unpack .../0484-libignition-msgs-dev_1.0.0+dfsg1-5_amd64.deb ...
Unpacking libignition-msgs-dev:amd64 (1.0.0+dfsg1-5) ...
Selecting previously unselected package libignition-transport4-dev:amd64.
Preparing to unpack .../0485-libignition-transport4-dev_4.0.0+dfsg-4_amd64.deb ...
Unpacking libignition-transport4-dev:amd64 (4.0.0+dfsg-4) ...
Selecting previously unselected package libtinyxml2-dev:amd64.
Preparing to unpack .../0486-libtinyxml2-dev_6.0.0+dfsg-1_amd64.deb ...
Unpacking libtinyxml2-dev:amd64 (6.0.0+dfsg-1) ...
Selecting previously unselected package libignition-common-dev:amd64.
Preparing to unpack .../0487-libignition-common-dev_1.0.1-1_amd64.deb ...
Unpacking libignition-common-dev:amd64 (1.0.1-1) ...
Selecting previously unselected package libzip-dev:amd64.
Preparing to unpack .../0488-libzip-dev_1.1.2-1.1_amd64.deb ...
Unpacking libzip-dev:amd64 (1.1.2-1.1) ...
Selecting previously unselected package libjsoncpp-dev:amd64.
Preparing to unpack .../0489-libjsoncpp-dev_1.7.4-3_amd64.deb ...
Unpacking libjsoncpp-dev:amd64 (1.7.4-3) ...
Selecting previously unselected package libyaml-dev:amd64.
Preparing to unpack .../0490-libyaml-dev_0.1.7-2ubuntu3_amd64.deb ...
Unpacking libyaml-dev:amd64 (0.1.7-2ubuntu3) ...
Selecting previously unselected package libignition-fuel-tools1-dev:amd64.
Preparing to unpack .../0491-libignition-fuel-tools1-dev_1.0.0+dfsg4-4_amd64.deb ...
Unpacking libignition-fuel-tools1-dev:amd64 (1.0.0+dfsg4-4) ...
Selecting previously unselected package libbullet-dev:amd64.
Preparing to unpack .../0492-libbullet-dev_2.87+dfsg-2_amd64.deb ...
Unpacking libbullet-dev:amd64 (2.87+dfsg-2) ...
Selecting previously unselected package libxi-dev:amd64.
Preparing to unpack .../0493-libxi-dev_2%3a1.7.9-1_amd64.deb ...
Unpacking libxi-dev:amd64 (2:1.7.9-1) ...
Selecting previously unselected package libxmu-headers.
Preparing to unpack .../0494-libxmu-headers_2%3a1.1.2-2_all.deb ...
Unpacking libxmu-headers (2:1.1.2-2) ...
Selecting previously unselected package libxmu-dev:amd64.
Preparing to unpack .../0495-libxmu-dev_2%3a1.1.2-2_amd64.deb ...
Unpacking libxmu-dev:amd64 (2:1.1.2-2) ...
Selecting previously unselected package libsimbody-dev:amd64.
Preparing to unpack .../0496-libsimbody-dev_3.5.4+dfsg-1ubuntu2_amd64.deb ...
Unpacking libsimbody-dev:amd64 (3.5.4+dfsg-1ubuntu2) ...
Selecting previously unselected package libgazebo9-dev:amd64.
Preparing to unpack .../0497-libgazebo9-dev_9.0.0+dfsg5-3ubuntu1+ppa2_amd64.deb ...
Unpacking libgazebo9-dev:amd64 (9.0.0+dfsg5-3ubuntu1+ppa2) ...
Selecting previously unselected package libsocket++1:amd64.
Preparing to unpack .../0498-libsocket++1_1.12.13-9_amd64.deb ...
Unpacking libsocket++1:amd64 (1.12.13-9) ...
Selecting previously unselected package libgdcm2.8:amd64.
Preparing to unpack .../0499-libgdcm2.8_2.8.4-1build2_amd64.deb ...
Unpacking libgdcm2.8:amd64 (2.8.4-1build2) ...
Selecting previously unselected package libgdcm2-dev.
Preparing to unpack .../0500-libgdcm2-dev_2.8.4-1build2_amd64.deb ...
Unpacking libgdcm2-dev (2.8.4-1build2) ...
Selecting previously unselected package libgdk-pixbuf2.0-dev.
Preparing to unpack .../0501-libgdk-pixbuf2.0-dev_2.36.11-2_amd64.deb ...
Unpacking libgdk-pixbuf2.0-dev (2.36.11-2) ...
Selecting previously unselected package libgl2ps1.4.
Preparing to unpack .../0502-libgl2ps1.4_1.4.0+dfsg1-1_amd64.deb ...
Unpacking libgl2ps1.4 (1.4.0+dfsg1-1) ...
Selecting previously unselected package libgl2ps-dev.
Preparing to unpack .../0503-libgl2ps-dev_1.4.0+dfsg1-1_amd64.deb ...
Unpacking libgl2ps-dev (1.4.0+dfsg1-1) ...
Selecting previously unselected package libgpg-error-dev.
Preparing to unpack .../0504-libgpg-error-dev_1.27-6_amd64.deb ...
Unpacking libgpg-error-dev (1.27-6) ...
Selecting previously unselected package libgphoto2-dev:amd64.
Preparing to unpack .../0505-libgphoto2-dev_2.5.16-2_amd64.deb ...
Unpacking libgphoto2-dev:amd64 (2.5.16-2) ...
Selecting previously unselected package libgtest-dev:amd64.
Preparing to unpack .../0506-libgtest-dev_1.8.0-6_amd64.deb ...
Unpacking libgtest-dev:amd64 (1.8.0-6) ...
Selecting previously unselected package libxft-dev.
Preparing to unpack .../0507-libxft-dev_2.3.2-1_amd64.deb ...
Unpacking libxft-dev (2.3.2-1) ...
Selecting previously unselected package libpango1.0-dev.
Preparing to unpack .../0508-libpango1.0-dev_1.40.14-1ubuntu0.1_amd64.deb ...
Unpacking libpango1.0-dev (1.40.14-1ubuntu0.1) ...
Selecting previously unselected package x11proto-xinerama-dev.
Preparing to unpack .../0509-x11proto-xinerama-dev_2018.4-4_all.deb ...
Unpacking x11proto-xinerama-dev (2018.4-4) ...
Selecting previously unselected package libxinerama-dev:amd64.
Preparing to unpack .../0510-libxinerama-dev_2%3a1.1.3-1_amd64.deb ...
Unpacking libxinerama-dev:amd64 (2:1.1.3-1) ...
Selecting previously unselected package x11proto-randr-dev.
Preparing to unpack .../0511-x11proto-randr-dev_2018.4-4_all.deb ...
Unpacking x11proto-randr-dev (2018.4-4) ...
Selecting previously unselected package libxrandr-dev:amd64.
Preparing to unpack .../0512-libxrandr-dev_2%3a1.5.1-1_amd64.deb ...
Unpacking libxrandr-dev:amd64 (2:1.5.1-1) ...
Selecting previously unselected package libxcursor-dev:amd64.
Preparing to unpack .../0513-libxcursor-dev_1%3a1.1.15-1_amd64.deb ...
Unpacking libxcursor-dev:amd64 (1:1.1.15-1) ...
Selecting previously unselected package x11proto-composite-dev.
Preparing to unpack .../0514-x11proto-composite-dev_1%3a2018.4-4_all.deb ...
Unpacking x11proto-composite-dev (1:2018.4-4) ...
Selecting previously unselected package libxcomposite-dev:amd64.
Preparing to unpack .../0515-libxcomposite-dev_1%3a0.4.4-2_amd64.deb ...
Unpacking libxcomposite-dev:amd64 (1:0.4.4-2) ...
Selecting previously unselected package libxml2-utils.
Preparing to unpack .../0516-libxml2-utils_2.9.4+dfsg1-6.1ubuntu1.9_amd64.deb ...
Unpacking libxml2-utils (2.9.4+dfsg1-6.1ubuntu1.9) ...
Selecting previously unselected package libgtk2.0-dev.
Preparing to unpack .../0517-libgtk2.0-dev_2.24.32-1ubuntu1_amd64.deb ...
Unpacking libgtk2.0-dev (2.24.32-1ubuntu1) ...
Selecting previously unselected package libgts-bin.
Preparing to unpack .../0518-libgts-bin_0.7.6+darcs121130-4_amd64.deb ...
Unpacking libgts-bin (0.7.6+darcs121130-4) ...
Selecting previously unselected package libilmbase-dev.
Preparing to unpack .../0519-libilmbase-dev_2.2.0-11ubuntu2_amd64.deb ...
Unpacking libilmbase-dev (2.2.0-11ubuntu2) ...
Selecting previously unselected package libjs-jquery-ui.
Preparing to unpack .../0520-libjs-jquery-ui_1.12.1+dfsg-5_all.deb ...
Unpacking libjs-jquery-ui (1.12.1+dfsg-5) ...
Selecting previously unselected package libjs-underscore.
Preparing to unpack .../0521-libjs-underscore_1.8.3~dfsg-1ubuntu0.1_all.deb ...
Unpacking libjs-underscore (1.8.3~dfsg-1ubuntu0.1) ...
Selecting previously unselected package libjs-sphinxdoc.
Preparing to unpack .../0522-libjs-sphinxdoc_1.6.7-1ubuntu1_all.deb ...
Unpacking libjs-sphinxdoc (1.6.7-1ubuntu1) ...
Selecting previously unselected package liblept5.
Preparing to unpack .../0523-liblept5_1.75.3-3_amd64.deb ...
Unpacking liblept5 (1.75.3-3) ...
Selecting previously unselected package liblog4cxx10v5:amd64.
Preparing to unpack .../0524-liblog4cxx10v5_0.10.0-13ubuntu2_amd64.deb ...
Unpacking liblog4cxx10v5:amd64 (0.10.0-13ubuntu2) ...
Selecting previously unselected package libsys-hostname-long-perl.
Preparing to unpack .../0525-libsys-hostname-long-perl_1.5-1_all.deb ...
Unpacking libsys-hostname-long-perl (1.5-1) ...
Selecting previously unselected package libmail-sendmail-perl.
Preparing to unpack .../0526-libmail-sendmail-perl_0.80-1_all.deb ...
Unpacking libmail-sendmail-perl (0.80-1) ...
Selecting previously unselected package libnetcdf-c++4.
Preparing to unpack .../0527-libnetcdf-c++4_4.2-8_amd64.deb ...
Unpacking libnetcdf-c++4 (4.2-8) ...
Selecting previously unselected package libnetcdf-cxx-legacy-dev.
Preparing to unpack .../0528-libnetcdf-cxx-legacy-dev_4.2-8_amd64.deb ...
Unpacking libnetcdf-cxx-legacy-dev (4.2-8) ...
Selecting previously unselected package libogg-dev:amd64.
Preparing to unpack .../0529-libogg-dev_1.3.2-1_amd64.deb ...
Unpacking libogg-dev:amd64 (1.3.2-1) ...
Selecting previously unselected package libopencv-core3.2:amd64.
Preparing to unpack .../0530-libopencv-core3.2_3.2.0+dfsg-4ubuntu0.1_amd64.deb ...
Unpacking libopencv-core3.2:amd64 (3.2.0+dfsg-4ubuntu0.1) ...
Selecting previously unselected package libopencv-flann3.2:amd64.
Preparing to unpack .../0531-libopencv-flann3.2_3.2.0+dfsg-4ubuntu0.1_amd64.deb ...
Unpacking libopencv-flann3.2:amd64 (3.2.0+dfsg-4ubuntu0.1) ...
Selecting previously unselected package libopencv-imgproc3.2:amd64.
Preparing to unpack .../0532-libopencv-imgproc3.2_3.2.0+dfsg-4ubuntu0.1_amd64.deb ...
Unpacking libopencv-imgproc3.2:amd64 (3.2.0+dfsg-4ubuntu0.1) ...
Selecting previously unselected package libopencv-imgcodecs3.2:amd64.
Preparing to unpack .../0533-libopencv-imgcodecs3.2_3.2.0+dfsg-4ubuntu0.1_amd64.deb ...
Unpacking libopencv-imgcodecs3.2:amd64 (3.2.0+dfsg-4ubuntu0.1) ...
Selecting previously unselected package libopencv-videoio3.2:amd64.
Preparing to unpack .../0534-libopencv-videoio3.2_3.2.0+dfsg-4ubuntu0.1_amd64.deb ...
Unpacking libopencv-videoio3.2:amd64 (3.2.0+dfsg-4ubuntu0.1) ...
Selecting previously unselected package libopencv-highgui3.2:amd64.
Preparing to unpack .../0535-libopencv-highgui3.2_3.2.0+dfsg-4ubuntu0.1_amd64.deb ...
Unpacking libopencv-highgui3.2:amd64 (3.2.0+dfsg-4ubuntu0.1) ...
Selecting previously unselected package libopencv-ml3.2:amd64.
Preparing to unpack .../0536-libopencv-ml3.2_3.2.0+dfsg-4ubuntu0.1_amd64.deb ...
Unpacking libopencv-ml3.2:amd64 (3.2.0+dfsg-4ubuntu0.1) ...
Selecting previously unselected package libopencv-features2d3.2:amd64.
Preparing to unpack .../0537-libopencv-features2d3.2_3.2.0+dfsg-4ubuntu0.1_amd64.deb ...
Unpacking libopencv-features2d3.2:amd64 (3.2.0+dfsg-4ubuntu0.1) ...
Selecting previously unselected package libopencv-calib3d3.2:amd64.
Preparing to unpack .../0538-libopencv-calib3d3.2_3.2.0+dfsg-4ubuntu0.1_amd64.deb ...
Unpacking libopencv-calib3d3.2:amd64 (3.2.0+dfsg-4ubuntu0.1) ...
Selecting previously unselected package libopencv-core-dev:amd64.
Preparing to unpack .../0539-libopencv-core-dev_3.2.0+dfsg-4ubuntu0.1_amd64.deb ...
Unpacking libopencv-core-dev:amd64 (3.2.0+dfsg-4ubuntu0.1) ...
Selecting previously unselected package libopencv-flann-dev:amd64.
Preparing to unpack .../0540-libopencv-flann-dev_3.2.0+dfsg-4ubuntu0.1_amd64.deb ...
Unpacking libopencv-flann-dev:amd64 (3.2.0+dfsg-4ubuntu0.1) ...
Selecting previously unselected package libraw1394-dev:amd64.
Preparing to unpack .../0541-libraw1394-dev_2.1.2-1_amd64.deb ...
Unpacking libraw1394-dev:amd64 (2.1.2-1) ...
Selecting previously unselected package libdc1394-22-dev:amd64.
Preparing to unpack .../0542-libdc1394-22-dev_2.2.5-1_amd64.deb ...
Unpacking libdc1394-22-dev:amd64 (2.2.5-1) ...
Selecting previously unselected package libopencv-imgproc-dev:amd64.
Preparing to unpack .../0543-libopencv-imgproc-dev_3.2.0+dfsg-4ubuntu0.1_amd64.deb ...
Unpacking libopencv-imgproc-dev:amd64 (3.2.0+dfsg-4ubuntu0.1) ...
Selecting previously unselected package libopencv-imgcodecs-dev:amd64.
Preparing to unpack .../0544-libopencv-imgcodecs-dev_3.2.0+dfsg-4ubuntu0.1_amd64.deb ...
Unpacking libopencv-imgcodecs-dev:amd64 (3.2.0+dfsg-4ubuntu0.1) ...
Selecting previously unselected package libopencv-videoio-dev:amd64.
Preparing to unpack .../0545-libopencv-videoio-dev_3.2.0+dfsg-4ubuntu0.1_amd64.deb ...
Unpacking libopencv-videoio-dev:amd64 (3.2.0+dfsg-4ubuntu0.1) ...
Selecting previously unselected package libopenexr-dev.
Preparing to unpack .../0546-libopenexr-dev_2.2.0-11.1ubuntu1.9_amd64.deb ...
Unpacking libopenexr-dev (2.2.0-11.1ubuntu1.9) ...
Selecting previously unselected package libopencv-highgui-dev:amd64.
Preparing to unpack .../0547-libopencv-highgui-dev_3.2.0+dfsg-4ubuntu0.1_amd64.deb ...
Unpacking libopencv-highgui-dev:amd64 (3.2.0+dfsg-4ubuntu0.1) ...
Selecting previously unselected package libopencv-ml-dev:amd64.
Preparing to unpack .../0548-libopencv-ml-dev_3.2.0+dfsg-4ubuntu0.1_amd64.deb ...
Unpacking libopencv-ml-dev:amd64 (3.2.0+dfsg-4ubuntu0.1) ...
Selecting previously unselected package libopencv-features2d-dev:amd64.
Preparing to unpack .../0549-libopencv-features2d-dev_3.2.0+dfsg-4ubuntu0.1_amd64.deb ...
Unpacking libopencv-features2d-dev:amd64 (3.2.0+dfsg-4ubuntu0.1) ...
Selecting previously unselected package libopencv-calib3d-dev:amd64.
Preparing to unpack .../0550-libopencv-calib3d-dev_3.2.0+dfsg-4ubuntu0.1_amd64.deb ...
Unpacking libopencv-calib3d-dev:amd64 (3.2.0+dfsg-4ubuntu0.1) ...
Selecting previously unselected package libopencv-objdetect3.2:amd64.
Preparing to unpack .../0551-libopencv-objdetect3.2_3.2.0+dfsg-4ubuntu0.1_amd64.deb ...
Unpacking libopencv-objdetect3.2:amd64 (3.2.0+dfsg-4ubuntu0.1) ...
Selecting previously unselected package libopencv-photo3.2:amd64.
Preparing to unpack .../0552-libopencv-photo3.2_3.2.0+dfsg-4ubuntu0.1_amd64.deb ...
Unpacking libopencv-photo3.2:amd64 (3.2.0+dfsg-4ubuntu0.1) ...
Selecting previously unselected package libopencv-video3.2:amd64.
Preparing to unpack .../0553-libopencv-video3.2_3.2.0+dfsg-4ubuntu0.1_amd64.deb ...
Unpacking libopencv-video3.2:amd64 (3.2.0+dfsg-4ubuntu0.1) ...
Selecting previously unselected package libopencv-shape3.2:amd64.
Preparing to unpack .../0554-libopencv-shape3.2_3.2.0+dfsg-4ubuntu0.1_amd64.deb ...
Unpacking libopencv-shape3.2:amd64 (3.2.0+dfsg-4ubuntu0.1) ...
Selecting previously unselected package libopencv-stitching3.2:amd64.
Preparing to unpack .../0555-libopencv-stitching3.2_3.2.0+dfsg-4ubuntu0.1_amd64.deb ...
Unpacking libopencv-stitching3.2:amd64 (3.2.0+dfsg-4ubuntu0.1) ...
Selecting previously unselected package libopencv-superres3.2:amd64.
Preparing to unpack .../0556-libopencv-superres3.2_3.2.0+dfsg-4ubuntu0.1_amd64.deb ...
Unpacking libopencv-superres3.2:amd64 (3.2.0+dfsg-4ubuntu0.1) ...
Selecting previously unselected package libopencv-videostab3.2:amd64.
Preparing to unpack .../0557-libopencv-videostab3.2_3.2.0+dfsg-4ubuntu0.1_amd64.deb ...
Unpacking libopencv-videostab3.2:amd64 (3.2.0+dfsg-4ubuntu0.1) ...
Selecting previously unselected package libhdf5-openmpi-100:amd64.
Preparing to unpack .../0558-libhdf5-openmpi-100_1.10.0-patch1+docs-4_amd64.deb ...
Unpacking libhdf5-openmpi-100:amd64 (1.10.0-patch1+docs-4) ...
Selecting previously unselected package libvtk6.3.
Preparing to unpack .../0559-libvtk6.3_6.3.0+dfsg1-11build1_amd64.deb ...
Unpacking libvtk6.3 (6.3.0+dfsg1-11build1) ...
Selecting previously unselected package libopencv-viz3.2:amd64.
Preparing to unpack .../0560-libopencv-viz3.2_3.2.0+dfsg-4ubuntu0.1_amd64.deb ...
Unpacking libopencv-viz3.2:amd64 (3.2.0+dfsg-4ubuntu0.1) ...
Selecting previously unselected package libtesseract4.
Preparing to unpack .../0561-libtesseract4_4.00~git2288-10f4998a-2_amd64.deb ...
Unpacking libtesseract4 (4.00~git2288-10f4998a-2) ...
Selecting previously unselected package libopencv-contrib3.2:amd64.
Preparing to unpack .../0562-libopencv-contrib3.2_3.2.0+dfsg-4ubuntu0.1_amd64.deb ...
Unpacking libopencv-contrib3.2:amd64 (3.2.0+dfsg-4ubuntu0.1) ...
Selecting previously unselected package libopencv-objdetect-dev:amd64.
Preparing to unpack .../0563-libopencv-objdetect-dev_3.2.0+dfsg-4ubuntu0.1_amd64.deb ...
Unpacking libopencv-objdetect-dev:amd64 (3.2.0+dfsg-4ubuntu0.1) ...
Selecting previously unselected package libopencv-photo-dev:amd64.
Preparing to unpack .../0564-libopencv-photo-dev_3.2.0+dfsg-4ubuntu0.1_amd64.deb ...
Unpacking libopencv-photo-dev:amd64 (3.2.0+dfsg-4ubuntu0.1) ...
Selecting previously unselected package libopencv-video-dev:amd64.
Preparing to unpack .../0565-libopencv-video-dev_3.2.0+dfsg-4ubuntu0.1_amd64.deb ...
Unpacking libopencv-video-dev:amd64 (3.2.0+dfsg-4ubuntu0.1) ...
Selecting previously unselected package libopencv-shape-dev:amd64.
Preparing to unpack .../0566-libopencv-shape-dev_3.2.0+dfsg-4ubuntu0.1_amd64.deb ...
Unpacking libopencv-shape-dev:amd64 (3.2.0+dfsg-4ubuntu0.1) ...
Selecting previously unselected package libopencv-stitching-dev:amd64.
Preparing to unpack .../0567-libopencv-stitching-dev_3.2.0+dfsg-4ubuntu0.1_amd64.deb ...
Unpacking libopencv-stitching-dev:amd64 (3.2.0+dfsg-4ubuntu0.1) ...
Selecting previously unselected package libopencv-superres-dev:amd64.
Preparing to unpack .../0568-libopencv-superres-dev_3.2.0+dfsg-4ubuntu0.1_amd64.deb ...
Unpacking libopencv-superres-dev:amd64 (3.2.0+dfsg-4ubuntu0.1) ...
Selecting previously unselected package libopencv-videostab-dev:amd64.
Preparing to unpack .../0569-libopencv-videostab-dev_3.2.0+dfsg-4ubuntu0.1_amd64.deb ...
Unpacking libopencv-videostab-dev:amd64 (3.2.0+dfsg-4ubuntu0.1) ...
Selecting previously unselected package libopencv-viz-dev:amd64.
Preparing to unpack .../0570-libopencv-viz-dev_3.2.0+dfsg-4ubuntu0.1_amd64.deb ...
Unpacking libopencv-viz-dev:amd64 (3.2.0+dfsg-4ubuntu0.1) ...
Selecting previously unselected package libopencv-contrib-dev:amd64.
Preparing to unpack .../0571-libopencv-contrib-dev_3.2.0+dfsg-4ubuntu0.1_amd64.deb ...
Unpacking libopencv-contrib-dev:amd64 (3.2.0+dfsg-4ubuntu0.1) ...
Selecting previously unselected package libopencv-ts-dev:amd64.
Preparing to unpack .../0572-libopencv-ts-dev_3.2.0+dfsg-4ubuntu0.1_amd64.deb ...
Unpacking libopencv-ts-dev:amd64 (3.2.0+dfsg-4ubuntu0.1) ...
Selecting previously unselected package libopencv3.2-jni.
Preparing to unpack .../0573-libopencv3.2-jni_3.2.0+dfsg-4ubuntu0.1_amd64.deb ...
Unpacking libopencv3.2-jni (3.2.0+dfsg-4ubuntu0.1) ...
Selecting previously unselected package libopencv3.2-java.
Preparing to unpack .../0574-libopencv3.2-java_3.2.0+dfsg-4ubuntu0.1_all.deb ...
Unpacking libopencv3.2-java (3.2.0+dfsg-4ubuntu0.1) ...
Selecting previously unselected package libopencv-dev.
Preparing to unpack .../0575-libopencv-dev_3.2.0+dfsg-4ubuntu0.1_amd64.deb ...
Unpacking libopencv-dev (3.2.0+dfsg-4ubuntu0.1) ...
Selecting previously unselected package libopenni-dev.
Preparing to unpack .../0576-libopenni-dev_1.5.4.0-14build1_amd64.deb ...
Unpacking libopenni-dev (1.5.4.0-14build1) ...
Selecting previously unselected package openni-utils.
Preparing to unpack .../0577-openni-utils_1.5.4.0-14build1_amd64.deb ...
Unpacking openni-utils (1.5.4.0-14build1) ...
Selecting previously unselected package libopenni-sensor-pointclouds0.
Preparing to unpack .../0578-libopenni-sensor-pointclouds0_5.1.0.41.9-1_amd64.deb ...
Unpacking libopenni-sensor-pointclouds0 (5.1.0.41.9-1) ...
Selecting previously unselected package libopenni2-0.
Preparing to unpack .../0579-libopenni2-0_2.2.0.33+dfsg-10_amd64.deb ...
Unpacking libopenni2-0 (2.2.0.33+dfsg-10) ...
Selecting previously unselected package libopenni2-dev.
Preparing to unpack .../0580-libopenni2-dev_2.2.0.33+dfsg-10_amd64.deb ...
Unpacking libopenni2-dev (2.2.0.33+dfsg-10) ...
Selecting previously unselected package libpng-tools.
Preparing to unpack .../0581-libpng-tools_1.6.34-1ubuntu0.18.04.2_amd64.deb ...
Unpacking libpng-tools (1.6.34-1ubuntu0.18.04.2) ...
Selecting previously unselected package libpocofoundation50.
Preparing to unpack .../0582-libpocofoundation50_1.8.0.1-1ubuntu4_amd64.deb ...
Unpacking libpocofoundation50 (1.8.0.1-1ubuntu4) ...
Selecting previously unselected package libpococrypto50.
Preparing to unpack .../0583-libpococrypto50_1.8.0.1-1ubuntu4_amd64.deb ...
Unpacking libpococrypto50 (1.8.0.1-1ubuntu4) ...
Selecting previously unselected package libpocodata50.
Preparing to unpack .../0584-libpocodata50_1.8.0.1-1ubuntu4_amd64.deb ...
Unpacking libpocodata50 (1.8.0.1-1ubuntu4) ...
Selecting previously unselected package libpocojson50.
Preparing to unpack .../0585-libpocojson50_1.8.0.1-1ubuntu4_amd64.deb ...
Unpacking libpocojson50 (1.8.0.1-1ubuntu4) ...
Selecting previously unselected package libpocodatamysql50.
Preparing to unpack .../0586-libpocodatamysql50_1.8.0.1-1ubuntu4_amd64.deb ...
Unpacking libpocodatamysql50 (1.8.0.1-1ubuntu4) ...
Selecting previously unselected package libpoconet50.
Preparing to unpack .../0587-libpoconet50_1.8.0.1-1ubuntu4_amd64.deb ...
Unpacking libpoconet50 (1.8.0.1-1ubuntu4) ...
Selecting previously unselected package libpocomongodb50.
Preparing to unpack .../0588-libpocomongodb50_1.8.0.1-1ubuntu4_amd64.deb ...
Unpacking libpocomongodb50 (1.8.0.1-1ubuntu4) ...
Selecting previously unselected package libpocoxml50.
Preparing to unpack .../0589-libpocoxml50_1.8.0.1-1ubuntu4_amd64.deb ...
Unpacking libpocoxml50 (1.8.0.1-1ubuntu4) ...
Selecting previously unselected package libpocoutil50.
Preparing to unpack .../0590-libpocoutil50_1.8.0.1-1ubuntu4_amd64.deb ...
Unpacking libpocoutil50 (1.8.0.1-1ubuntu4) ...
Selecting previously unselected package libpoconetssl50.
Preparing to unpack .../0591-libpoconetssl50_1.8.0.1-1ubuntu4_amd64.deb ...
Unpacking libpoconetssl50 (1.8.0.1-1ubuntu4) ...
Selecting previously unselected package libpocodataodbc50.
Preparing to unpack .../0592-libpocodataodbc50_1.8.0.1-1ubuntu4_amd64.deb ...
Unpacking libpocodataodbc50 (1.8.0.1-1ubuntu4) ...
Selecting previously unselected package libpocodatasqlite50.
Preparing to unpack .../0593-libpocodatasqlite50_1.8.0.1-1ubuntu4_amd64.deb ...
Unpacking libpocodatasqlite50 (1.8.0.1-1ubuntu4) ...
Selecting previously unselected package libpocoredis50.
Preparing to unpack .../0594-libpocoredis50_1.8.0.1-1ubuntu4_amd64.deb ...
Unpacking libpocoredis50 (1.8.0.1-1ubuntu4) ...
Selecting previously unselected package libpocozip50.
Preparing to unpack .../0595-libpocozip50_1.8.0.1-1ubuntu4_amd64.deb ...
Unpacking libpocozip50 (1.8.0.1-1ubuntu4) ...
Selecting previously unselected package libpoco-dev.
Preparing to unpack .../0596-libpoco-dev_1.8.0.1-1ubuntu4_amd64.deb ...
Unpacking libpoco-dev (1.8.0.1-1ubuntu4) ...
Selecting previously unselected package libqt5designercomponents5:amd64.
Preparing to unpack .../0597-libqt5designercomponents5_5.9.5-0ubuntu1_amd64.deb ...
Unpacking libqt5designercomponents5:amd64 (5.9.5-0ubuntu1) ...
Selecting previously unselected package libqt5help5:amd64.
Preparing to unpack .../0598-libqt5help5_5.9.5-0ubuntu1_amd64.deb ...
Unpacking libqt5help5:amd64 (5.9.5-0ubuntu1) ...
Selecting previously unselected package libqt5sql5-sqlite:amd64.
Preparing to unpack .../0599-libqt5sql5-sqlite_5.9.5+dfsg-0ubuntu2.6_amd64.deb ...
Unpacking libqt5sql5-sqlite:amd64 (5.9.5+dfsg-0ubuntu2.6) ...
Selecting previously unselected package libraw1394-tools.
Preparing to unpack .../0600-libraw1394-tools_2.1.2-1_amd64.deb ...
Unpacking libraw1394-tools (2.1.2-1) ...
Selecting previously unselected package libserf-1-1:amd64.
Preparing to unpack .../0601-libserf-1-1_1.3.9-6_amd64.deb ...
Unpacking libserf-1-1:amd64 (1.3.9-6) ...
Selecting previously unselected package libsvn1:amd64.
Preparing to unpack .../0602-libsvn1_1.9.7-4ubuntu1.1_amd64.deb ...
Unpacking libsvn1:amd64 (1.9.7-4ubuntu1.1) ...
Selecting previously unselected package libtheora-dev:amd64.
Preparing to unpack .../0603-libtheora-dev_1.1.1+dfsg.1-14_amd64.deb ...
Unpacking libtheora-dev:amd64 (1.1.1+dfsg.1-14) ...
Selecting previously unselected package libturbojpeg0-dev:amd64.
Preparing to unpack .../0604-libturbojpeg0-dev_1.5.2-0ubuntu5.18.04.6_amd64.deb ...
Unpacking libturbojpeg0-dev:amd64 (1.5.2-0ubuntu5.18.04.6) ...
Selecting previously unselected package libusb-1.0-doc.
Preparing to unpack .../0605-libusb-1.0-doc_2%3a1.0.21-2_all.deb ...
Unpacking libusb-1.0-doc (2:1.0.21-2) ...
Selecting previously unselected package libeigen3-dev.
Preparing to unpack .../0606-libeigen3-dev_3.3.4-4_all.deb ...
Unpacking libeigen3-dev (3.3.4-4) ...
Selecting previously unselected package libhdf5-openmpi-dev.
Preparing to unpack .../0607-libhdf5-openmpi-dev_1.10.0-patch1+docs-4_amd64.deb ...
Unpacking libhdf5-openmpi-dev (1.10.0-patch1+docs-4) ...
Selecting previously unselected package libhdf5-mpi-dev.
Preparing to unpack .../0608-libhdf5-mpi-dev_1.10.0-patch1+docs-4_amd64.deb ...
Unpacking libhdf5-mpi-dev (1.10.0-patch1+docs-4) ...
Selecting previously unselected package libvtk6.3-qt.
Preparing to unpack .../0609-libvtk6.3-qt_6.3.0+dfsg1-11build1_amd64.deb ...
Unpacking libvtk6.3-qt (6.3.0+dfsg1-11build1) ...
Selecting previously unselected package libvtk6-jni.
Preparing to unpack .../0610-libvtk6-jni_6.3.0+dfsg1-11build1_amd64.deb ...
Unpacking libvtk6-jni (6.3.0+dfsg1-11build1) ...
Selecting previously unselected package libvtk6-java.
Preparing to unpack .../0611-libvtk6-java_6.3.0+dfsg1-11build1_amd64.deb ...
Unpacking libvtk6-java (6.3.0+dfsg1-11build1) ...
Selecting previously unselected package x11proto-scrnsaver-dev.
Preparing to unpack .../0612-x11proto-scrnsaver-dev_2018.4-4_all.deb ...
Unpacking x11proto-scrnsaver-dev (2018.4-4) ...
Selecting previously unselected package libxss-dev:amd64.
Preparing to unpack .../0613-libxss-dev_1%3a1.2.2-1_amd64.deb ...
Unpacking libxss-dev:amd64 (1:1.2.2-1) ...
Selecting previously unselected package python-cbor.
Preparing to unpack .../0614-python-cbor_1.0.0-1_amd64.deb ...
Unpacking python-cbor (1.0.0-1) ...
Selecting previously unselected package python-concurrent.futures.
Preparing to unpack .../0615-python-concurrent.futures_3.2.0-1_all.deb ...
Unpacking python-concurrent.futures (3.2.0-1) ...
Selecting previously unselected package python-lz4.
Preparing to unpack .../0616-python-lz4_0.10.1+dfsg1-0.2_amd64.deb ...
Unpacking python-lz4 (0.10.1+dfsg1-0.2) ...
Selecting previously unselected package python-cffi-backend.
Preparing to unpack .../0617-python-cffi-backend_1.11.5-1_amd64.deb ...
Unpacking python-cffi-backend (1.11.5-1) ...
Selecting previously unselected package python-nacl.
Preparing to unpack .../0618-python-nacl_1.1.2-1build1_amd64.deb ...
Unpacking python-nacl (1.1.2-1build1) ...
Selecting previously unselected package python-asn1crypto.
Preparing to unpack .../0619-python-asn1crypto_0.24.0-1_all.deb ...
Unpacking python-asn1crypto (0.24.0-1) ...
Selecting previously unselected package python-enum34.
Preparing to unpack .../0620-python-enum34_1.1.6-2_all.deb ...
Unpacking python-enum34 (1.1.6-2) ...
Selecting previously unselected package python-idna.
Preparing to unpack .../0621-python-idna_2.6-1_all.deb ...
Unpacking python-idna (2.6-1) ...
Selecting previously unselected package python-ipaddress.
Preparing to unpack .../0622-python-ipaddress_1.0.17-1_all.deb ...
Unpacking python-ipaddress (1.0.17-1) ...
Selecting previously unselected package python-cryptography.
Preparing to unpack .../0623-python-cryptography_2.1.4-1ubuntu1.4_amd64.deb ...
Unpacking python-cryptography (2.1.4-1ubuntu1.4) ...
Selecting previously unselected package python-openssl.
Preparing to unpack .../0624-python-openssl_17.5.0-1ubuntu1_all.deb ...
Unpacking python-openssl (17.5.0-1ubuntu1) ...
Selecting previously unselected package python-pil:amd64.
Preparing to unpack .../0625-python-pil_5.1.0-1ubuntu0.8_amd64.deb ...
Unpacking python-pil:amd64 (5.1.0-1ubuntu0.8) ...
Selecting previously unselected package python-qrcode.
Preparing to unpack .../0626-python-qrcode_5.3-1_all.deb ...
Unpacking python-qrcode (5.3-1) ...
Selecting previously unselected package python-attr.
Preparing to unpack .../0627-python-attr_17.4.0-2_all.deb ...
Unpacking python-attr (17.4.0-2) ...
Selecting previously unselected package python-pyasn1.
Preparing to unpack .../0628-python-pyasn1_0.4.2-3_all.deb ...
Unpacking python-pyasn1 (0.4.2-3) ...
Selecting previously unselected package python-pyasn1-modules.
Preparing to unpack .../0629-python-pyasn1-modules_0.2.1-0.2_all.deb ...
Unpacking python-pyasn1-modules (0.2.1-0.2) ...
Selecting previously unselected package python-service-identity.
Preparing to unpack .../0630-python-service-identity_16.0.0-2_all.deb ...
Unpacking python-service-identity (16.0.0-2) ...
Selecting previously unselected package python-snappy.
Preparing to unpack .../0631-python-snappy_0.5-1.1build2_amd64.deb ...
Unpacking python-snappy (0.5-1.1build2) ...
Selecting previously unselected package python-trie.
Preparing to unpack .../0632-python-trie_0.2+ds-1_all.deb ...
Unpacking python-trie (0.2+ds-1) ...
Selecting previously unselected package python-trollius.
Preparing to unpack .../0633-python-trollius_2.1~b1-5_all.deb ...
Unpacking python-trollius (2.1~b1-5) ...
Selecting previously unselected package python-twisted-bin:amd64.
Preparing to unpack .../0634-python-twisted-bin_17.9.0-2ubuntu0.3_amd64.deb ...
Unpacking python-twisted-bin:amd64 (17.9.0-2ubuntu0.3) ...
Selecting previously unselected package python-pkg-resources.
Preparing to unpack .../0635-python-pkg-resources_39.0.1-2ubuntu0.1_all.deb ...
Unpacking python-pkg-resources (39.0.1-2ubuntu0.1) ...
Selecting previously unselected package python-zope.interface.
Preparing to unpack .../0636-python-zope.interface_4.3.2-1build2_amd64.deb ...
Unpacking python-zope.interface (4.3.2-1build2) ...
Selecting previously unselected package python-automat.
Preparing to unpack .../0637-python-automat_0.6.0-1_all.deb ...
Unpacking python-automat (0.6.0-1) ...
Selecting previously unselected package python-constantly.
Preparing to unpack .../0638-python-constantly_15.1.0-1_all.deb ...
Unpacking python-constantly (15.1.0-1) ...
Selecting previously unselected package python-hyperlink.
Preparing to unpack .../0639-python-hyperlink_17.3.1-2_all.deb ...
Unpacking python-hyperlink (17.3.1-2) ...
Selecting previously unselected package python-incremental.
Preparing to unpack .../0640-python-incremental_16.10.1-3_all.deb ...
Unpacking python-incremental (16.10.1-3) ...
Selecting previously unselected package python-twisted-core.
Preparing to unpack .../0641-python-twisted-core_17.9.0-2ubuntu0.3_all.deb ...
Unpacking python-twisted-core (17.9.0-2ubuntu0.3) ...
Selecting previously unselected package python-twisted.
Preparing to unpack .../0642-python-twisted_17.9.0-2ubuntu0.3_all.deb ...
Unpacking python-twisted (17.9.0-2ubuntu0.3) ...
Selecting previously unselected package python-txaio.
Preparing to unpack .../0643-python-txaio_2.8.1-1_all.deb ...
Unpacking python-txaio (2.8.1-1) ...
Selecting previously unselected package python-u-msgpack.
Preparing to unpack .../0644-python-u-msgpack_2.1-1_all.deb ...
Unpacking python-u-msgpack (2.1-1) ...
Selecting previously unselected package python-ubjson.
Preparing to unpack .../0645-python-ubjson_0.8.5-2build1_amd64.deb ...
Unpacking python-ubjson (0.8.5-2build1) ...
Selecting previously unselected package python-wsaccel.
Preparing to unpack .../0646-python-wsaccel_0.6.2-1_amd64.deb ...
Unpacking python-wsaccel (0.6.2-1) ...
Selecting previously unselected package python-autobahn.
Preparing to unpack .../0647-python-autobahn_17.10.1+dfsg1-2_all.deb ...
Unpacking python-autobahn (17.10.1+dfsg1-2) ...
Selecting previously unselected package python-mpi4py.
Preparing to unpack .../0648-python-mpi4py_2.0.0-3_amd64.deb ...
Unpacking python-mpi4py (2.0.0-3) ...
Selecting previously unselected package python-vtk6.
Preparing to unpack .../0649-python-vtk6_6.3.0+dfsg1-11build1_amd64.deb ...
Unpacking python-vtk6 (6.3.0+dfsg1-11build1) ...
Selecting previously unselected package tcl8.6.
Preparing to unpack .../0650-tcl8.6_8.6.8+dfsg-3_amd64.deb ...
Unpacking tcl8.6 (8.6.8+dfsg-3) ...
Selecting previously unselected package tcl8.6-dev:amd64.
Preparing to unpack .../0651-tcl8.6-dev_8.6.8+dfsg-3_amd64.deb ...
Unpacking tcl8.6-dev:amd64 (8.6.8+dfsg-3) ...
Selecting previously unselected package tcl.
Preparing to unpack .../0652-tcl_8.6.0+9_amd64.deb ...
Unpacking tcl (8.6.0+9) ...
Selecting previously unselected package tcl-dev:amd64.
Preparing to unpack .../0653-tcl-dev_8.6.0+9_amd64.deb ...
Unpacking tcl-dev:amd64 (8.6.0+9) ...
Selecting previously unselected package tcl-vtk6.
Preparing to unpack .../0654-tcl-vtk6_6.3.0+dfsg1-11build1_amd64.deb ...
Unpacking tcl-vtk6 (6.3.0+dfsg1-11build1) ...
Selecting previously unselected package tk8.6.
Preparing to unpack .../0655-tk8.6_8.6.8-4_amd64.deb ...
Unpacking tk8.6 (8.6.8-4) ...
Selecting previously unselected package tk8.6-dev:amd64.
Preparing to unpack .../0656-tk8.6-dev_8.6.8-4_amd64.deb ...
Unpacking tk8.6-dev:amd64 (8.6.8-4) ...
Selecting previously unselected package tk.
Preparing to unpack .../0657-tk_8.6.0+9_amd64.deb ...
Unpacking tk (8.6.0+9) ...
Selecting previously unselected package tk-dev:amd64.
Preparing to unpack .../0658-tk-dev_8.6.0+9_amd64.deb ...
Unpacking tk-dev:amd64 (8.6.0+9) ...
Selecting previously unselected package vtk6.
Preparing to unpack .../0659-vtk6_6.3.0+dfsg1-11build1_amd64.deb ...
Unpacking vtk6 (6.3.0+dfsg1-11build1) ...
Selecting previously unselected package libvtk6-dev.
Preparing to unpack .../0660-libvtk6-dev_6.3.0+dfsg1-11build1_amd64.deb ...
Unpacking libvtk6-dev (6.3.0+dfsg1-11build1) ...
Selecting previously unselected package qt5-assistant.
Preparing to unpack .../0661-qt5-assistant_5.9.5-0ubuntu1_amd64.deb ...
Unpacking qt5-assistant (5.9.5-0ubuntu1) ...
Selecting previously unselected package qttools5-dev-tools.
Preparing to unpack .../0662-qttools5-dev-tools_5.9.5-0ubuntu1_amd64.deb ...
Unpacking qttools5-dev-tools (5.9.5-0ubuntu1) ...
Selecting previously unselected package qttools5-dev:amd64.
Preparing to unpack .../0663-qttools5-dev_5.9.5-0ubuntu1_amd64.deb ...
Unpacking qttools5-dev:amd64 (5.9.5-0ubuntu1) ...
Selecting previously unselected package qttools5-private-dev:amd64.
Preparing to unpack .../0664-qttools5-private-dev_5.9.5-0ubuntu1_amd64.deb ...
Unpacking qttools5-private-dev:amd64 (5.9.5-0ubuntu1) ...
Selecting previously unselected package libvtk6-qt-dev.
Preparing to unpack .../0665-libvtk6-qt-dev_6.3.0+dfsg1-11build1_amd64.deb ...
Unpacking libvtk6-qt-dev (6.3.0+dfsg1-11build1) ...
Selecting previously unselected package libwxbase3.0-0v5:amd64.
Preparing to unpack .../0666-libwxbase3.0-0v5_3.0.4+dfsg-3_amd64.deb ...
Unpacking libwxbase3.0-0v5:amd64 (3.0.4+dfsg-3) ...
Selecting previously unselected package libwxgtk3.0-gtk3-0v5:amd64.
Preparing to unpack .../0667-libwxgtk3.0-gtk3-0v5_3.0.4+dfsg-3_amd64.deb ...
Unpacking libwxgtk3.0-gtk3-0v5:amd64 (3.0.4+dfsg-3) ...
Selecting previously unselected package libx11-doc.
Preparing to unpack .../0668-libx11-doc_2%3a1.6.4-3ubuntu0.4_all.deb ...
Unpacking libx11-doc (2:1.6.4-3ubuntu0.4) ...
Selecting previously unselected package libyaml-cpp0.5v5:amd64.
Preparing to unpack .../0669-libyaml-cpp0.5v5_0.5.2-4ubuntu1_amd64.deb ...
Unpacking libyaml-cpp0.5v5:amd64 (0.5.2-4ubuntu1) ...
Selecting previously unselected package libyaml-cpp-dev.
Preparing to unpack .../0670-libyaml-cpp-dev_0.5.2-4ubuntu1_amd64.deb ...
Unpacking libyaml-cpp-dev (0.5.2-4ubuntu1) ...
Selecting previously unselected package manpages-dev.
Preparing to unpack .../0671-manpages-dev_4.15-1_all.deb ...
Unpacking manpages-dev (4.15-1) ...
Selecting previously unselected package mercurial-common.
Preparing to unpack .../0672-mercurial-common_4.5.3-1ubuntu2.2_all.deb ...
Unpacking mercurial-common (4.5.3-1ubuntu2.2) ...
Selecting previously unselected package mercurial.
Preparing to unpack .../0673-mercurial_4.5.3-1ubuntu2.2_amd64.deb ...
Unpacking mercurial (4.5.3-1ubuntu2.2) ...
Selecting previously unselected package mesa-va-drivers:amd64.
Preparing to unpack .../0674-mesa-va-drivers_20.0.8-0ubuntu1~18.04.1_amd64.deb ...
Unpacking mesa-va-drivers:amd64 (20.0.8-0ubuntu1~18.04.1) ...
Selecting previously unselected package mesa-vdpau-drivers:amd64.
Preparing to unpack .../0675-mesa-vdpau-drivers_20.0.8-0ubuntu1~18.04.1_amd64.deb ...
Unpacking mesa-vdpau-drivers:amd64 (20.0.8-0ubuntu1~18.04.1) ...
Selecting previously unselected package opencv-data.
Preparing to unpack .../0676-opencv-data_3.2.0+dfsg-4ubuntu0.1_all.deb ...
Unpacking opencv-data (3.2.0+dfsg-4ubuntu0.1) ...
Selecting previously unselected package python-sip.
Preparing to unpack .../0677-python-sip_4.19.7+dfsg-1ubuntu0.1_amd64.deb ...
Unpacking python-sip (4.19.7+dfsg-1ubuntu0.1) ...
Selecting previously unselected package sip-dev.
Preparing to unpack .../0678-sip-dev_4.19.7+dfsg-1ubuntu0.1_amd64.deb ...
Unpacking sip-dev (4.19.7+dfsg-1ubuntu0.1) ...
Selecting previously unselected package python-sip-dev.
Preparing to unpack .../0679-python-sip-dev_4.19.7+dfsg-1ubuntu0.1_amd64.deb ...
Unpacking python-sip-dev (4.19.7+dfsg-1ubuntu0.1) ...
Selecting previously unselected package pyqt5-dev.
Preparing to unpack .../0680-pyqt5-dev_5.10.1+dfsg-1ubuntu2_all.deb ...
Unpacking pyqt5-dev (5.10.1+dfsg-1ubuntu2) ...
Selecting previously unselected package python-backports.functools-lru-cache.
Preparing to unpack .../0681-python-backports.functools-lru-cache_1.4-2_all.deb ...
Unpacking python-backports.functools-lru-cache (1.4-2) ...
Selecting previously unselected package python-cairo:amd64.
Preparing to unpack .../0682-python-cairo_1.16.2-1_amd64.deb ...
Unpacking python-cairo:amd64 (1.16.2-1) ...
Selecting previously unselected package python-dateutil.
Preparing to unpack .../0683-python-dateutil_2.6.1-1_all.deb ...
Unpacking python-dateutil (2.6.1-1) ...
Selecting previously unselected package python-roman.
Preparing to unpack .../0684-python-roman_2.0.0-3_all.deb ...
Unpacking python-roman (2.0.0-3) ...
Selecting previously unselected package python-docutils.
Preparing to unpack .../0685-python-docutils_0.14+dfsg-3_all.deb ...
Unpacking python-docutils (0.14+dfsg-3) ...
Selecting previously unselected package python-pyparsing.
Preparing to unpack .../0686-python-pyparsing_2.2.0+dfsg1-2_all.deb ...
Unpacking python-pyparsing (2.2.0+dfsg1-2) ...
Selecting previously unselected package python-catkin-pkg-modules.
Preparing to unpack .../0687-python-catkin-pkg-modules_0.5.2-1_all.deb ...
Unpacking python-catkin-pkg-modules (0.5.2-1) ...
Selecting previously unselected package python-catkin-pkg.
Preparing to unpack .../0688-python-catkin-pkg_0.5.2-100_all.deb ...
Unpacking python-catkin-pkg (0.5.2-100) ...
Selecting previously unselected package python-chardet.
Preparing to unpack .../0689-python-chardet_3.0.4-1_all.deb ...
Unpacking python-chardet (3.0.4-1) ...
Selecting previously unselected package python-colorama.
Preparing to unpack .../0690-python-colorama_0.3.7-1_all.deb ...
Unpacking python-colorama (0.3.7-1) ...
Selecting previously unselected package python-click.
Preparing to unpack .../0691-python-click_6.7-3_all.deb ...
Unpacking python-click (6.7-3) ...
Selecting previously unselected package python-crypto.
Preparing to unpack .../0692-python-crypto_2.6.1-8ubuntu2_amd64.deb ...
Unpacking python-crypto (2.6.1-8ubuntu2) ...
Selecting previously unselected package python-cycler.
Preparing to unpack .../0693-python-cycler_0.10.0-1_all.deb ...
Unpacking python-cycler (0.10.0-1) ...
Selecting previously unselected package python-dbus.
Preparing to unpack .../0694-python-dbus_1.2.6-1_amd64.deb ...
Unpacking python-dbus (1.2.6-1) ...
Selecting previously unselected package python-defusedxml.
Preparing to unpack .../0695-python-defusedxml_0.5.0-1ubuntu1_all.deb ...
Unpacking python-defusedxml (0.5.0-1ubuntu1) ...
Selecting previously unselected package python-empy.
Preparing to unpack .../0696-python-empy_3.3.2-1build1_all.deb ...
Unpacking python-empy (3.3.2-1build1) ...
Selecting previously unselected package python-gi.
Preparing to unpack .../0697-python-gi_3.26.1-2ubuntu1_amd64.deb ...
Unpacking python-gi (3.26.1-2ubuntu1) ...
Selecting previously unselected package python-gnupg.
Preparing to unpack .../0698-python-gnupg_0.4.1-1ubuntu1.18.04.1_all.deb ...
Unpacking python-gnupg (0.4.1-1ubuntu1.18.04.1) ...
Selecting previously unselected package python-httplib2.
Preparing to unpack .../0699-python-httplib2_0.9.2+dfsg-1ubuntu0.3_all.deb ...
Unpacking python-httplib2 (0.9.2+dfsg-1ubuntu0.3) ...
Selecting previously unselected package python-secretstorage.
Preparing to unpack .../0700-python-secretstorage_2.3.1-2_all.deb ...
Unpacking python-secretstorage (2.3.1-2) ...
Selecting previously unselected package python-keyring.
Preparing to unpack .../0701-python-keyring_10.6.0-1_all.deb ...
Unpacking python-keyring (10.6.0-1) ...
Selecting previously unselected package python-keyrings.alt.
Preparing to unpack .../0702-python-keyrings.alt_3.0-1_all.deb ...
Unpacking python-keyrings.alt (3.0-1) ...
Selecting previously unselected package python-lazr.uri.
Preparing to unpack .../0703-python-lazr.uri_1.0.3-2build1_all.deb ...
Unpacking python-lazr.uri (1.0.3-2build1) ...
Selecting previously unselected package python-simplejson.
Preparing to unpack .../0704-python-simplejson_3.13.2-1_amd64.deb ...
Unpacking python-simplejson (3.13.2-1) ...
Selecting previously unselected package python-wadllib.
Preparing to unpack .../0705-python-wadllib_1.3.2-3ubuntu0.18.04.1_all.deb ...
Unpacking python-wadllib (1.3.2-3ubuntu0.18.04.1) ...
Selecting previously unselected package python-oauth.
Preparing to unpack .../0706-python-oauth_1.0.1-5_all.deb ...
Unpacking python-oauth (1.0.1-5) ...
Selecting previously unselected package python-lazr.restfulclient.
Preparing to unpack .../0707-python-lazr.restfulclient_0.13.5-1_all.deb ...
Unpacking python-lazr.restfulclient (0.13.5-1) ...
Selecting previously unselected package python-launchpadlib.
Preparing to unpack .../0708-python-launchpadlib_1.10.6-1_all.deb ...
Unpacking python-launchpadlib (1.10.6-1) ...
Selecting previously unselected package ttf-bitstream-vera.
Preparing to unpack .../0709-ttf-bitstream-vera_1.10-8_all.deb ...
Unpacking ttf-bitstream-vera (1.10-8) ...
Selecting previously unselected package python-matplotlib-data.
Preparing to unpack .../0710-python-matplotlib-data_2.1.1-2ubuntu3_all.deb ...
Unpacking python-matplotlib-data (2.1.1-2ubuntu3) ...
Selecting previously unselected package python-tz.
Preparing to unpack .../0711-python-tz_2018.3-2_all.deb ...
Unpacking python-tz (2018.3-2) ...
Selecting previously unselected package python-numpy.
Preparing to unpack .../0712-python-numpy_1%3a1.13.3-2ubuntu1_amd64.deb ...
Unpacking python-numpy (1:1.13.3-2ubuntu1) ...
Selecting previously unselected package python-subprocess32.
Preparing to unpack .../0713-python-subprocess32_3.2.7-3_amd64.deb ...
Unpacking python-subprocess32 (3.2.7-3) ...
Selecting previously unselected package python-matplotlib.
Preparing to unpack .../0714-python-matplotlib_2.1.1-2ubuntu3_amd64.deb ...
Unpacking python-matplotlib (2.1.1-2ubuntu3) ...
Selecting previously unselected package python-netifaces.
Preparing to unpack .../0715-python-netifaces_0.10.4-0.1build4_amd64.deb ...
Unpacking python-netifaces (0.10.4-0.1build4) ...
Selecting previously unselected package python-nose.
Preparing to unpack .../0716-python-nose_1.3.7-3_all.deb ...
Unpacking python-nose (1.3.7-3) ...
Selecting previously unselected package python-olefile.
Preparing to unpack .../0717-python-olefile_0.45.1-1_all.deb ...
Unpacking python-olefile (0.45.1-1) ...
Selecting previously unselected package python-opencv.
Preparing to unpack .../0718-python-opencv_3.2.0+dfsg-4ubuntu0.1_amd64.deb ...
Unpacking python-opencv (3.2.0+dfsg-4ubuntu0.1) ...
Selecting previously unselected package python-opengl.
Preparing to unpack .../0719-python-opengl_3.1.0+dfsg-1_all.deb ...
Unpacking python-opengl (3.1.0+dfsg-1) ...
Selecting previously unselected package python-pam.
Preparing to unpack .../0720-python-pam_0.4.2-13.2ubuntu4_amd64.deb ...
Unpacking python-pam (0.4.2-13.2ubuntu4) ...
Selecting previously unselected package python-paramiko.
Preparing to unpack .../0721-python-paramiko_2.0.0-1ubuntu1.3_all.deb ...
Unpacking python-paramiko (2.0.0-1ubuntu1.3) ...
Selecting previously unselected package python-psutil.
Preparing to unpack .../0722-python-psutil_5.4.2-1ubuntu0.1_amd64.deb ...
Unpacking python-psutil (5.4.2-1ubuntu0.1) ...
Selecting previously unselected package python-pycryptodome.
Preparing to unpack .../0723-python-pycryptodome_3.4.7-1ubuntu1_amd64.deb ...
Unpacking python-pycryptodome (3.4.7-1ubuntu1) ...
Selecting previously unselected package python-pydot.
Preparing to unpack .../0724-python-pydot_1.2.3-1_all.deb ...
Unpacking python-pydot (1.2.3-1) ...
Selecting previously unselected package python-pygments.
Preparing to unpack .../0725-python-pygments_2.2.0+dfsg-1ubuntu0.2_all.deb ...
Unpacking python-pygments (2.2.0+dfsg-1ubuntu0.2) ...
Selecting previously unselected package python-pyqt5.
Preparing to unpack .../0726-python-pyqt5_5.10.1+dfsg-1ubuntu2_amd64.deb ...
Unpacking python-pyqt5 (5.10.1+dfsg-1ubuntu2) ...
Selecting previously unselected package python-pyqt5.qtopengl.
Preparing to unpack .../0727-python-pyqt5.qtopengl_5.10.1+dfsg-1ubuntu2_amd64.deb ...
Unpacking python-pyqt5.qtopengl (5.10.1+dfsg-1ubuntu2) ...
Selecting previously unselected package python-pyqt5.qtsvg.
Preparing to unpack .../0728-python-pyqt5.qtsvg_5.10.1+dfsg-1ubuntu2_amd64.deb ...
Unpacking python-pyqt5.qtsvg (5.10.1+dfsg-1ubuntu2) ...
Selecting previously unselected package python-pyqt5.qtwebkit.
Preparing to unpack .../0729-python-pyqt5.qtwebkit_5.10.1+dfsg-1ubuntu2_amd64.deb ...
Unpacking python-pyqt5.qtwebkit (5.10.1+dfsg-1ubuntu2) ...
Selecting previously unselected package python-yaml.
Preparing to unpack .../0730-python-yaml_3.12-1build2_amd64.deb ...
Unpacking python-yaml (3.12-1build2) ...
Selecting previously unselected package python-rospkg-modules.
Preparing to unpack .../0731-python-rospkg-modules_1.5.1-1_all.deb ...
Unpacking python-rospkg-modules (1.5.1-1) ...
Selecting previously unselected package python-setuptools.
Preparing to unpack .../0732-python-setuptools_39.0.1-2ubuntu0.1_all.deb ...
Unpacking python-setuptools (39.0.1-2ubuntu0.1) ...
Selecting previously unselected package python-rosdistro-modules.
Preparing to unpack .../0733-python-rosdistro-modules_0.9.1-1_all.deb ...
Unpacking python-rosdistro-modules (0.9.1-1) ...
Selecting previously unselected package python-rosdep-modules.
Preparing to unpack .../0734-python-rosdep-modules_0.23.1-1_all.deb ...
Unpacking python-rosdep-modules (0.23.1-1) ...
Selecting previously unselected package python-rosdep.
Preparing to unpack .../0735-python-rosdep_0.23.1-1_all.deb ...
Unpacking python-rosdep (0.23.1-1) ...
Selecting previously unselected package python-rosdistro.
Preparing to unpack .../0736-python-rosdistro_0.9.1-100_all.deb ...
Unpacking python-rosdistro (0.9.1-100) ...
Selecting previously unselected package subversion.
Preparing to unpack .../0737-subversion_1.9.7-4ubuntu1.1_amd64.deb ...
Unpacking subversion (1.9.7-4ubuntu1.1) ...
Selecting previously unselected package python-vcstools.
Preparing to unpack .../0738-python-vcstools_0.1.42-1_all.deb ...
Unpacking python-vcstools (0.1.42-1) ...
Selecting previously unselected package python-wstool.
Preparing to unpack .../0739-python-wstool_0.1.17-1_all.deb ...
Unpacking python-wstool (0.1.17-1) ...
Selecting previously unselected package python-rosinstall.
Preparing to unpack .../0740-python-rosinstall_0.7.8-1_all.deb ...
Unpacking python-rosinstall (0.7.8-1) ...
Selecting previously unselected package python-rosinstall-generator.
Preparing to unpack .../0741-python-rosinstall-generator_0.1.23-1_all.deb ...
Unpacking python-rosinstall-generator (0.1.23-1) ...
Selecting previously unselected package python-rospkg.
Preparing to unpack .../0742-python-rospkg_1.5.1-100_all.deb ...
Unpacking python-rospkg (1.5.1-100) ...
Selecting previously unselected package python-serial.
Preparing to unpack .../0743-python-serial_3.4-2_all.deb ...
Unpacking python-serial (3.4-2) ...
Selecting previously unselected package python-tk.
Preparing to unpack .../0744-python-tk_2.7.17-1~18.04_amd64.deb ...
Unpacking python-tk (2.7.17-1~18.04) ...
Selecting previously unselected package python-wxversion.
Preparing to unpack .../0745-python-wxversion_3.0.2.0+dfsg-7_all.deb ...
Unpacking python-wxversion (3.0.2.0+dfsg-7) ...
Selecting previously unselected package python-wxgtk3.0.
Preparing to unpack .../0746-python-wxgtk3.0_3.0.2.0+dfsg-7_amd64.deb ...
Unpacking python-wxgtk3.0 (3.0.2.0+dfsg-7) ...
Selecting previously unselected package python-wxtools.
Preparing to unpack .../0747-python-wxtools_3.0.2.0+dfsg-7_all.deb ...
Unpacking python-wxtools (3.0.2.0+dfsg-7) ...
Selecting previously unselected package qt5-gtk-platformtheme:amd64.
Preparing to unpack .../0748-qt5-gtk-platformtheme_5.9.5+dfsg-0ubuntu2.6_amd64.deb ...
Unpacking qt5-gtk-platformtheme:amd64 (5.9.5+dfsg-0ubuntu2.6) ...
Selecting previously unselected package qttranslations5-l10n.
Preparing to unpack .../0749-qttranslations5-l10n_5.9.5-0ubuntu1_all.deb ...
Unpacking qttranslations5-l10n (5.9.5-0ubuntu1) ...
Selecting previously unselected package ros-melodic-catkin.
Preparing to unpack .../0750-ros-melodic-catkin_0.7.29-1bionic.20201014.191449_amd64.deb ...
Unpacking ros-melodic-catkin (0.7.29-1bionic.20201014.191449) ...
Selecting previously unselected package ros-melodic-genmsg.
Preparing to unpack .../0751-ros-melodic-genmsg_0.5.17-1bionic.20221025.173817_amd64.deb ...
Unpacking ros-melodic-genmsg (0.5.17-1bionic.20221025.173817) ...
Selecting previously unselected package ros-melodic-gencpp.
Preparing to unpack .../0752-ros-melodic-gencpp_0.6.6-1bionic.20221025.174158_amd64.deb ...
Unpacking ros-melodic-gencpp (0.6.6-1bionic.20221025.174158) ...
Selecting previously unselected package ros-melodic-geneus.
Preparing to unpack .../0753-ros-melodic-geneus_2.2.6-0bionic.20221025.174153_amd64.deb ...
Unpacking ros-melodic-geneus (2.2.6-0bionic.20221025.174153) ...
Selecting previously unselected package ros-melodic-genlisp.
Preparing to unpack .../0754-ros-melodic-genlisp_0.4.16-0bionic.20221025.174014_amd64.deb ...
Unpacking ros-melodic-genlisp (0.4.16-0bionic.20221025.174014) ...
Selecting previously unselected package ros-melodic-gennodejs.
Preparing to unpack .../0755-ros-melodic-gennodejs_2.0.1-0bionic.20221025.174010_amd64.deb ...
Unpacking ros-melodic-gennodejs (2.0.1-0bionic.20221025.174010) ...
Selecting previously unselected package ros-melodic-genpy.
Preparing to unpack .../0756-ros-melodic-genpy_0.6.16-1bionic.20221025.174014_amd64.deb ...
Unpacking ros-melodic-genpy (0.6.16-1bionic.20221025.174014) ...
Selecting previously unselected package ros-melodic-message-generation.
Preparing to unpack .../0757-ros-melodic-message-generation_0.4.1-1bionic.20221025.174412_amd64.deb ...
Unpacking ros-melodic-message-generation (0.4.1-1bionic.20221025.174412) ...
Selecting previously unselected package ros-melodic-cpp-common.
Preparing to unpack .../0758-ros-melodic-cpp-common_0.6.14-1bionic.20200801.035855_amd64.deb ...
Unpacking ros-melodic-cpp-common (0.6.14-1bionic.20200801.035855) ...
Selecting previously unselected package ros-melodic-rostime.
Preparing to unpack .../0759-ros-melodic-rostime_0.6.14-1bionic.20200801.051100_amd64.deb ...
Unpacking ros-melodic-rostime (0.6.14-1bionic.20200801.051100) ...
Selecting previously unselected package ros-melodic-roscpp-traits.
Preparing to unpack .../0760-ros-melodic-roscpp-traits_0.6.14-1bionic.20200801.063118_amd64.deb ...
Unpacking ros-melodic-roscpp-traits (0.6.14-1bionic.20200801.063118) ...
Selecting previously unselected package ros-melodic-roscpp-serialization.
Preparing to unpack .../0761-ros-melodic-roscpp-serialization_0.6.14-1bionic.20200801.063506_amd64.deb ...
Unpacking ros-melodic-roscpp-serialization (0.6.14-1bionic.20200801.063506) ...
Selecting previously unselected package ros-melodic-message-runtime.
Preparing to unpack .../0762-ros-melodic-message-runtime_0.4.12-0bionic.20221025.174256_amd64.deb ...
Unpacking ros-melodic-message-runtime (0.4.12-0bionic.20221025.174256) ...
Selecting previously unselected package ros-melodic-std-msgs.
Preparing to unpack .../0763-ros-melodic-std-msgs_0.5.12-0bionic.20221025.174604_amd64.deb ...
Unpacking ros-melodic-std-msgs (0.5.12-0bionic.20221025.174604) ...
Selecting previously unselected package ros-melodic-actionlib-msgs.
Preparing to unpack .../0764-ros-melodic-actionlib-msgs_1.12.8-1bionic.20221025.174924_amd64.deb ...
Unpacking ros-melodic-actionlib-msgs (1.12.8-1bionic.20221025.174924) ...
Selecting previously unselected package liblog4cxx-dev:amd64.
Preparing to unpack .../0765-liblog4cxx-dev_0.10.0-13ubuntu2_amd64.deb ...
Unpacking liblog4cxx-dev:amd64 (0.10.0-13ubuntu2) ...
Selecting previously unselected package ros-melodic-rosbuild.
Preparing to unpack .../0766-ros-melodic-rosbuild_1.14.9-1bionic.20221025.174623_amd64.deb ...
Unpacking ros-melodic-rosbuild (1.14.9-1bionic.20221025.174623) ...
Selecting previously unselected package ros-melodic-rosconsole.
Preparing to unpack .../0767-ros-melodic-rosconsole_1.13.18-1bionic.20221025.180608_amd64.deb ...
Unpacking ros-melodic-rosconsole (1.13.18-1bionic.20221025.180608) ...
Selecting previously unselected package ros-melodic-rosgraph-msgs.
Preparing to unpack .../0768-ros-melodic-rosgraph-msgs_1.11.2-0bionic.20221025.180432_amd64.deb ...
Unpacking ros-melodic-rosgraph-msgs (1.11.2-0bionic.20221025.180432) ...
Selecting previously unselected package ros-melodic-xmlrpcpp.
Preparing to unpack .../0769-ros-melodic-xmlrpcpp_1.14.13-1bionic.20220127.142710_amd64.deb ...
Unpacking ros-melodic-xmlrpcpp (1.14.13-1bionic.20220127.142710) ...
Selecting previously unselected package ros-melodic-roscpp.
Preparing to unpack .../0770-ros-melodic-roscpp_1.14.13-1bionic.20221025.181538_amd64.deb ...
Unpacking ros-melodic-roscpp (1.14.13-1bionic.20221025.181538) ...
Selecting previously unselected package ros-melodic-ros-environment.
Preparing to unpack .../0771-ros-melodic-ros-environment_1.2.3-1bionic.20201015.052244_amd64.deb ...
Unpacking ros-melodic-ros-environment (1.2.3-1bionic.20201015.052244) ...
Selecting previously unselected package ros-melodic-rospack.
Preparing to unpack .../0772-ros-melodic-rospack_2.5.6-1bionic.20201015.070131_amd64.deb ...
Unpacking ros-melodic-rospack (2.5.6-1bionic.20201015.070131) ...
Selecting previously unselected package ros-melodic-roslib.
Preparing to unpack .../0773-ros-melodic-roslib_1.14.9-1bionic.20201016.105810_amd64.deb ...
Unpacking ros-melodic-roslib (1.14.9-1bionic.20201016.105810) ...
Selecting previously unselected package ros-melodic-rosgraph.
Preparing to unpack .../0774-ros-melodic-rosgraph_1.14.13-1bionic.20220127.142555_amd64.deb ...
Unpacking ros-melodic-rosgraph (1.14.13-1bionic.20220127.142555) ...
Selecting previously unselected package ros-melodic-rospy.
Preparing to unpack .../0775-ros-melodic-rospy_1.14.13-1bionic.20221025.182746_amd64.deb ...
Unpacking ros-melodic-rospy (1.14.13-1bionic.20221025.182746) ...
Selecting previously unselected package ros-melodic-rosclean.
Preparing to unpack .../0776-ros-melodic-rosclean_1.14.9-1bionic.20201015.071027_amd64.deb ...
Unpacking ros-melodic-rosclean (1.14.9-1bionic.20201015.071027) ...
Selecting previously unselected package ros-melodic-rosmaster.
Preparing to unpack .../0777-ros-melodic-rosmaster_1.14.13-1bionic.20220127.143155_amd64.deb ...
Unpacking ros-melodic-rosmaster (1.14.13-1bionic.20220127.143155) ...
Selecting previously unselected package ros-melodic-rosout.
Preparing to unpack .../0778-ros-melodic-rosout_1.14.13-1bionic.20221025.182737_amd64.deb ...
Unpacking ros-melodic-rosout (1.14.13-1bionic.20221025.182737) ...
Selecting previously unselected package ros-melodic-rosparam.
Preparing to unpack .../0779-ros-melodic-rosparam_1.14.13-1bionic.20220127.142805_amd64.deb ...
Unpacking ros-melodic-rosparam (1.14.13-1bionic.20220127.142805) ...
Selecting previously unselected package ros-melodic-rosunit.
Preparing to unpack .../0780-ros-melodic-rosunit_1.14.9-1bionic.20201017.031507_amd64.deb ...
Unpacking ros-melodic-rosunit (1.14.9-1bionic.20201017.031507) ...
Selecting previously unselected package ros-melodic-roslaunch.
Preparing to unpack .../0781-ros-melodic-roslaunch_1.14.13-1bionic.20221025.183434_amd64.deb ...
Unpacking ros-melodic-roslaunch (1.14.13-1bionic.20221025.183434) ...
Selecting previously unselected package ros-melodic-rostest.
Preparing to unpack .../0782-ros-melodic-rostest_1.14.13-1bionic.20221025.183909_amd64.deb ...
Unpacking ros-melodic-rostest (1.14.13-1bionic.20221025.183909) ...
Selecting previously unselected package libgpgme-dev.
Preparing to unpack .../0783-libgpgme-dev_1.10.0-1ubuntu2_amd64.deb ...
Unpacking libgpgme-dev (1.10.0-1ubuntu2) ...
Selecting previously unselected package ros-melodic-class-loader.
Preparing to unpack .../0784-ros-melodic-class-loader_0.4.1-0bionic.20201015.033003_amd64.deb ...
Unpacking ros-melodic-class-loader (0.4.1-0bionic.20201015.033003) ...
Selecting previously unselected package ros-melodic-pluginlib.
Preparing to unpack .../0785-ros-melodic-pluginlib_1.12.1-0bionic.20221025.180956_amd64.deb ...
Unpacking ros-melodic-pluginlib (1.12.1-0bionic.20221025.180956) ...
Selecting previously unselected package liblz4-dev:amd64.
Preparing to unpack .../0786-liblz4-dev_0.0~r131-2ubuntu3.1_amd64.deb ...
Unpacking liblz4-dev:amd64 (0.0~r131-2ubuntu3.1) ...
Selecting previously unselected package ros-melodic-roslz4.
Preparing to unpack .../0787-ros-melodic-roslz4_1.14.13-1bionic.20220127.142622_amd64.deb ...
Unpacking ros-melodic-roslz4 (1.14.13-1bionic.20220127.142622) ...
Selecting previously unselected package ros-melodic-rosbag-storage.
Preparing to unpack .../0788-ros-melodic-rosbag-storage_1.14.13-1bionic.20221025.184506_amd64.deb ...
Unpacking ros-melodic-rosbag-storage (1.14.13-1bionic.20221025.184506) ...
Selecting previously unselected package ros-melodic-std-srvs.
Preparing to unpack .../0789-ros-melodic-std-srvs_1.11.2-0bionic.20221025.174616_amd64.deb ...
Unpacking ros-melodic-std-srvs (1.11.2-0bionic.20221025.174616) ...
Selecting previously unselected package ros-melodic-topic-tools.
Preparing to unpack .../0790-ros-melodic-topic-tools_1.14.13-1bionic.20221025.184424_amd64.deb ...
Unpacking ros-melodic-topic-tools (1.14.13-1bionic.20221025.184424) ...
Selecting previously unselected package ros-melodic-rosbag.
Preparing to unpack .../0791-ros-melodic-rosbag_1.14.13-1bionic.20221025.185335_amd64.deb ...
Unpacking ros-melodic-rosbag (1.14.13-1bionic.20221025.185335) ...
Selecting previously unselected package ros-melodic-rostopic.
Preparing to unpack .../0792-ros-melodic-rostopic_1.14.13-1bionic.20221025.185955_amd64.deb ...
Unpacking ros-melodic-rostopic (1.14.13-1bionic.20221025.185955) ...
Selecting previously unselected package ros-melodic-actionlib.
Preparing to unpack .../0793-ros-melodic-actionlib_1.12.1-1bionic.20221025.190636_amd64.deb ...
Unpacking ros-melodic-actionlib (1.12.1-1bionic.20221025.190636) ...
Selecting previously unselected package ros-melodic-angles.
Preparing to unpack .../0794-ros-melodic-angles_1.9.12-1bionic.20201017.032544_amd64.deb ...
Unpacking ros-melodic-angles (1.9.12-1bionic.20201017.032544) ...
Selecting previously unselected package ros-melodic-bond.
Preparing to unpack .../0795-ros-melodic-bond_1.8.5-1bionic.20221025.175226_amd64.deb ...
Unpacking ros-melodic-bond (1.8.5-1bionic.20221025.175226) ...
Selecting previously unselected package ros-melodic-smclib.
Preparing to unpack .../0796-ros-melodic-smclib_1.8.5-1bionic.20200801.035835_amd64.deb ...
Unpacking ros-melodic-smclib (1.8.5-1bionic.20200801.035835) ...
Selecting previously unselected package ros-melodic-bondcpp.
Preparing to unpack .../0797-ros-melodic-bondcpp_1.8.5-1bionic.20221025.182354_amd64.deb ...
Unpacking ros-melodic-bondcpp (1.8.5-1bionic.20221025.182354) ...
Selecting previously unselected package ros-melodic-bondpy.
Preparing to unpack .../0798-ros-melodic-bondpy_1.8.5-1bionic.20221025.183131_amd64.deb ...
Unpacking ros-melodic-bondpy (1.8.5-1bionic.20221025.183131) ...
Selecting previously unselected package ros-melodic-bond-core.
Preparing to unpack .../0799-ros-melodic-bond-core_1.8.5-1bionic.20221025.183502_amd64.deb ...
Unpacking ros-melodic-bond-core (1.8.5-1bionic.20221025.183502) ...
Selecting previously unselected package ros-melodic-geometry-msgs.
Preparing to unpack .../0800-ros-melodic-geometry-msgs_1.12.8-1bionic.20221025.175355_amd64.deb ...
Unpacking ros-melodic-geometry-msgs (1.12.8-1bionic.20221025.175355) ...
Selecting previously unselected package ros-melodic-sensor-msgs.
Preparing to unpack .../0801-ros-melodic-sensor-msgs_1.12.8-1bionic.20221025.185709_amd64.deb ...
Unpacking ros-melodic-sensor-msgs (1.12.8-1bionic.20221025.185709) ...
Selecting previously unselected package ros-melodic-cv-bridge.
Preparing to unpack .../0802-ros-melodic-cv-bridge_1.13.1-1bionic.20221025.190044_amd64.deb ...
Unpacking ros-melodic-cv-bridge (1.13.1-1bionic.20221025.190044) ...
Selecting previously unselected package ros-melodic-image-geometry.
Preparing to unpack .../0803-ros-melodic-image-geometry_1.13.1-1bionic.20221025.190823_amd64.deb ...
Unpacking ros-melodic-image-geometry (1.13.1-1bionic.20221025.190823) ...
Selecting previously unselected package ros-melodic-message-filters.
Preparing to unpack .../0804-ros-melodic-message-filters_1.14.13-1bionic.20221025.184443_amd64.deb ...
Unpacking ros-melodic-message-filters (1.14.13-1bionic.20221025.184443) ...
Selecting previously unselected package ros-melodic-camera-calibration.
Preparing to unpack .../0805-ros-melodic-camera-calibration_1.15.2-1bionic.20221025.191201_amd64.deb ...
Unpacking ros-melodic-camera-calibration (1.15.2-1bionic.20221025.191201) ...
Selecting previously unselected package ros-melodic-diagnostic-msgs.
Preparing to unpack .../0806-ros-melodic-diagnostic-msgs_1.12.8-1bionic.20221025.175306_amd64.deb ...
Unpacking ros-melodic-diagnostic-msgs (1.12.8-1bionic.20221025.175306) ...
Selecting previously unselected package ros-melodic-nav-msgs.
Preparing to unpack .../0807-ros-melodic-nav-msgs_1.12.8-1bionic.20221025.175754_amd64.deb ...
Unpacking ros-melodic-nav-msgs (1.12.8-1bionic.20221025.175754) ...
Selecting previously unselected package ros-melodic-shape-msgs.
Preparing to unpack .../0808-ros-melodic-shape-msgs_1.12.8-1bionic.20221025.175947_amd64.deb ...
Unpacking ros-melodic-shape-msgs (1.12.8-1bionic.20221025.175947) ...
Selecting previously unselected package ros-melodic-stereo-msgs.
Preparing to unpack .../0809-ros-melodic-stereo-msgs_1.12.8-1bionic.20221025.191732_amd64.deb ...
Unpacking ros-melodic-stereo-msgs (1.12.8-1bionic.20221025.191732) ...
Selecting previously unselected package ros-melodic-rosbag-migration-rule.
Preparing to unpack .../0810-ros-melodic-rosbag-migration-rule_1.0.0-0bionic.20200801.040144_amd64.deb ...
Unpacking ros-melodic-rosbag-migration-rule (1.0.0-0bionic.20200801.040144) ...
Selecting previously unselected package ros-melodic-trajectory-msgs.
Preparing to unpack .../0811-ros-melodic-trajectory-msgs_1.12.8-1bionic.20221025.180014_amd64.deb ...
Unpacking ros-melodic-trajectory-msgs (1.12.8-1bionic.20221025.180014) ...
Selecting previously unselected package ros-melodic-visualization-msgs.
Preparing to unpack .../0812-ros-melodic-visualization-msgs_1.12.8-1bionic.20221025.180213_amd64.deb ...
Unpacking ros-melodic-visualization-msgs (1.12.8-1bionic.20221025.180213) ...
Selecting previously unselected package ros-melodic-common-msgs.
Preparing to unpack .../0813-ros-melodic-common-msgs_1.12.8-1bionic.20221025.192012_amd64.deb ...
Unpacking ros-melodic-common-msgs (1.12.8-1bionic.20221025.192012) ...
Selecting previously unselected package ros-melodic-rosmsg.
Preparing to unpack .../0814-ros-melodic-rosmsg_1.14.13-1bionic.20221025.185916_amd64.deb ...
Unpacking ros-melodic-rosmsg (1.14.13-1bionic.20221025.185916) ...
Selecting previously unselected package ros-melodic-rosservice.
Preparing to unpack .../0815-ros-melodic-rosservice_1.14.13-1bionic.20221025.190129_amd64.deb ...
Unpacking ros-melodic-rosservice (1.14.13-1bionic.20221025.190129) ...
Selecting previously unselected package ros-melodic-dynamic-reconfigure.
Preparing to unpack .../0816-ros-melodic-dynamic-reconfigure_1.6.5-1bionic.20221025.192006_amd64.deb ...
Unpacking ros-melodic-dynamic-reconfigure (1.6.5-1bionic.20221025.192006) ...
Selecting previously unselected package ros-melodic-image-transport.
Preparing to unpack .../0817-ros-melodic-image-transport_1.11.13-0bionic.20221025.190453_amd64.deb ...
Unpacking ros-melodic-image-transport (1.11.13-0bionic.20221025.190453) ...
Selecting previously unselected package ros-melodic-compressed-depth-image-transport.
Preparing to unpack .../0818-ros-melodic-compressed-depth-image-transport_1.9.6-1bionic.20230202.200046_amd64.deb ...
Unpacking ros-melodic-compressed-depth-image-transport (1.9.6-1bionic.20230202.200046) ...
Selecting previously unselected package ros-melodic-compressed-image-transport.
Preparing to unpack .../0819-ros-melodic-compressed-image-transport_1.9.6-1bionic.20230202.200106_amd64.deb ...
Unpacking ros-melodic-compressed-image-transport (1.9.6-1bionic.20230202.200106) ...
Selecting previously unselected package ros-melodic-control-msgs.
Preparing to unpack .../0820-ros-melodic-control-msgs_1.5.1-1bionic.20221025.180101_amd64.deb ...
Unpacking ros-melodic-control-msgs (1.5.1-1bionic.20221025.180101) ...
Selecting previously unselected package ros-melodic-realtime-tools.
Preparing to unpack .../0821-ros-melodic-realtime-tools_1.15.1-1bionic.20221025.201415_amd64.deb ...
Unpacking ros-melodic-realtime-tools (1.15.1-1bionic.20221025.201415) ...
Selecting previously unselected package ros-melodic-control-toolbox.
Preparing to unpack .../0822-ros-melodic-control-toolbox_1.19.0-1bionic.20221025.202332_amd64.deb ...
Unpacking ros-melodic-control-toolbox (1.19.0-1bionic.20221025.202332) ...
Selecting previously unselected package ros-melodic-hardware-interface.
Preparing to unpack .../0823-ros-melodic-hardware-interface_0.18.4-1bionic.20221025.182429_amd64.deb ...
Unpacking ros-melodic-hardware-interface (0.18.4-1bionic.20221025.182429) ...
Selecting previously unselected package ros-melodic-controller-interface.
Preparing to unpack .../0824-ros-melodic-controller-interface_0.18.4-1bionic.20221025.182637_amd64.deb ...
Unpacking ros-melodic-controller-interface (0.18.4-1bionic.20221025.182637) ...
Selecting previously unselected package ros-melodic-controller-manager-msgs.
Preparing to unpack .../0825-ros-melodic-controller-manager-msgs_0.18.4-1bionic.20221025.192015_amd64.deb ...
Unpacking ros-melodic-controller-manager-msgs (0.18.4-1bionic.20221025.192015) ...
Selecting previously unselected package ros-melodic-controller-manager.
Preparing to unpack .../0826-ros-melodic-controller-manager_0.18.4-1bionic.20221025.202229_amd64.deb ...
Unpacking ros-melodic-controller-manager (0.18.4-1bionic.20221025.202229) ...
Selecting previously unselected package ros-melodic-orocos-kdl.
Preparing to unpack .../0827-ros-melodic-orocos-kdl_1.4.0-0bionic.20201017.031444_amd64.deb ...
Unpacking ros-melodic-orocos-kdl (1.4.0-0bionic.20201017.031444) ...
Selecting previously unselected package ros-melodic-eigen-conversions.
Preparing to unpack .../0828-ros-melodic-eigen-conversions_1.12.1-1bionic.20221025.180648_amd64.deb ...
Unpacking ros-melodic-eigen-conversions (1.12.1-1bionic.20221025.180648) ...
Selecting previously unselected package ros-melodic-nodelet.
Preparing to unpack .../0829-ros-melodic-nodelet_1.9.16-0bionic.20221025.182908_amd64.deb ...
Unpacking ros-melodic-nodelet (1.9.16-0bionic.20221025.182908) ...
Selecting previously unselected package ros-melodic-tf2-msgs.
Preparing to unpack .../0830-ros-melodic-tf2-msgs_0.6.5-0bionic.20221025.180544_amd64.deb ...
Unpacking ros-melodic-tf2-msgs (0.6.5-0bionic.20221025.180544) ...
Selecting previously unselected package ros-melodic-tf2.
Preparing to unpack .../0831-ros-melodic-tf2_0.6.5-0bionic.20221025.180805_amd64.deb ...
Unpacking ros-melodic-tf2 (0.6.5-0bionic.20221025.180805) ...
Selecting previously unselected package ros-melodic-tf2-py.
Preparing to unpack .../0832-ros-melodic-tf2-py_0.6.5-0bionic.20221025.183352_amd64.deb ...
Unpacking ros-melodic-tf2-py (0.6.5-0bionic.20221025.183352) ...
Selecting previously unselected package ros-melodic-tf2-ros.
Preparing to unpack .../0833-ros-melodic-tf2-ros_0.6.5-0bionic.20221025.192245_amd64.deb ...
Unpacking ros-melodic-tf2-ros (0.6.5-0bionic.20221025.192245) ...
Selecting previously unselected package ros-melodic-depth-image-proc.
Preparing to unpack .../0834-ros-melodic-depth-image-proc_1.15.2-1bionic.20221025.192734_amd64.deb ...
Unpacking ros-melodic-depth-image-proc (1.15.2-1bionic.20221025.192734) ...
Selecting previously unselected package ros-melodic-diagnostic-aggregator.
Preparing to unpack .../0835-ros-melodic-diagnostic-aggregator_1.9.7-1bionic.20221025.184453_amd64.deb ...
Unpacking ros-melodic-diagnostic-aggregator (1.9.7-1bionic.20221025.184453) ...
Selecting previously unselected package ros-melodic-diagnostic-analysis.
Preparing to unpack .../0836-ros-melodic-diagnostic-analysis_1.9.7-1bionic.20221025.185951_amd64.deb ...
Unpacking ros-melodic-diagnostic-analysis (1.9.7-1bionic.20221025.185951) ...
Selecting previously unselected package hddtemp.
Preparing to unpack .../0837-hddtemp_0.3-beta15-53_amd64.deb ...
Unpacking hddtemp (0.3-beta15-53) ...
Selecting previously unselected package ros-melodic-diagnostic-updater.
Preparing to unpack .../0838-ros-melodic-diagnostic-updater_1.9.7-1bionic.20221025.184506_amd64.deb ...
Unpacking ros-melodic-diagnostic-updater (1.9.7-1bionic.20221025.184506) ...
Selecting previously unselected package ros-melodic-rosnode.
Preparing to unpack .../0839-ros-melodic-rosnode_1.14.13-1bionic.20221025.190319_amd64.deb ...
Unpacking ros-melodic-rosnode (1.14.13-1bionic.20221025.190319) ...
Selecting previously unselected package ros-melodic-roswtf.
Preparing to unpack .../0840-ros-melodic-roswtf_1.14.13-1bionic.20221025.190549_amd64.deb ...
Unpacking ros-melodic-roswtf (1.14.13-1bionic.20221025.190549) ...
Selecting previously unselected package ros-melodic-tf.
Preparing to unpack .../0841-ros-melodic-tf_1.12.1-1bionic.20221025.192750_amd64.deb ...
Unpacking ros-melodic-tf (1.12.1-1bionic.20221025.192750) ...
Selecting previously unselected package ros-melodic-diagnostic-common-diagnostics.
Preparing to unpack .../0842-ros-melodic-diagnostic-common-diagnostics_1.9.7-1bionic.20221025.195536_amd64.deb ...
Unpacking ros-melodic-diagnostic-common-diagnostics (1.9.7-1bionic.20221025.195536) ...
Selecting previously unselected package ros-melodic-self-test.
Preparing to unpack .../0843-ros-melodic-self-test_1.9.7-1bionic.20221025.184818_amd64.deb ...
Unpacking ros-melodic-self-test (1.9.7-1bionic.20221025.184818) ...
Selecting previously unselected package ros-melodic-diagnostics.
Preparing to unpack .../0844-ros-melodic-diagnostics_1.9.7-1bionic.20221025.201000_amd64.deb ...
Unpacking ros-melodic-diagnostics (1.9.7-1bionic.20221025.201000) ...
Selecting previously unselected package ros-melodic-rosconsole-bridge.
Preparing to unpack .../0845-ros-melodic-rosconsole-bridge_0.5.3-0bionic.20221025.181027_amd64.deb ...
Unpacking ros-melodic-rosconsole-bridge (0.5.3-0bionic.20221025.181027) ...
Selecting previously unselected package ros-melodic-urdf.
Preparing to unpack .../0846-ros-melodic-urdf_1.13.2-1bionic.20221025.184459_amd64.deb ...
Unpacking ros-melodic-urdf (1.13.2-1bionic.20221025.184459) ...
Selecting previously unselected package ros-melodic-diff-drive-controller.
Preparing to unpack .../0847-ros-melodic-diff-drive-controller_0.17.3-1bionic.20230524.155755_amd64.deb ...
Unpacking ros-melodic-diff-drive-controller (0.17.3-1bionic.20230524.155755) ...
Selecting previously unselected package ros-melodic-smach.
Preparing to unpack .../0848-ros-melodic-smach_2.0.3-1bionic.20230620.174247_amd64.deb ...
Unpacking ros-melodic-smach (2.0.3-1bionic.20230620.174247) ...
Selecting previously unselected package ros-melodic-smach-msgs.
Preparing to unpack .../0849-ros-melodic-smach-msgs_2.0.3-1bionic.20230620.174430_amd64.deb ...
Unpacking ros-melodic-smach-msgs (2.0.3-1bionic.20230620.174430) ...
Selecting previously unselected package ros-melodic-smach-ros.
Preparing to unpack .../0850-ros-melodic-smach-ros_2.0.3-1bionic.20230620.174705_amd64.deb ...
Unpacking ros-melodic-smach-ros (2.0.3-1bionic.20230620.174705) ...
Selecting previously unselected package ros-melodic-executive-smach.
Preparing to unpack .../0851-ros-melodic-executive-smach_2.0.3-1bionic.20230620.175122_amd64.deb ...
Unpacking ros-melodic-executive-smach (2.0.3-1bionic.20230620.175122) ...
Selecting previously unselected package ros-melodic-filters.
Preparing to unpack .../0852-ros-melodic-filters_1.8.3-1bionic.20221025.184439_amd64.deb ...
Unpacking ros-melodic-filters (1.8.3-1bionic.20221025.184439) ...
Selecting previously unselected package ros-melodic-forward-command-controller.
Preparing to unpack .../0853-ros-melodic-forward-command-controller_0.17.3-1bionic.20230131.222718_amd64.deb ...
Unpacking ros-melodic-forward-command-controller (0.17.3-1bionic.20230131.222718) ...
Selecting previously unselected package ros-melodic-gazebo-dev.
Preparing to unpack .../0854-ros-melodic-gazebo-dev_2.8.7-1bionic.20201015.050828_amd64.deb ...
Unpacking ros-melodic-gazebo-dev (2.8.7-1bionic.20201015.050828) ...
Selecting previously unselected package ros-melodic-gazebo-msgs.
Preparing to unpack .../0855-ros-melodic-gazebo-msgs_2.8.7-1bionic.20221025.190757_amd64.deb ...
Unpacking ros-melodic-gazebo-msgs (2.8.7-1bionic.20221025.190757) ...
Selecting previously unselected package ros-melodic-camera-calibration-parsers.
Preparing to unpack .../0856-ros-melodic-camera-calibration-parsers_1.11.13-0bionic.20221025.190030_amd64.deb ...
Unpacking ros-melodic-camera-calibration-parsers (1.11.13-0bionic.20221025.190030) ...
Selecting previously unselected package ros-melodic-camera-info-manager.
Preparing to unpack .../0857-ros-melodic-camera-info-manager_1.11.13-0bionic.20221025.190730_amd64.deb ...
Unpacking ros-melodic-camera-info-manager (1.11.13-0bionic.20221025.190730) ...
Selecting previously unselected package ros-melodic-gazebo-ros.
Preparing to unpack .../0858-ros-melodic-gazebo-ros_2.8.7-1bionic.20221025.195022_amd64.deb ...
Unpacking ros-melodic-gazebo-ros (2.8.7-1bionic.20221025.195022) ...
Selecting previously unselected package ros-melodic-polled-camera.
Preparing to unpack .../0859-ros-melodic-polled-camera_1.11.13-0bionic.20221025.190753_amd64.deb ...
Unpacking ros-melodic-polled-camera (1.11.13-0bionic.20221025.190753) ...
Selecting previously unselected package ros-melodic-gazebo-plugins.
Preparing to unpack .../0860-ros-melodic-gazebo-plugins_2.8.7-1bionic.20221025.195709_amd64.deb ...
Unpacking ros-melodic-gazebo-plugins (2.8.7-1bionic.20221025.195709) ...
Selecting previously unselected package ros-melodic-joint-limits-interface.
Preparing to unpack .../0861-ros-melodic-joint-limits-interface_0.18.4-1bionic.20221025.185031_amd64.deb ...
Unpacking ros-melodic-joint-limits-interface (0.18.4-1bionic.20221025.185031) ...
Selecting previously unselected package ros-melodic-transmission-interface.
Preparing to unpack .../0862-ros-melodic-transmission-interface_0.18.4-1bionic.20221025.182629_amd64.deb ...
Unpacking ros-melodic-transmission-interface (0.18.4-1bionic.20221025.182629) ...
Selecting previously unselected package ros-melodic-gazebo-ros-control.
Preparing to unpack .../0863-ros-melodic-gazebo-ros-control_2.8.7-1bionic.20221025.202747_amd64.deb ...
Unpacking ros-melodic-gazebo-ros-control (2.8.7-1bionic.20221025.202747) ...
Selecting previously unselected package ros-melodic-gazebo-ros-pkgs.
Preparing to unpack .../0864-ros-melodic-gazebo-ros-pkgs_2.8.7-1bionic.20221025.201835_amd64.deb ...
Unpacking ros-melodic-gazebo-ros-pkgs (2.8.7-1bionic.20221025.201835) ...
Selecting previously unselected package ros-melodic-kdl-conversions.
Preparing to unpack .../0865-ros-melodic-kdl-conversions_1.12.1-1bionic.20221025.180803_amd64.deb ...
Unpacking ros-melodic-kdl-conversions (1.12.1-1bionic.20221025.180803) ...
Selecting previously unselected package ros-melodic-python-orocos-kdl.
Preparing to unpack .../0866-ros-melodic-python-orocos-kdl_1.4.0-0bionic.20201017.032955_amd64.deb ...
Unpacking ros-melodic-python-orocos-kdl (1.4.0-0bionic.20201017.032955) ...
Selecting previously unselected package ros-melodic-tf-conversions.
Preparing to unpack .../0867-ros-melodic-tf-conversions_1.12.1-1bionic.20221025.203221_amd64.deb ...
Unpacking ros-melodic-tf-conversions (1.12.1-1bionic.20221025.203221) ...
Selecting previously unselected package ros-melodic-geometry.
Preparing to unpack .../0868-ros-melodic-geometry_1.12.1-1bionic.20221025.204822_amd64.deb ...
Unpacking ros-melodic-geometry (1.12.1-1bionic.20221025.204822) ...
Selecting previously unselected package ros-melodic-nodelet-topic-tools.
Preparing to unpack .../0869-ros-melodic-nodelet-topic-tools_1.9.16-0bionic.20221025.192652_amd64.deb ...
Unpacking ros-melodic-nodelet-topic-tools (1.9.16-0bionic.20221025.192652) ...
Selecting previously unselected package ros-melodic-image-proc.
Preparing to unpack .../0870-ros-melodic-image-proc_1.15.2-1bionic.20221025.192934_amd64.deb ...
Unpacking ros-melodic-image-proc (1.15.2-1bionic.20221025.192934) ...
Selecting previously unselected package ros-melodic-image-publisher.
Preparing to unpack .../0871-ros-melodic-image-publisher_1.15.2-1bionic.20221025.192336_amd64.deb ...
Unpacking ros-melodic-image-publisher (1.15.2-1bionic.20221025.192336) ...
Selecting previously unselected package ros-melodic-tf2-geometry-msgs.
Preparing to unpack .../0872-ros-melodic-tf2-geometry-msgs_0.6.5-0bionic.20221025.203000_amd64.deb ...
Unpacking ros-melodic-tf2-geometry-msgs (0.6.5-0bionic.20221025.203000) ...
Selecting previously unselected package ros-melodic-image-rotate.
Preparing to unpack .../0873-ros-melodic-image-rotate_1.15.2-1bionic.20221025.204254_amd64.deb ...
Unpacking ros-melodic-image-rotate (1.15.2-1bionic.20221025.204254) ...
Selecting previously unselected package ros-melodic-image-view.
Preparing to unpack .../0874-ros-melodic-image-view_1.15.2-1bionic.20221025.192347_amd64.deb ...
Unpacking ros-melodic-image-view (1.15.2-1bionic.20221025.192347) ...
Selecting previously unselected package ros-melodic-stereo-image-proc.
Preparing to unpack .../0875-ros-melodic-stereo-image-proc_1.15.2-1bionic.20221025.200906_amd64.deb ...
Unpacking ros-melodic-stereo-image-proc (1.15.2-1bionic.20221025.200906) ...
Selecting previously unselected package ros-melodic-image-pipeline.
Preparing to unpack .../0876-ros-melodic-image-pipeline_1.15.2-1bionic.20221025.211051_amd64.deb ...
Unpacking ros-melodic-image-pipeline (1.15.2-1bionic.20221025.211051) ...
Selecting previously unselected package ros-melodic-theora-image-transport.
Preparing to unpack .../0877-ros-melodic-theora-image-transport_1.9.6-1bionic.20230202.200013_amd64.deb ...
Unpacking ros-melodic-theora-image-transport (1.9.6-1bionic.20230202.200013) ...
Selecting previously unselected package ros-melodic-image-transport-plugins.
Preparing to unpack .../0878-ros-melodic-image-transport-plugins_1.9.6-1bionic.20230202.201403_amd64.deb ...
Unpacking ros-melodic-image-transport-plugins (1.9.6-1bionic.20230202.201403) ...
Selecting previously unselected package ros-melodic-interactive-markers.
Preparing to unpack .../0879-ros-melodic-interactive-markers_1.11.5-1bionic.20221025.194647_amd64.deb ...
Unpacking ros-melodic-interactive-markers (1.11.5-1bionic.20221025.194647) ...
Selecting previously unselected package ros-melodic-interactive-marker-tutorials.
Preparing to unpack .../0880-ros-melodic-interactive-marker-tutorials_0.10.5-1bionic.20221025.195102_amd64.deb ...
Unpacking ros-melodic-interactive-marker-tutorials (0.10.5-1bionic.20221025.195102) ...
Selecting previously unselected package ros-melodic-joint-state-controller.
Preparing to unpack .../0881-ros-melodic-joint-state-controller_0.17.3-1bionic.20230131.222942_amd64.deb ...
Unpacking ros-melodic-joint-state-controller (0.17.3-1bionic.20230131.222942) ...
Selecting previously unselected package ros-melodic-joint-state-publisher.
Preparing to unpack .../0882-ros-melodic-joint-state-publisher_1.12.15-1bionic.20221025.190845_amd64.deb ...
Unpacking ros-melodic-joint-state-publisher (1.12.15-1bionic.20221025.190845) ...
Selecting previously unselected package ros-melodic-kdl-parser.
Preparing to unpack .../0883-ros-melodic-kdl-parser_1.13.3-1bionic.20221025.184847_amd64.deb ...
Unpacking ros-melodic-kdl-parser (1.13.3-1bionic.20221025.184847) ...
Selecting previously unselected package ros-melodic-urdfdom-py.
Preparing to unpack .../0884-ros-melodic-urdfdom-py_0.4.6-1bionic.20221025.183413_amd64.deb ...
Unpacking ros-melodic-urdfdom-py (0.4.6-1bionic.20221025.183413) ...
Selecting previously unselected package ros-melodic-kdl-parser-py.
Preparing to unpack .../0885-ros-melodic-kdl-parser-py_1.13.3-1bionic.20221025.184119_amd64.deb ...
Unpacking ros-melodic-kdl-parser-py (1.13.3-1bionic.20221025.184119) ...
Selecting previously unselected package ros-melodic-laser-geometry.
Preparing to unpack .../0886-ros-melodic-laser-geometry_1.6.7-1bionic.20221025.204812_amd64.deb ...
Unpacking ros-melodic-laser-geometry (1.6.7-1bionic.20221025.204812) ...
Selecting previously unselected package ros-melodic-laser-filters.
Preparing to unpack .../0887-ros-melodic-laser-filters_1.8.12-1bionic.20221025.205337_amd64.deb ...
Unpacking ros-melodic-laser-filters (1.8.12-1bionic.20221025.205337) ...
Selecting previously unselected package libassimp4:amd64.
Preparing to unpack .../0888-libassimp4_4.1.0~dfsg-3_amd64.deb ...
Unpacking libassimp4:amd64 (4.1.0~dfsg-3) ...
Selecting previously unselected package libassimp-dev:amd64.
Preparing to unpack .../0889-libassimp-dev_4.1.0~dfsg-3_amd64.deb ...
Unpacking libassimp-dev:amd64 (4.1.0~dfsg-3) ...
Selecting previously unselected package ros-melodic-map-msgs.
Preparing to unpack .../0890-ros-melodic-map-msgs_1.14.1-1bionic.20221025.191218_amd64.deb ...
Unpacking ros-melodic-map-msgs (1.14.1-1bionic.20221025.191218) ...
Selecting previously unselected package ros-melodic-media-export.
Preparing to unpack .../0891-ros-melodic-media-export_0.3.0-1bionic.20201017.230652_amd64.deb ...
Unpacking ros-melodic-media-export (0.3.0-1bionic.20201017.230652) ...
Selecting previously unselected package ros-melodic-python-qt-binding.
Preparing to unpack .../0892-ros-melodic-python-qt-binding_0.4.4-1bionic.20221025.180602_amd64.deb ...
Unpacking ros-melodic-python-qt-binding (0.4.4-1bionic.20221025.180602) ...
Selecting previously unselected package ros-melodic-resource-retriever.
Preparing to unpack .../0893-ros-melodic-resource-retriever_1.12.7-1bionic.20221025.181028_amd64.deb ...
Unpacking ros-melodic-resource-retriever (1.12.7-1bionic.20221025.181028) ...
Selecting previously unselected package ros-melodic-rviz.
Preparing to unpack .../0894-ros-melodic-rviz_1.13.30-1bionic.20230330.122332_amd64.deb ...
Unpacking ros-melodic-rviz (1.13.30-1bionic.20230330.122332) ...
Selecting previously unselected package ros-melodic-librviz-tutorial.
Preparing to unpack .../0895-ros-melodic-librviz-tutorial_0.10.5-1bionic.20230330.133535_amd64.deb ...
Unpacking ros-melodic-librviz-tutorial (0.10.5-1bionic.20230330.133535) ...
Selecting previously unselected package ros-melodic-mk.
Preparing to unpack .../0896-ros-melodic-mk_1.14.9-1bionic.20221025.180548_amd64.deb ...
Unpacking ros-melodic-mk (1.14.9-1bionic.20221025.180548) ...
Selecting previously unselected package libpcl-common1.8:amd64.
Preparing to unpack .../0897-libpcl-common1.8_1.8.1+dfsg1-2ubuntu2.18.04.1_amd64.deb ...
Unpacking libpcl-common1.8:amd64 (1.8.1+dfsg1-2ubuntu2.18.04.1) ...
Selecting previously unselected package libpcl-kdtree1.8:amd64.
Preparing to unpack .../0898-libpcl-kdtree1.8_1.8.1+dfsg1-2ubuntu2.18.04.1_amd64.deb ...
Unpacking libpcl-kdtree1.8:amd64 (1.8.1+dfsg1-2ubuntu2.18.04.1) ...
Selecting previously unselected package libpcl-octree1.8:amd64.
Preparing to unpack .../0899-libpcl-octree1.8_1.8.1+dfsg1-2ubuntu2.18.04.1_amd64.deb ...
Unpacking libpcl-octree1.8:amd64 (1.8.1+dfsg1-2ubuntu2.18.04.1) ...
Selecting previously unselected package libpcl-sample-consensus1.8:amd64.
Preparing to unpack .../0900-libpcl-sample-consensus1.8_1.8.1+dfsg1-2ubuntu2.18.04.1_amd64.deb ...
Unpacking libpcl-sample-consensus1.8:amd64 (1.8.1+dfsg1-2ubuntu2.18.04.1) ...
Selecting previously unselected package libpcl-search1.8:amd64.
Preparing to unpack .../0901-libpcl-search1.8_1.8.1+dfsg1-2ubuntu2.18.04.1_amd64.deb ...
Unpacking libpcl-search1.8:amd64 (1.8.1+dfsg1-2ubuntu2.18.04.1) ...
Selecting previously unselected package libpcl-filters1.8:amd64.
Preparing to unpack .../0902-libpcl-filters1.8_1.8.1+dfsg1-2ubuntu2.18.04.1_amd64.deb ...
Unpacking libpcl-filters1.8:amd64 (1.8.1+dfsg1-2ubuntu2.18.04.1) ...
Selecting previously unselected package libpcl-features1.8:amd64.
Preparing to unpack .../0903-libpcl-features1.8_1.8.1+dfsg1-2ubuntu2.18.04.1_amd64.deb ...
Unpacking libpcl-features1.8:amd64 (1.8.1+dfsg1-2ubuntu2.18.04.1) ...
Selecting previously unselected package libpcl-ml1.8:amd64.
Preparing to unpack .../0904-libpcl-ml1.8_1.8.1+dfsg1-2ubuntu2.18.04.1_amd64.deb ...
Unpacking libpcl-ml1.8:amd64 (1.8.1+dfsg1-2ubuntu2.18.04.1) ...
Selecting previously unselected package libpcl-segmentation1.8:amd64.
Preparing to unpack .../0905-libpcl-segmentation1.8_1.8.1+dfsg1-2ubuntu2.18.04.1_amd64.deb ...
Unpacking libpcl-segmentation1.8:amd64 (1.8.1+dfsg1-2ubuntu2.18.04.1) ...
Selecting previously unselected package libpcl-surface1.8:amd64.
Preparing to unpack .../0906-libpcl-surface1.8_1.8.1+dfsg1-2ubuntu2.18.04.1_amd64.deb ...
Unpacking libpcl-surface1.8:amd64 (1.8.1+dfsg1-2ubuntu2.18.04.1) ...
Selecting previously unselected package libpcl-apps1.8:amd64.
Preparing to unpack .../0907-libpcl-apps1.8_1.8.1+dfsg1-2ubuntu2.18.04.1_amd64.deb ...
Unpacking libpcl-apps1.8:amd64 (1.8.1+dfsg1-2ubuntu2.18.04.1) ...
Selecting previously unselected package libpcl-io1.8:amd64.
Preparing to unpack .../0908-libpcl-io1.8_1.8.1+dfsg1-2ubuntu2.18.04.1_amd64.deb ...
Unpacking libpcl-io1.8:amd64 (1.8.1+dfsg1-2ubuntu2.18.04.1) ...
Selecting previously unselected package libpcl-keypoints1.8:amd64.
Preparing to unpack .../0909-libpcl-keypoints1.8_1.8.1+dfsg1-2ubuntu2.18.04.1_amd64.deb ...
Unpacking libpcl-keypoints1.8:amd64 (1.8.1+dfsg1-2ubuntu2.18.04.1) ...
Selecting previously unselected package libpcl-outofcore1.8:amd64.
Preparing to unpack .../0910-libpcl-outofcore1.8_1.8.1+dfsg1-2ubuntu2.18.04.1_amd64.deb ...
Unpacking libpcl-outofcore1.8:amd64 (1.8.1+dfsg1-2ubuntu2.18.04.1) ...
Selecting previously unselected package libpcl-people1.8:amd64.
Preparing to unpack .../0911-libpcl-people1.8_1.8.1+dfsg1-2ubuntu2.18.04.1_amd64.deb ...
Unpacking libpcl-people1.8:amd64 (1.8.1+dfsg1-2ubuntu2.18.04.1) ...
Selecting previously unselected package libpcl-recognition1.8:amd64.
Preparing to unpack .../0912-libpcl-recognition1.8_1.8.1+dfsg1-2ubuntu2.18.04.1_amd64.deb ...
Unpacking libpcl-recognition1.8:amd64 (1.8.1+dfsg1-2ubuntu2.18.04.1) ...
Selecting previously unselected package libpcl-registration1.8:amd64.
Preparing to unpack .../0913-libpcl-registration1.8_1.8.1+dfsg1-2ubuntu2.18.04.1_amd64.deb ...
Unpacking libpcl-registration1.8:amd64 (1.8.1+dfsg1-2ubuntu2.18.04.1) ...
Selecting previously unselected package libpcl-stereo1.8:amd64.
Preparing to unpack .../0914-libpcl-stereo1.8_1.8.1+dfsg1-2ubuntu2.18.04.1_amd64.deb ...
Unpacking libpcl-stereo1.8:amd64 (1.8.1+dfsg1-2ubuntu2.18.04.1) ...
Selecting previously unselected package libpcl-tracking1.8:amd64.
Preparing to unpack .../0915-libpcl-tracking1.8_1.8.1+dfsg1-2ubuntu2.18.04.1_amd64.deb ...
Unpacking libpcl-tracking1.8:amd64 (1.8.1+dfsg1-2ubuntu2.18.04.1) ...
Selecting previously unselected package libpcl-visualization1.8:amd64.
Preparing to unpack .../0916-libpcl-visualization1.8_1.8.1+dfsg1-2ubuntu2.18.04.1_amd64.deb ...
Unpacking libpcl-visualization1.8:amd64 (1.8.1+dfsg1-2ubuntu2.18.04.1) ...
Selecting previously unselected package libpcl-dev.
Preparing to unpack .../0917-libpcl-dev_1.8.1+dfsg1-2ubuntu2.18.04.1_amd64.deb ...
Unpacking libpcl-dev (1.8.1+dfsg1-2ubuntu2.18.04.1) ...
Selecting previously unselected package ros-melodic-pcl-msgs.
Preparing to unpack .../0918-ros-melodic-pcl-msgs_0.2.0-0bionic.20221025.191509_amd64.deb ...
Unpacking ros-melodic-pcl-msgs (0.2.0-0bionic.20221025.191509) ...
Selecting previously unselected package ros-melodic-pcl-conversions.
Preparing to unpack .../0919-ros-melodic-pcl-conversions_1.7.4-1bionic.20221025.191702_amd64.deb ...
Unpacking ros-melodic-pcl-conversions (1.7.4-1bionic.20221025.191702) ...
Selecting previously unselected package ros-melodic-tf2-eigen.
Preparing to unpack .../0920-ros-melodic-tf2-eigen_0.6.5-0bionic.20221025.181036_amd64.deb ...
Unpacking ros-melodic-tf2-eigen (0.6.5-0bionic.20221025.181036) ...
Selecting previously unselected package ros-melodic-pcl-ros.
Preparing to unpack .../0921-ros-melodic-pcl-ros_1.7.4-1bionic.20221025.193359_amd64.deb ...
Unpacking ros-melodic-pcl-ros (1.7.4-1bionic.20221025.193359) ...
Selecting previously unselected package ros-melodic-perception-pcl.
Preparing to unpack .../0922-ros-melodic-perception-pcl_1.7.4-1bionic.20221025.202007_amd64.deb ...
Unpacking ros-melodic-perception-pcl (1.7.4-1bionic.20221025.202007) ...
Selecting previously unselected package ros-melodic-position-controllers.
Preparing to unpack .../0923-ros-melodic-position-controllers_0.17.3-1bionic.20230131.223210_amd64.deb ...
Unpacking ros-melodic-position-controllers (0.17.3-1bionic.20230131.223210) ...
Selecting previously unselected package ros-melodic-qt-dotgraph.
Preparing to unpack .../0924-ros-melodic-qt-dotgraph_0.4.2-1bionic.20221025.181036_amd64.deb ...
Unpacking ros-melodic-qt-dotgraph (0.4.2-1bionic.20221025.181036) ...
Selecting previously unselected package tango-icon-theme.
Preparing to unpack .../0925-tango-icon-theme_0.8.90-7_all.deb ...
Unpacking tango-icon-theme (0.8.90-7) ...
Selecting previously unselected package ros-melodic-qt-gui.
Preparing to unpack .../0926-ros-melodic-qt-gui_0.4.2-1bionic.20221025.181049_amd64.deb ...
Unpacking ros-melodic-qt-gui (0.4.2-1bionic.20221025.181049) ...
Selecting previously unselected package ros-melodic-qt-gui-cpp.
Preparing to unpack .../0927-ros-melodic-qt-gui-cpp_0.4.2-1bionic.20221025.182102_amd64.deb ...
Unpacking ros-melodic-qt-gui-cpp (0.4.2-1bionic.20221025.182102) ...
Selecting previously unselected package ros-melodic-qt-gui-py-common.
Preparing to unpack .../0928-ros-melodic-qt-gui-py-common_0.4.2-1bionic.20221025.181052_amd64.deb ...
Unpacking ros-melodic-qt-gui-py-common (0.4.2-1bionic.20221025.181052) ...
Selecting previously unselected package ros-melodic-tf2-kdl.
Preparing to unpack .../0929-ros-melodic-tf2-kdl_0.6.5-0bionic.20221025.202954_amd64.deb ...
Unpacking ros-melodic-tf2-kdl (0.6.5-0bionic.20221025.202954) ...
Selecting previously unselected package ros-melodic-robot-state-publisher.
Preparing to unpack .../0930-ros-melodic-robot-state-publisher_1.14.1-1bionic.20221025.203320_amd64.deb ...
Unpacking ros-melodic-robot-state-publisher (1.14.1-1bionic.20221025.203320) ...
Selecting previously unselected package ros-melodic-rosbash.
Preparing to unpack .../0931-ros-melodic-rosbash_1.14.9-1bionic.20201016.105914_amd64.deb ...
Unpacking ros-melodic-rosbash (1.14.9-1bionic.20201016.105914) ...
Selecting previously unselected package ros-melodic-rosboost-cfg.
Preparing to unpack .../0932-ros-melodic-rosboost-cfg_1.14.9-1bionic.20201015.020311_amd64.deb ...
Unpacking ros-melodic-rosboost-cfg (1.14.9-1bionic.20201015.020311) ...
Selecting previously unselected package ros-melodic-roscreate.
Preparing to unpack .../0933-ros-melodic-roscreate_1.14.9-1bionic.20201017.031701_amd64.deb ...
Unpacking ros-melodic-roscreate (1.14.9-1bionic.20201017.031701) ...
Selecting previously unselected package ros-melodic-roslang.
Preparing to unpack .../0934-ros-melodic-roslang_1.14.9-1bionic.20221025.174015_amd64.deb ...
Unpacking ros-melodic-roslang (1.14.9-1bionic.20221025.174015) ...
Selecting previously unselected package ros-melodic-rosmake.
Preparing to unpack .../0935-ros-melodic-rosmake_1.14.9-1bionic.20201015.052555_amd64.deb ...
Unpacking ros-melodic-rosmake (1.14.9-1bionic.20201015.052555) ...
Selecting previously unselected package ros-melodic-ros.
Preparing to unpack .../0936-ros-melodic-ros_1.14.9-1bionic.20221025.180622_amd64.deb ...
Unpacking ros-melodic-ros (1.14.9-1bionic.20221025.180622) ...
Selecting previously unselected package sbcl.
Preparing to unpack .../0937-sbcl_2%3a1.4.5-1_amd64.deb ...
Unpacking sbcl (2:1.4.5-1) ...
Selecting previously unselected package ros-melodic-roslisp.
Preparing to unpack .../0938-ros-melodic-roslisp_1.9.25-1bionic.20230215.205200_amd64.deb ...
Unpacking ros-melodic-roslisp (1.9.25-1bionic.20230215.205200) ...
Selecting previously unselected package ros-melodic-ros-comm.
Preparing to unpack .../0939-ros-melodic-ros-comm_1.14.13-1bionic.20230215.205508_amd64.deb ...
Unpacking ros-melodic-ros-comm (1.14.13-1bionic.20230215.205508) ...
Selecting previously unselected package ros-melodic-roscpp-tutorials.
Preparing to unpack .../0940-ros-melodic-roscpp-tutorials_0.9.3-1bionic.20221025.182724_amd64.deb ...
Unpacking ros-melodic-roscpp-tutorials (0.9.3-1bionic.20221025.182724) ...
Selecting previously unselected package ros-melodic-rospy-tutorials.
Preparing to unpack .../0941-ros-melodic-rospy-tutorials_0.9.3-1bionic.20221025.184810_amd64.deb ...
Unpacking ros-melodic-rospy-tutorials (0.9.3-1bionic.20221025.184810) ...
Selecting previously unselected package ros-melodic-turtlesim.
Preparing to unpack .../0942-ros-melodic-turtlesim_0.9.3-1bionic.20221025.183010_amd64.deb ...
Unpacking ros-melodic-turtlesim (0.9.3-1bionic.20221025.183010) ...
Selecting previously unselected package ros-melodic-ros-tutorials.
Preparing to unpack .../0943-ros-melodic-ros-tutorials_0.9.3-1bionic.20221025.185118_amd64.deb ...
Unpacking ros-melodic-ros-tutorials (0.9.3-1bionic.20221025.185118) ...
Selecting previously unselected package ros-melodic-roscpp-core.
Preparing to unpack .../0944-ros-melodic-roscpp-core_0.6.14-1bionic.20200801.065849_amd64.deb ...
Unpacking ros-melodic-roscpp-core (0.6.14-1bionic.20200801.065849) ...
Selecting previously unselected package ros-melodic-rqt-gui.
Preparing to unpack .../0945-ros-melodic-rqt-gui_0.5.3-1bionic.20221025.183139_amd64.deb ...
Unpacking ros-melodic-rqt-gui (0.5.3-1bionic.20221025.183139) ...
Selecting previously unselected package ros-melodic-rqt-gui-py.
Preparing to unpack .../0946-ros-melodic-rqt-gui-py_0.5.3-1bionic.20221025.183400_amd64.deb ...
Unpacking ros-melodic-rqt-gui-py (0.5.3-1bionic.20221025.183400) ...
Selecting previously unselected package ros-melodic-rqt-bag.
Preparing to unpack .../0947-ros-melodic-rqt-bag_0.5.1-1bionic.20221025.192047_amd64.deb ...
Unpacking ros-melodic-rqt-bag (0.5.1-1bionic.20221025.192047) ...
Selecting previously unselected package ros-melodic-qwt-dependency.
Preparing to unpack .../0948-ros-melodic-qwt-dependency_1.1.0-0bionic.20200801.023248_amd64.deb ...
Unpacking ros-melodic-qwt-dependency (1.1.0-0bionic.20200801.023248) ...
Selecting previously unselected package ros-melodic-rqt-py-common.
Preparing to unpack .../0949-ros-melodic-rqt-py-common_0.5.3-1bionic.20221025.191043_amd64.deb ...
Unpacking ros-melodic-rqt-py-common (0.5.3-1bionic.20221025.191043) ...
Selecting previously unselected package ros-melodic-rqt-plot.
Preparing to unpack .../0950-ros-melodic-rqt-plot_0.4.13-1bionic.20221025.191252_amd64.deb ...
Unpacking ros-melodic-rqt-plot (0.4.13-1bionic.20221025.191252) ...
Selecting previously unselected package ros-melodic-rqt-bag-plugins.
Preparing to unpack .../0951-ros-melodic-rqt-bag-plugins_0.5.1-1bionic.20221025.192147_amd64.deb ...
Unpacking ros-melodic-rqt-bag-plugins (0.5.1-1bionic.20221025.192147) ...
Selecting previously unselected package ros-melodic-rqt-logger-level.
Preparing to unpack .../0952-ros-melodic-rqt-logger-level_0.4.8-0bionic.20221025.191921_amd64.deb ...
Unpacking ros-melodic-rqt-logger-level (0.4.8-0bionic.20221025.191921) ...
Selecting previously unselected package ros-melodic-rqt-console.
Preparing to unpack .../0953-ros-melodic-rqt-console_0.4.9-1bionic.20221025.201935_amd64.deb ...
Unpacking ros-melodic-rqt-console (0.4.9-1bionic.20221025.201935) ...
Selecting previously unselected package ros-melodic-rqt-graph.
Preparing to unpack .../0954-ros-melodic-rqt-graph_0.4.11-1bionic.20221025.190621_amd64.deb ...
Unpacking ros-melodic-rqt-graph (0.4.11-1bionic.20221025.190621) ...
Selecting previously unselected package ros-melodic-rqt-gui-cpp.
Preparing to unpack .../0955-ros-melodic-rqt-gui-cpp_0.5.3-1bionic.20221025.183139_amd64.deb ...
Unpacking ros-melodic-rqt-gui-cpp (0.5.3-1bionic.20221025.183139) ...
Selecting previously unselected package ros-melodic-rqt-image-view.
Preparing to unpack .../0956-ros-melodic-rqt-image-view_0.4.17-1bionic.20230314.193026_amd64.deb ...
Unpacking ros-melodic-rqt-image-view (0.4.17-1bionic.20230314.193026) ...
Selecting previously unselected package ros-melodic-rqt-topic.
Preparing to unpack .../0957-ros-melodic-rqt-topic_0.4.11-1bionic.20221025.190308_amd64.deb ...
Unpacking ros-melodic-rqt-topic (0.4.11-1bionic.20221025.190308) ...
Selecting previously unselected package ros-melodic-rqt-moveit.
Preparing to unpack .../0958-ros-melodic-rqt-moveit_0.5.10-1bionic.20221025.191244_amd64.deb ...
Unpacking ros-melodic-rqt-moveit (0.5.10-1bionic.20221025.191244) ...
Selecting previously unselected package ros-melodic-rqt-reconfigure.
Preparing to unpack .../0959-ros-melodic-rqt-reconfigure_0.5.4-1bionic.20221025.202046_amd64.deb ...
Unpacking ros-melodic-rqt-reconfigure (0.5.4-1bionic.20221025.202046) ...
Selecting previously unselected package ros-melodic-rqt-robot-monitor.
Preparing to unpack .../0960-ros-melodic-rqt-robot-monitor_0.5.14-1bionic.20221025.201921_amd64.deb ...
Unpacking ros-melodic-rqt-robot-monitor (0.5.14-1bionic.20221025.201921) ...
Selecting previously unselected package ros-melodic-rqt-robot-steering.
Preparing to unpack .../0961-ros-melodic-rqt-robot-steering_0.5.10-1bionic.20221025.190300_amd64.deb ...
Unpacking ros-melodic-rqt-robot-steering (0.5.10-1bionic.20221025.190300) ...
Selecting previously unselected package ros-melodic-rqt-rviz.
Preparing to unpack .../0962-ros-melodic-rqt-rviz_0.7.0-1bionic.20230330.133614_amd64.deb ...
Unpacking ros-melodic-rqt-rviz (0.7.0-1bionic.20230330.133614) ...
Selecting previously unselected package ros-melodic-rviz-plugin-tutorials.
Preparing to unpack .../0963-ros-melodic-rviz-plugin-tutorials_0.10.5-1bionic.20230330.133655_amd64.deb ...
Unpacking ros-melodic-rviz-plugin-tutorials (0.10.5-1bionic.20230330.133655) ...
Selecting previously unselected package ros-melodic-rviz-python-tutorial.
Preparing to unpack .../0964-ros-melodic-rviz-python-tutorial_0.10.5-1bionic.20230330.133717_amd64.deb ...
Unpacking ros-melodic-rviz-python-tutorial (0.10.5-1bionic.20230330.133717) ...
Selecting previously unselected package ros-melodic-urdf-parser-plugin.
Preparing to unpack .../0965-ros-melodic-urdf-parser-plugin_1.13.2-1bionic.20200801.033902_amd64.deb ...
Unpacking ros-melodic-urdf-parser-plugin (1.13.2-1bionic.20200801.033902) ...
Selecting previously unselected package ros-melodic-vision-opencv.
Preparing to unpack .../0966-ros-melodic-vision-opencv_1.13.1-1bionic.20221025.192133_amd64.deb ...
Unpacking ros-melodic-vision-opencv (1.13.1-1bionic.20221025.192133) ...
Selecting previously unselected package ros-melodic-visualization-marker-tutorials.
Preparing to unpack .../0967-ros-melodic-visualization-marker-tutorials_0.10.5-1bionic.20221025.183055_amd64.deb ...
Unpacking ros-melodic-visualization-marker-tutorials (0.10.5-1bionic.20221025.183055) ...
Selecting previously unselected package ros-melodic-visualization-tutorials.
Preparing to unpack .../0968-ros-melodic-visualization-tutorials_0.10.5-1bionic.20230330.134144_amd64.deb ...
Unpacking ros-melodic-visualization-tutorials (0.10.5-1bionic.20230330.134144) ...
Selecting previously unselected package ros-melodic-xacro.
Preparing to unpack .../0969-ros-melodic-xacro_1.13.20-1bionic.20230524.154340_amd64.deb ...
Unpacking ros-melodic-xacro (1.13.20-1bionic.20230524.154340) ...
Selecting previously unselected package i965-va-driver:amd64.
Preparing to unpack .../0970-i965-va-driver_2.1.0-0ubuntu1_amd64.deb ...
Unpacking i965-va-driver:amd64 (2.1.0-0ubuntu1) ...
Selecting previously unselected package va-driver-all:amd64.
Preparing to unpack .../0971-va-driver-all_2.1.0-3_amd64.deb ...
Unpacking va-driver-all:amd64 (2.1.0-3) ...
Selecting previously unselected package vdpau-driver-all:amd64.
Preparing to unpack .../0972-vdpau-driver-all_1.1.1-3ubuntu1_amd64.deb ...
Unpacking vdpau-driver-all:amd64 (1.1.1-3ubuntu1) ...
Selecting previously unselected package proj-bin.
Preparing to unpack .../0973-proj-bin_4.9.3-2_amd64.deb ...
Unpacking proj-bin (4.9.3-2) ...
Selecting previously unselected package ros-melodic-actionlib-tutorials.
Preparing to unpack .../0974-ros-melodic-actionlib-tutorials_0.1.11-0bionic.20221025.192304_amd64.deb ...
Unpacking ros-melodic-actionlib-tutorials (0.1.11-0bionic.20221025.192304) ...
Selecting previously unselected package ros-melodic-cmake-modules.
Preparing to unpack .../0975-ros-melodic-cmake-modules_0.4.2-0bionic.20201015.021712_amd64.deb ...
Unpacking ros-melodic-cmake-modules (0.4.2-0bionic.20201015.021712) ...
Selecting previously unselected package ros-melodic-nodelet-tutorial-math.
Preparing to unpack .../0976-ros-melodic-nodelet-tutorial-math_0.1.11-0bionic.20221025.183146_amd64.deb ...
Unpacking ros-melodic-nodelet-tutorial-math (0.1.11-0bionic.20221025.183146) ...
Selecting previously unselected package ros-melodic-pluginlib-tutorials.
Preparing to unpack .../0977-ros-melodic-pluginlib-tutorials_0.1.11-0bionic.20221025.182323_amd64.deb ...
Unpacking ros-melodic-pluginlib-tutorials (0.1.11-0bionic.20221025.182323) ...
Selecting previously unselected package ros-melodic-turtle-actionlib.
Preparing to unpack .../0978-ros-melodic-turtle-actionlib_0.1.11-0bionic.20221025.201633_amd64.deb ...
Unpacking ros-melodic-turtle-actionlib (0.1.11-0bionic.20221025.201633) ...
Selecting previously unselected package ros-melodic-common-tutorials.
Preparing to unpack .../0979-ros-melodic-common-tutorials_0.1.11-0bionic.20221025.203037_amd64.deb ...
Unpacking ros-melodic-common-tutorials (0.1.11-0bionic.20221025.203037) ...
Selecting previously unselected package ros-melodic-turtle-tf.
Preparing to unpack .../0980-ros-melodic-turtle-tf_0.2.2-0bionic.20221025.194353_amd64.deb ...
Unpacking ros-melodic-turtle-tf (0.2.2-0bionic.20221025.194353) ...
Selecting previously unselected package ros-melodic-turtle-tf2.
Preparing to unpack .../0981-ros-melodic-turtle-tf2_0.2.2-0bionic.20221025.203031_amd64.deb ...
Unpacking ros-melodic-turtle-tf2 (0.2.2-0bionic.20221025.203031) ...
Selecting previously unselected package ros-melodic-geometry-tutorials.
Preparing to unpack .../0982-ros-melodic-geometry-tutorials_0.2.2-0bionic.20221025.203449_amd64.deb ...
Unpacking ros-melodic-geometry-tutorials (0.2.2-0bionic.20221025.203449) ...
Selecting previously unselected package ros-melodic-nodelet-core.
Preparing to unpack .../0983-ros-melodic-nodelet-core_1.9.16-0bionic.20221025.192934_amd64.deb ...
Unpacking ros-melodic-nodelet-core (1.9.16-0bionic.20221025.192934) ...
Selecting previously unselected package ros-melodic-ros-core.
Preparing to unpack .../0984-ros-melodic-ros-core_1.4.1-0bionic.20230215.205603_amd64.deb ...
Unpacking ros-melodic-ros-core (1.4.1-0bionic.20230215.205603) ...
Selecting previously unselected package ros-melodic-ros-base.
Preparing to unpack .../0985-ros-melodic-ros-base_1.4.1-0bionic.20230215.205719_amd64.deb ...
Unpacking ros-melodic-ros-base (1.4.1-0bionic.20230215.205719) ...
Selecting previously unselected package ros-melodic-robot.
Preparing to unpack .../0986-ros-melodic-robot_1.4.1-0bionic.20230620.175152_amd64.deb ...
Unpacking ros-melodic-robot (1.4.1-0bionic.20230620.175152) ...
Selecting previously unselected package ros-melodic-roslint.
Preparing to unpack .../0987-ros-melodic-roslint_0.11.2-0bionic.20200801.040407_amd64.deb ...
Unpacking ros-melodic-roslint (0.11.2-0bionic.20200801.040407) ...
Selecting previously unselected package ros-melodic-urdf-tutorial.
Preparing to unpack .../0988-ros-melodic-urdf-tutorial_0.4.0-0bionic.20230524.155441_amd64.deb ...
Unpacking ros-melodic-urdf-tutorial (0.4.0-0bionic.20230524.155441) ...
Selecting previously unselected package ros-melodic-rqt-msg.
Preparing to unpack .../0989-ros-melodic-rqt-msg_0.4.8-0bionic.20221025.202044_amd64.deb ...
Unpacking ros-melodic-rqt-msg (0.4.8-0bionic.20221025.202044) ...
Selecting previously unselected package ros-melodic-rqt-action.
Preparing to unpack .../0990-ros-melodic-rqt-action_0.4.9-0bionic.20221025.202142_amd64.deb ...
Unpacking ros-melodic-rqt-action (0.4.9-0bionic.20221025.202142) ...
Selecting previously unselected package ros-melodic-rqt-dep.
Preparing to unpack .../0991-ros-melodic-rqt-dep_0.4.9-0bionic.20221025.190705_amd64.deb ...
Unpacking ros-melodic-rqt-dep (0.4.9-0bionic.20221025.190705) ...
Selecting previously unselected package ros-melodic-rqt-launch.
Preparing to unpack .../0992-ros-melodic-rqt-launch_0.4.8-0bionic.20221025.202039_amd64.deb ...
Unpacking ros-melodic-rqt-launch (0.4.8-0bionic.20221025.202039) ...
Selecting previously unselected package ros-melodic-rqt-publisher.
Preparing to unpack .../0993-ros-melodic-rqt-publisher_0.4.8-0bionic.20221025.191257_amd64.deb ...
Unpacking ros-melodic-rqt-publisher (0.4.8-0bionic.20221025.191257) ...
Selecting previously unselected package ros-melodic-rqt-py-console.
Preparing to unpack .../0994-ros-melodic-rqt-py-console_0.4.8-0bionic.20221025.183903_amd64.deb ...
Unpacking ros-melodic-rqt-py-console (0.4.8-0bionic.20221025.183903) ...
Selecting previously unselected package ros-melodic-rqt-service-caller.
Preparing to unpack .../0995-ros-melodic-rqt-service-caller_0.4.8-0bionic.20221025.191327_amd64.deb ...
Unpacking ros-melodic-rqt-service-caller (0.4.8-0bionic.20221025.191327) ...
Selecting previously unselected package ros-melodic-rqt-shell.
Preparing to unpack .../0996-ros-melodic-rqt-shell_0.4.9-0bionic.20221025.183745_amd64.deb ...
Unpacking ros-melodic-rqt-shell (0.4.9-0bionic.20221025.183745) ...
Selecting previously unselected package ros-melodic-rqt-srv.
Preparing to unpack .../0997-ros-melodic-rqt-srv_0.4.8-0bionic.20221025.202148_amd64.deb ...
Unpacking ros-melodic-rqt-srv (0.4.8-0bionic.20221025.202148) ...
Selecting previously unselected package ros-melodic-rqt-top.
Preparing to unpack .../0998-ros-melodic-rqt-top_0.4.8-0bionic.20221025.183745_amd64.deb ...
Unpacking ros-melodic-rqt-top (0.4.8-0bionic.20221025.183745) ...
Selecting previously unselected package ros-melodic-webkit-dependency.
Preparing to unpack .../0999-ros-melodic-webkit-dependency_1.1.0-0bionic.20200801.040531_amd64.deb ...
Unpacking ros-melodic-webkit-dependency (1.1.0-0bionic.20200801.040531) ...
Selecting previously unselected package ros-melodic-rqt-web.
Preparing to unpack .../1000-ros-melodic-rqt-web_0.4.8-0bionic.20221025.183756_amd64.deb ...
Unpacking ros-melodic-rqt-web (0.4.8-0bionic.20221025.183756) ...
Selecting previously unselected package ros-melodic-rqt-common-plugins.
Preparing to unpack .../1001-ros-melodic-rqt-common-plugins_0.4.8-0bionic.20230314.193548_amd64.deb ...
Unpacking ros-melodic-rqt-common-plugins (0.4.8-0bionic.20230314.193548) ...
Selecting previously unselected package ros-melodic-rqt-nav-view.
Preparing to unpack .../1002-ros-melodic-rqt-nav-view_0.5.7-0bionic.20221025.195353_amd64.deb ...
Unpacking ros-melodic-rqt-nav-view (0.5.7-0bionic.20221025.195353) ...
Selecting previously unselected package ros-melodic-gl-dependency.
Preparing to unpack .../1003-ros-melodic-gl-dependency_1.1.0-0bionic.20200801.033702_amd64.deb ...
Unpacking ros-melodic-gl-dependency (1.1.0-0bionic.20200801.033702) ...
Selecting previously unselected package ros-melodic-rqt-pose-view.
Preparing to unpack .../1004-ros-melodic-rqt-pose-view_0.5.8-0bionic.20221025.195404_amd64.deb ...
Unpacking ros-melodic-rqt-pose-view (0.5.8-0bionic.20221025.195404) ...
Selecting previously unselected package ros-melodic-rqt-robot-dashboard.
Preparing to unpack .../1005-ros-melodic-rqt-robot-dashboard_0.5.7-0bionic.20221025.202046_amd64.deb ...
Unpacking ros-melodic-rqt-robot-dashboard (0.5.7-0bionic.20221025.202046) ...
Selecting previously unselected package ros-melodic-rqt-runtime-monitor.
Preparing to unpack .../1006-ros-melodic-rqt-runtime-monitor_0.5.7-0bionic.20221025.183755_amd64.deb ...
Unpacking ros-melodic-rqt-runtime-monitor (0.5.7-0bionic.20221025.183755) ...
Selecting previously unselected package ros-melodic-rqt-tf-tree.
Preparing to unpack .../1007-ros-melodic-rqt-tf-tree_0.6.0-0bionic.20221025.192804_amd64.deb ...
Unpacking ros-melodic-rqt-tf-tree (0.6.0-0bionic.20221025.192804) ...
Selecting previously unselected package ros-melodic-rqt-robot-plugins.
Preparing to unpack .../1008-ros-melodic-rqt-robot-plugins_0.5.7-0bionic.20230330.134125_amd64.deb ...
Unpacking ros-melodic-rqt-robot-plugins (0.5.7-0bionic.20230330.134125) ...
Selecting previously unselected package ros-melodic-viz.
Preparing to unpack .../1009-ros-melodic-viz_1.4.1-0bionic.20230330.134338_amd64.deb ...
Unpacking ros-melodic-viz (1.4.1-0bionic.20230330.134338) ...
Selecting previously unselected package ros-melodic-desktop.
Preparing to unpack .../1010-ros-melodic-desktop_1.4.1-0bionic.20230620.175232_amd64.deb ...
Unpacking ros-melodic-desktop (1.4.1-0bionic.20230620.175232) ...
Selecting previously unselected package ros-melodic-image-common.
Preparing to unpack .../1011-ros-melodic-image-common_1.11.13-0bionic.20221025.192050_amd64.deb ...
Unpacking ros-melodic-image-common (1.11.13-0bionic.20221025.192050) ...
Selecting previously unselected package ros-melodic-laser-assembler.
Preparing to unpack .../1012-ros-melodic-laser-assembler_1.7.7-2bionic.20221025.205224_amd64.deb ...
Unpacking ros-melodic-laser-assembler (1.7.7-2bionic.20221025.205224) ...
Selecting previously unselected package ros-melodic-laser-pipeline.
Preparing to unpack .../1013-ros-melodic-laser-pipeline_1.6.3-0bionic.20221025.214158_amd64.deb ...
Unpacking ros-melodic-laser-pipeline (1.6.3-0bionic.20221025.214158) ...
Selecting previously unselected package ros-melodic-perception.
Preparing to unpack .../1014-ros-melodic-perception_1.4.1-0bionic.20230215.210053_amd64.deb ...
Unpacking ros-melodic-perception (1.4.1-0bionic.20230215.210053) ...
Selecting previously unselected package ros-melodic-stage.
Preparing to unpack .../1015-ros-melodic-stage_4.3.0-0bionic.20201015.035745_amd64.deb ...
Unpacking ros-melodic-stage (4.3.0-0bionic.20201015.035745) ...
Selecting previously unselected package ros-melodic-stage-ros.
Preparing to unpack .../1016-ros-melodic-stage-ros_1.8.0-0bionic.20221025.194349_amd64.deb ...
Unpacking ros-melodic-stage-ros (1.8.0-0bionic.20221025.194349) ...
Selecting previously unselected package ros-melodic-simulators.
Preparing to unpack .../1017-ros-melodic-simulators_1.4.1-0bionic.20230620.175233_amd64.deb ...
Unpacking ros-melodic-simulators (1.4.1-0bionic.20230620.175233) ...
Selecting previously unselected package ros-melodic-urdf-sim-tutorial.
Preparing to unpack .../1018-ros-melodic-urdf-sim-tutorial_0.4.0-0bionic.20230524.160230_amd64.deb ...
Unpacking ros-melodic-urdf-sim-tutorial (0.4.0-0bionic.20230524.160230) ...
Selecting previously unselected package ros-melodic-desktop-full.
Preparing to unpack .../1019-ros-melodic-desktop-full_1.4.1-0bionic.20230620.175308_amd64.deb ...
Unpacking ros-melodic-desktop-full (1.4.1-0bionic.20230620.175308) ...
Setting up libquadmath0:amd64 (8.4.0-1ubuntu1~18.04) ...
Setting up gir1.2-gtk-2.0 (2.24.32-1ubuntu1) ...
Setting up libtinyxml2-6:amd64 (6.0.0+dfsg-1) ...
Setting up libminizip1:amd64 (1.1-8build1) ...
Setting up libxcb-xinerama0:amd64 (1.13-2~ubuntu18.04) ...
Setting up libjs-jquery (3.2.1-1) ...
Setting up libpcl-people1.8:amd64 (1.8.1+dfsg1-2ubuntu2.18.04.1) ...
Setting up libpgm-5.2-0:amd64 (5.2.122~dfsg-2) ...
Setting up libatomic1:amd64 (8.4.0-1ubuntu1~18.04) ...
Setting up libapr1:amd64 (1.6.3-2) ...
Setting up libraw1394-dev:amd64 (2.1.2-1) ...
Setting up binfmt-support (2.1.8-2) ...
Created symlink /etc/systemd/system/multi-user.target.wants/binfmt-support.service → /lib/systemd/system/binfmt-support.service.
Setting up libopengl0:amd64 (1.0.0-2ubuntu2.3) ...
Setting up libboost-container1.65.1:amd64 (1.65.1+dfsg-0ubuntu5) ...
Setting up freeglut3:amd64 (2.8.1-3) ...
Setting up libignition-cmake-dev:amd64 (0.4.0-1) ...
Setting up git-man (1:2.17.1-1ubuntu0.18) ...
Setting up libpathplan4 (2.40.1-2) ...
Setting up libgles1:amd64 (1.0.0-2ubuntu2.3) ...
Setting up libaec0:amd64 (0.3.2-2) ...
Setting up libexpat1:amd64 (2.2.5-3ubuntu0.9) ...
Setting up libicu60:amd64 (60.2-3ubuntu3.2) ...
Setting up libx264-152:amd64 (2:0.152.2854+gite9a5903-2) ...
Setting up make (4.1-9.1ubuntu1) ...
Setting up libflann1.9:amd64 (1.9.1+dfsg-2) ...
Setting up gazebo9-common (9.0.0+dfsg5-3ubuntu1+ppa2) ...
Setting up liblab-gamut1 (2.40.1-2) ...
Setting up libboost-stacktrace1.65.1:amd64 (1.65.1+dfsg-0ubuntu5) ...
Setting up libopenjp2-7:amd64 (2.3.0-2+deb10u2build0.18.04.1) ...
Setting up libxdot4 (2.40.1-2) ...
Setting up libc6-dbg:amd64 (2.27-3ubuntu1.6) ...
Setting up libturbojpeg:amd64 (1.5.2-0ubuntu5.18.04.6) ...
Setting up libqhull7:amd64 (2015.2-4) ...
Setting up libpcl-common1.8:amd64 (1.8.1+dfsg1-2ubuntu2.18.04.1) ...
Setting up libboost-python1.65.1 (1.65.1+dfsg-0ubuntu5) ...
Setting up libodbc1:amd64 (2.3.4-1.1ubuntu3) ...
Setting up libspnav0 (0.2.3-1) ...
Setting up libtinyxml2.6.2v5:amd64 (2.6.2-4) ...
Setting up hddtemp (0.3-beta15-53) ...
Setting up libjs-underscore (1.8.3~dfsg-1ubuntu0.1) ...
Setting up ros-melodic-roslint (0.11.2-0bionic.20200801.040407) ...
Setting up libdouble-conversion1:amd64 (2.0.1-4ubuntu1) ...
Setting up libopenni2-0 (2.2.0.33+dfsg-10) ...
Setting up libltdl-dev:amd64 (2.4.6-2) ...
Setting up po-debconf (1.0.20) ...
Setting up libsctp1:amd64 (1.0.17+dfsg-2) ...
Setting up libtinyxml-dev:amd64 (2.6.2-4) ...
Setting up qt5-qmake-bin (5.9.5+dfsg-0ubuntu2.6) ...
Setting up ttf-dejavu-core (2.37-1) ...
Setting up libasan4:amd64 (7.5.0-3ubuntu1~18.04) ...
Setting up libgfortran4:amd64 (7.5.0-3ubuntu1~18.04) ...
Setting up libilmbase-dev (2.2.0-11ubuntu2) ...
Setting up libxshmfence-dev:amd64 (1.3-1) ...
Setting up libpcl-sample-consensus1.8:amd64 (1.8.1+dfsg1-2ubuntu2.18.04.1) ...
Setting up liberror-perl (0.17025-1) ...
Setting up libusb-1.0-doc (2:1.0.21-2) ...
Setting up libopenmpt0:amd64 (0.3.6-1) ...
Setting up libjbig0:amd64 (2.1-3.1ubuntu0.18.04.1) ...
Setting up libsigsegv2:amd64 (2.12-1) ...
Setting up ros-melodic-qwt-dependency (1.1.0-0bionic.20200801.023248) ...
Setting up libldap-common (2.4.45+dfsg-1ubuntu1.11) ...
Setting up libpthread-stubs0-dev:amd64 (0.3-4) ...
Setting up libconsole-bridge0.4:amd64 (0.4.0+dfsg-2) ...
Setting up liburdfdom-model:amd64 (1.0.0-2ubuntu0.1) ...
Setting up libcilkrts5:amd64 (7.5.0-3ubuntu1~18.04) ...
Setting up libuv1:amd64 (1.18.0-3) ...
Setting up liburdfdom-sensor:amd64 (1.0.0-2ubuntu0.1) ...
Setting up libpng-tools (1.6.34-1ubuntu0.18.04.2) ...
Setting up ros-melodic-smclib (1.8.5-1bionic.20200801.035835) ...
Setting up libaacs0:amd64 (0.9.0-1) ...
Setting up libcharls1:amd64 (1.1.0+dfsg-2) ...
Setting up libtbb2:amd64 (2017~U7-8) ...
Setting up libdrm-dev:amd64 (2.4.101-2~18.04.1) ...
Setting up libubsan0:amd64 (7.5.0-3ubuntu1~18.04) ...
Setting up libtsan0:amd64 (8.4.0-1ubuntu1~18.04) ...
Setting up libflite1:amd64 (2.1-release-1) ...
Setting up libgeos-3.6.2:amd64 (3.6.2-1build2) ...
Setting up libsoxr0:amd64 (0.1.2-3) ...
Setting up libglib2.0-0:amd64 (2.56.4-0ubuntu0.18.04.9) ...
Setting up libssh-gcrypt-4:amd64 (0.8.0~20170825.94fa1e38-1ubuntu0.7) ...
Setting up libboost-atomic1.65.1:amd64 (1.65.1+dfsg-0ubuntu5) ...
Setting up mysql-common (5.8+1.0.4) ...
update-alternatives: using /etc/mysql/my.cnf.fallback to provide /etc/mysql/my.cnf (my.cnf) in auto mode
Setting up libpcl-ml1.8:amd64 (1.8.1+dfsg1-2ubuntu2.18.04.1) ...
Setting up xorg-sgml-doctools (1:1.11-1) ...
Setting up libopencv-core3.2:amd64 (3.2.0+dfsg-4ubuntu0.1) ...
Setting up libgpg-error-dev (1.27-6) ...
Setting up libwayland-client0:amd64 (1.16.0-1ubuntu1.1~18.04.4) ...
Setting up libicu-le-hb0:amd64 (1.0.3+git161113-4) ...
Setting up qtchooser (64-ga1b6736-5) ...
Setting up linux-libc-dev:amd64 (4.15.0-213.224) ...
Setting up libarchive-cpio-perl (0.10-1) ...
Setting up libdpkg-perl (1.19.0.5ubuntu2.4) ...
Setting up libpcl-kdtree1.8:amd64 (1.8.1+dfsg1-2ubuntu2.18.04.1) ...
Setting up libjs-sphinxdoc (1.6.7-1ubuntu1) ...
Setting up libvdpau1:amd64 (1.1.1-3ubuntu1) ...
Setting up libsocket++1:amd64 (1.12.13-9) ...
Setting up ros-melodic-ros-environment (1.2.3-1bionic.20201015.052244) ...
Setting up libopenjp2-7-dev (2.3.0-2+deb10u2build0.18.04.1) ...
Setting up libtinyxml2-dev:amd64 (6.0.0+dfsg-1) ...
Setting up libdc1394-22:amd64 (2.2.5-1) ...
Setting up libtiff5:amd64 (4.0.9-5ubuntu0.10) ...
Setting up libshine3:amd64 (3.1.1-1) ...
Setting up cmake-data (3.10.2-1ubuntu2.18.04.2) ...
Setting up libnl-route-3-200:amd64 (3.2.29-0ubuntu3) ...
Setting up libboost-type-erasure1.65.1:amd64 (1.65.1+dfsg-0ubuntu5) ...
Setting up libgif7:amd64 (5.1.4-2ubuntu0.1) ...
Setting up libva2:amd64 (2.1.0-3) ...
Setting up libjpeg-turbo8:amd64 (1.5.2-0ubuntu5.18.04.6) ...
Setting up libyaml-dev:amd64 (0.1.7-2ubuntu3) ...
Setting up ros-melodic-rosboost-cfg (1.14.9-1bionic.20201015.020311) ...
Setting up libflann-dev (1.9.1+dfsg-2) ...
Setting up libepsilon1:amd64 (0.9.2+dfsg-2) ...
Setting up libpcl-octree1.8:amd64 (1.8.1+dfsg1-2ubuntu2.18.04.1) ...
Setting up m4 (1.4.18-1) ...
Setting up sgml-base (1.29) ...
Setting up tango-icon-theme (0.8.90-7) ...
Setting up libopenexr22:amd64 (2.2.0-11.1ubuntu1.9) ...
Setting up libminizip-dev:amd64 (1.1-8build1) ...
Setting up libxvidcore4:amd64 (2:1.3.5-1) ...
Setting up libboost-signals1.65.1:amd64 (1.65.1+dfsg-0ubuntu5) ...
Setting up ros-melodic-rosbag-migration-rule (1.0.0-0bionic.20200801.040144) ...
Setting up libhwloc5:amd64 (1.11.9-1) ...
Setting up libboost-serialization1.65.1:amd64 (1.65.1+dfsg-0ubuntu5) ...
Setting up libxml2:amd64 (2.9.4+dfsg1-6.1ubuntu1.9) ...
Setting up libfreexl1:amd64 (1.0.5-1) ...
Setting up libjxr0:amd64 (1.1-6build1) ...
Setting up x11proto-dev (2018.4-4) ...
Setting up libfreetype6:amd64 (2.8.1-2ubuntu2.2) ...
Setting up libx265-146:amd64 (2.6-3) ...
Setting up libwxbase3.0-0v5:amd64 (3.0.4+dfsg-3) ...
Setting up libfyba0:amd64 (4.1.1-3) ...
Setting up libopenal-data (1:1.18.2-2) ...
Setting up librhash0:amd64 (1.3.6-2) ...
Setting up libjbig-dev:amd64 (2.1-3.1ubuntu0.18.04.1) ...
Setting up liblsan0:amd64 (8.4.0-1ubuntu1~18.04) ...
Setting up libbs2b0:amd64 (3.1.0+dfsg-2.2) ...
Setting up fonts-lato (2.0-2) ...
Setting up libnorm1:amd64 (1.5r6+dfsg1-6) ...
Setting up libpsm-infinipath1 (3.3+20.604758e7-5) ...
update-alternatives: using /usr/lib/libpsm1/libpsm_infinipath.so.1.16 to provide /usr/lib/x86_64-linux-gnu/libpsm_infinipath.so.1 (libpsm_infinipath.so.1) in auto mode
Setting up libprotobuf10:amd64 (3.0.0-9.1ubuntu1.1) ...
Setting up libzip4:amd64 (1.1.2-1.1) ...
Setting up gdal-data (2.2.3+dfsg-2) ...
Setting up libsys-hostname-long-perl (1.5-1) ...
Setting up libpoppler73:amd64 (0.62.0-2ubuntu2.14) ...
Setting up libboost-context1.65.1:amd64 (1.65.1+dfsg-0ubuntu5) ...
Setting up i965-va-driver:amd64 (2.1.0-0ubuntu1) ...
Setting up opencv-data (3.2.0+dfsg-4ubuntu0.1) ...
Setting up x11proto-damage-dev (1:2018.4-4) ...
Setting up ruby-did-you-mean (1.2.0-2) ...
Setting up libbullet2.87:amd64 (2.87+dfsg-2) ...
Setting up libgeos-c1v5:amd64 (3.6.2-1build2) ...
Setting up libmpx2:amd64 (8.4.0-1ubuntu1~18.04) ...
Setting up libpixman-1-0:amd64 (0.34.0-2ubuntu0.1) ...
Setting up libexif-doc (0.6.21-4ubuntu0.6) ...
Setting up libopenni0 (1.5.4.0-14build1) ...
Setting up xtrans-dev (1.3.5-1) ...
Setting up libblas3:amd64 (3.7.1-4ubuntu1) ...
update-alternatives: using /usr/lib/x86_64-linux-gnu/blas/libblas.so.3 to provide /usr/lib/x86_64-linux-gnu/libblas.so.3 (libblas.so.3-x86_64-linux-gnu) in auto mode
Setting up dpkg-dev (1.19.0.5ubuntu2.4) ...
Setting up x11proto-xext-dev (2018.4-4) ...
Setting up libtar0 (1.2.20-7) ...
Setting up qt5-qmake:amd64 (5.9.5+dfsg-0ubuntu2.6) ...
Setting up libxdmcp-dev:amd64 (1:1.1.2-3) ...
Setting up libmail-sendmail-perl (0.80-1) ...
Setting up libcrystalhd3:amd64 (1:0.0~git20110715.fdd2f19-12) ...
Setting up openmpi-common (2.1.1-8) ...
Setting up gir1.2-harfbuzz-0.0:amd64 (1.7.2-1ubuntu1) ...
Setting up librubberband2:amd64 (1.8.1-7ubuntu2) ...
Setting up libignition-math4:amd64 (4.0.0+dfsg1-4) ...
Setting up libbullet-dev:amd64 (2.87+dfsg-2) ...
Setting up x11proto-xinerama-dev (2018.4-4) ...
Setting up autotools-dev (20180224.1) ...
Setting up bzip2-doc (1.0.6-8.1ubuntu0.2) ...
Setting up libldap-2.4-2:amd64 (2.4.45+dfsg-1ubuntu1.11) ...
Setting up libpixman-1-dev:amd64 (0.34.0-2ubuntu0.1) ...
Setting up libpcl-stereo1.8:amd64 (1.8.1+dfsg1-2ubuntu2.18.04.1) ...
Setting up libboost-wave1.65.1:amd64 (1.65.1+dfsg-0ubuntu5) ...
Setting up libssl1.1:amd64 (1.1.1-1ubuntu2.1~18.04.23) ...
Setting up libassimp4:amd64 (4.1.0~dfsg-3) ...
Setting up libgdcm2.8:amd64 (2.8.4-1build2) ...
Setting up libaprutil1:amd64 (1.6.1-2ubuntu0.1) ...
Setting up x11proto-randr-dev (2018.4-4) ...
Setting up libsnappy1v5:amd64 (1.1.7-1) ...
Setting up libccd2:amd64 (2.0-1) ...
Setting up qttranslations5-l10n (5.9.5-0ubuntu1) ...
Setting up mesa-va-drivers:amd64 (20.0.8-0ubuntu1~18.04.1) ...
Setting up libfakeroot:amd64 (1.22-2ubuntu1) ...
Setting up libassuan-dev (2.5.1-2) ...
Setting up libjs-jquery-ui (1.12.1+dfsg-5) ...
Setting up libusb-1.0-0-dev:amd64 (2:1.0.21-2) ...
Setting up libva-drm2:amd64 (2.1.0-3) ...
Setting up libraw1394-tools (2.1.2-1) ...
Setting up libiculx60:amd64 (60.2-3ubuntu3.2) ...
Setting up docutils-doc (0.14+dfsg-3) ...
Setting up libqwt-headers (6.1.3-1) ...
Setting up ruby-net-telnet (0.1.1-2) ...
Setting up libjson-c-dev:amd64 (0.12.1-1.3ubuntu0.3) ...
Setting up libopencv-ml3.2:amd64 (3.2.0+dfsg-4ubuntu0.1) ...
Setting up libsqlite3-0:amd64 (3.22.0-1ubuntu0.7) ...
Setting up libann0 (1.1.2+doc-6) ...
Setting up libice6:amd64 (2:1.0.9-2ubuntu0.18.04.1) ...
Setting up libwxgtk3.0-gtk3-0v5:amd64 (3.0.4+dfsg-3) ...
Setting up libtiffxx5:amd64 (4.0.9-5ubuntu0.10) ...
Setting up sbcl (2:1.4.5-1) ...
Setting up libfltk1.3:amd64 (1.3.4-6) ...
Setting up libalgorithm-diff-perl (1.19.03-1) ...
Setting up libzvbi-common (0.2.35-13) ...
Setting up rubygems-integration (1.11) ...
Setting up ttf-bitstream-vera (1.10-8) ...
Setting up libx11-doc (2:1.6.4-3ubuntu0.4) ...
Setting up libopenexr-dev (2.2.0-11.1ubuntu1.9) ...
Setting up x11proto-scrnsaver-dev (2018.4-4) ...
Setting up libboost-chrono1.65.1:amd64 (1.65.1+dfsg-0ubuntu5) ...
Setting up libpcrecpp0v5:amd64 (2:8.39-9ubuntu0.1) ...
Setting up libpcre32-3:amd64 (2:8.39-9ubuntu0.1) ...
Setting up libopencv-imgproc3.2:amd64 (3.2.0+dfsg-4ubuntu0.1) ...
Setting up fltk1.3-doc (1.3.4-6) ...
Setting up ros-melodic-smach (2.0.3-1bionic.20230620.174247) ...
Setting up ros-melodic-media-export (0.3.0-1bionic.20201017.230652) ...
Setting up libmysqlclient20:amd64 (5.7.42-0ubuntu0.18.04.1) ...
Setting up libopencv-flann3.2:amd64 (3.2.0+dfsg-4ubuntu0.1) ...
Setting up icu-devtools (60.2-3ubuntu3.2) ...
Setting up libfltk-images1.3:amd64 (1.3.4-6) ...
Setting up libc-dev-bin (2.27-3ubuntu1.6) ...
Setting up libopenni2-dev (2.2.0.33+dfsg-10) ...
Setting up libtar-dev (1.2.20-7) ...
Setting up libyaml-cpp0.5v5:amd64 (0.5.2-4ubuntu1) ...
Setting up libpcre16-3:amd64 (2:8.39-9ubuntu0.1) ...
Setting up libgme0:amd64 (0.6.2-1) ...
Setting up libtcl8.6:amd64 (8.6.8+dfsg-3) ...
Setting up liblzma-dev:amd64 (5.2.2-1.3ubuntu0.1) ...
Setting up xml-core (0.18) ...
Setting up javascript-common (11) ...
Setting up liblz4-dev:amd64 (0.0~r131-2ubuntu3.1) ...
Setting up libbdplus0:amd64 (0.1.2-2) ...
Setting up ocl-icd-libopencl1:amd64 (2.2.11-1ubuntu1) ...
Setting up libhdf4-0-alt (4.2.13-2) ...
Setting up libzvbi0:amd64 (0.2.35-13) ...
Setting up libva-x11-2:amd64 (2.1.0-3) ...
Setting up libboost-program-options1.65.1:amd64 (1.65.1+dfsg-0ubuntu5) ...
Setting up sdformat-sdf (6.0.0+dfsg-4) ...
Setting up libboost-numpy1.65.1 (1.65.1+dfsg-0ubuntu5) ...
Setting up libsndio6.1:amd64 (1.1.0-3) ...
Setting up python3-lib2to3 (3.6.9-1~18.04) ...
Setting up ruby-minitest (5.10.3-1) ...
Setting up ros-melodic-cmake-modules (0.4.2-0bionic.20201015.021712) ...
Setting up libzzip-0-13:amd64 (0.13.62-3.1ubuntu0.18.04.1) ...
Setting up libopencv-video3.2:amd64 (3.2.0+dfsg-4ubuntu0.1) ...
Setting up libprotobuf-lite10:amd64 (3.0.0-9.1ubuntu1.1) ...
Setting up manpages-dev (4.15-1) ...
Setting up libboost-test1.65.1:amd64 (1.65.1+dfsg-0ubuntu5) ...
Setting up libglib2.0-bin (2.56.4-0ubuntu0.18.04.9) ...
Setting up libfyba-dev:amd64 (4.1.1-3) ...
Setting up libprotoc10:amd64 (3.0.0-9.1ubuntu1.1) ...
Setting up libogg-dev:amd64 (1.3.2-1) ...
Setting up libc6-dev:amd64 (2.27-3ubuntu1.6) ...
Setting up libglvnd-core-dev:amd64 (1.0.0-2ubuntu2.3) ...
Setting up libgraphite2-dev:amd64 (1.3.11-2) ...
Setting up liburdfdom-world:amd64 (1.0.0-2ubuntu0.1) ...
Setting up hdf5-helpers (1.10.0-patch1+docs-4) ...
Setting up libqhull-r7:amd64 (2015.2-4) ...
Setting up libwayland-cursor0:amd64 (1.16.0-1ubuntu1.1~18.04.4) ...
Setting up libtbb-dev:amd64 (2017~U7-8) ...
Setting up x11proto-input-dev (2018.4-4) ...
Setting up libgsm1:amd64 (1.0.13-4build1) ...
Setting up libharfbuzz-gobject0:amd64 (1.7.2-1ubuntu1) ...
Setting up libmysofa0:amd64 (0.6~dfsg0-3+deb10u1build1) ...
Setting up x11proto-composite-dev (1:2018.4-4) ...
Setting up python3-distutils (3.6.9-1~18.04) ...
Setting up libboost-random1.65.1:amd64 (1.65.1+dfsg-0ubuntu5) ...
Setting up libcdt5 (2.40.1-2) ...
Setting up libwayland-egl1:amd64 (1.16.0-1ubuntu1.1~18.04.4) ...
Setting up sip-dev (4.19.7+dfsg-1ubuntu0.1) ...
Setting up libitm1:amd64 (8.4.0-1ubuntu1~18.04) ...
Setting up libpython2.7-stdlib:amd64 (2.7.17-1~18.04ubuntu1.11) ...
Setting up libboost1.65-tools-dev (1.65.1+dfsg-0ubuntu5) ...
Setting up ros-melodic-angles (1.9.12-1bionic.20201017.032544) ...
Setting up autopoint (0.19.8.1-6ubuntu0.3) ...
Setting up liburiparser1:amd64 (0.8.4-1+deb9u2ubuntu0.1) ...
Setting up libpocofoundation50 (1.8.0.1-1ubuntu4) ...
Setting up ruby-power-assert (0.3.0-1) ...
Setting up libcgraph6 (2.40.1-2) ...
Setting up libboost-math1.65.1:amd64 (1.65.1+dfsg-0ubuntu5) ...
Setting up fonts-lyx (2.2.4-0ubuntu0.18.04.1) ...
Setting up libboost-regex1.65.1:amd64 (1.65.1+dfsg-0ubuntu5) ...
Setting up libsz2:amd64 (0.3.2-2) ...
Setting up proj-data (4.9.3-2) ...
Setting up libwayland-server0:amd64 (1.16.0-1ubuntu1.1~18.04.4) ...
Setting up libwebp6:amd64 (0.6.1-2ubuntu0.18.04.2) ...
Setting up libgl2ps1.4 (1.4.0+dfsg1-1) ...
Setting up zlib1g-dev:amd64 (1:1.2.11.dfsg-0ubuntu2.2) ...
Setting up libfile-stripnondeterminism-perl (0.040-1.1~build1) ...
Setting up libpcl-outofcore1.8:amd64 (1.8.1+dfsg1-2ubuntu2.18.04.1) ...
Setting up libjsoncpp1:amd64 (1.7.4-3) ...
Setting up libfreexl-dev:amd64 (1.0.5-1) ...
Setting up libjsoncpp-dev:amd64 (1.7.4-3) ...
Setting up libldap2-dev:amd64 (2.4.45+dfsg-1ubuntu1.11) ...
Setting up libqt5core5a:amd64 (5.9.5+dfsg-0ubuntu2.6) ...
Setting up libwayland-bin (1.16.0-1ubuntu1.1~18.04.4) ...
Setting up libibverbs1:amd64 (17.1-1ubuntu0.2) ...
Setting up libboost-fiber1.65.1:amd64 (1.65.1+dfsg-0ubuntu5) ...
Setting up libgts-0.7-5:amd64 (0.7.6+darcs121130-4) ...
Setting up libsctp-dev:amd64 (1.0.17+dfsg-2) ...
Setting up libboost-tools-dev (1.65.1.0ubuntu1) ...
Setting up liblog4cxx10v5:amd64 (0.10.0-13ubuntu2) ...
Setting up libpcl-search1.8:amd64 (1.8.1+dfsg1-2ubuntu2.18.04.1) ...
Setting up libpoppler-glib8:amd64 (0.62.0-2ubuntu2.14) ...
Setting up libopencv-photo3.2:amd64 (3.2.0+dfsg-4ubuntu0.1) ...
Setting up libqt5dbus5:amd64 (5.9.5+dfsg-0ubuntu2.6) ...
Setting up libpcre3-dev:amd64 (2:8.39-9ubuntu0.1) ...
Setting up libdap25:amd64 (3.19.1-2build1) ...
Setting up libproj12:amd64 (4.9.3-2) ...
Setting up libbz2-dev:amd64 (1.0.6-8.1ubuntu0.2) ...
Setting up libzmq5:amd64 (4.2.5-1ubuntu0.2) ...
Setting up libgvc6 (2.40.1-2) ...
Setting up libignition-math4-dev:amd64 (4.0.0+dfsg1-4) ...
Setting up poppler-utils (0.62.0-2ubuntu2.14) ...
Setting up libfltk-forms1.3:amd64 (1.3.4-6) ...
Setting up libpoppler-dev:amd64 (0.62.0-2ubuntu2.14) ...
Setting up libqt5network5:amd64 (5.9.5+dfsg-0ubuntu2.6) ...
Setting up x11proto-core-dev (2018.4-4) ...
Setting up libhdf5-100:amd64 (1.10.0-patch1+docs-4) ...
Setting up libignition-msgs:amd64 (1.0.0+dfsg1-5) ...
Setting up python-matplotlib-data (2.1.1-2ubuntu3) ...
Setting up libavutil55:amd64 (7:3.4.11-0ubuntu0.1) ...
Setting up protobuf-compiler (3.0.0-9.1ubuntu1.1) ...
Setting up libglib2.0-dev-bin (2.56.4-0ubuntu0.18.04.9) ...
Setting up libsqlite3-dev:amd64 (3.22.0-1ubuntu0.7) ...
Setting up libblas-dev:amd64 (3.7.1-4ubuntu1) ...
update-alternatives: using /usr/lib/x86_64-linux-gnu/blas/libblas.so to provide /usr/lib/x86_64-linux-gnu/libblas.so (libblas.so-x86_64-linux-gnu) in auto mode
Setting up libpocodata50 (1.8.0.1-1ubuntu4) ...
Setting up libcairo-script-interpreter2:amd64 (1.15.10-2ubuntu0.1) ...
Setting up libtheora-dev:amd64 (1.1.1+dfsg.1-14) ...
Setting up liburdfdom-model-state:amd64 (1.0.0-2ubuntu0.1) ...
Setting up libgvpr2 (2.40.1-2) ...
Setting up libfltk-gl1.3:amd64 (1.3.4-6) ...
Setting up libcurl3-gnutls:amd64 (7.58.0-2ubuntu3.24) ...
Setting up libgif-dev (5.1.4-2ubuntu0.1) ...
Setting up libboost-numpy1.65-dev (1.65.1+dfsg-0ubuntu5) ...
Setting up libepsilon-dev:amd64 (0.9.2+dfsg-2) ...
Setting up libssl-dev:amd64 (1.1.1-1ubuntu2.1~18.04.23) ...
Setting up liblapack3:amd64 (3.7.1-4ubuntu1) ...
update-alternatives: using /usr/lib/x86_64-linux-gnu/lapack/liblapack.so.3 to provide /usr/lib/x86_64-linux-gnu/liblapack.so.3 (liblapack.so.3-x86_64-linux-gnu) in auto mode
Setting up libtk8.6:amd64 (8.6.8-4) ...
Setting up libccd-dev:amd64 (2.0-1) ...
Setting up x11proto-fixes-dev (1:2018.4-4) ...
Setting up mesa-vdpau-drivers:amd64 (20.0.8-0ubuntu1~18.04.1) ...
Setting up libdc1394-22-dev:amd64 (2.2.5-1) ...
Setting up libprotobuf-dev:amd64 (3.0.0-9.1ubuntu1.1) ...
Setting up libcurl4:amd64 (7.58.0-2ubuntu3.24) ...
Setting up libass9:amd64 (1:0.14.0-1) ...
Setting up libqt5test5:amd64 (5.9.5+dfsg-0ubuntu2.6) ...
Setting up libxml2-utils (2.9.4+dfsg1-6.1ubuntu1.9) ...
Setting up uuid-dev:amd64 (2.31.1-0.4ubuntu3.7) ...
Setting up libaec-dev:amd64 (0.3.2-2) ...
Setting up python2.7 (2.7.17-1~18.04ubuntu1.11) ...
Setting up libbluray2:amd64 (1:1.0.2-3) ...
Setting up libgeos-dev (3.6.2-1build2) ...
Setting up x11proto-xf86vidmode-dev (2018.4-4) ...
Setting up libxau-dev:amd64 (1:1.0.8-1ubuntu1) ...
Setting up libzmq3-dev:amd64 (4.2.5-1ubuntu0.2) ...
Setting up autoconf (2.69-11) ...
Setting up libgvc6-plugins-gtk (2.40.1-2) ...
Setting up librdmacm1:amd64 (17.1-1ubuntu0.2) ...
Setting up libboost-graph1.65.1:amd64 (1.65.1+dfsg-0ubuntu5) ...
Setting up libgdcm2-dev (2.8.4-1build2) ...
Setting up libglvnd-dev:amd64 (1.0.0-2ubuntu2.3) ...
Setting up fakeroot (1.22-2ubuntu1) ...
update-alternatives: using /usr/bin/fakeroot-sysv to provide /usr/bin/fakeroot (fakeroot) in auto mode
Setting up libswresample2:amd64 (7:3.4.11-0ubuntu0.1) ...
Setting up libpocozip50 (1.8.0.1-1ubuntu4) ...
Setting up libsuperlu5:amd64 (5.2.1+dfsg1-3) ...
Setting up libkmlbase1:amd64 (1.3.0-5) ...
Setting up libgcc-7-dev:amd64 (7.5.0-3ubuntu1~18.04) ...
Setting up libboost-log1.65.1 (1.65.1+dfsg-0ubuntu5) ...
Setting up libqhull-dev:amd64 (2015.2-4) ...
Setting up openni-utils (1.5.4.0-14build1) ...
Setting up libpocoxml50 (1.8.0.1-1ubuntu4) ...
Setting up libopenni-dev (1.5.4.0-14build1) ...
Setting up liblept5 (1.75.3-3) ...
Setting up libstdc++-7-dev:amd64 (7.5.0-3ubuntu1~18.04) ...
Setting up libgraphviz-dev (2.40.1-2) ...
Setting up libdapclient6v5:amd64 (3.19.1-2build1) ...
Setting up libpython3.6-minimal:amd64 (3.6.9-1~18.04ubuntu1.12) ...
Setting up libogdi3.2 (3.2.0+ds-2) ...
Setting up libboost-coroutine1.65.1:amd64 (1.65.1+dfsg-0ubuntu5) ...
Setting up libpython-stdlib:amd64 (2.7.15~rc1-1) ...
Setting up libhwloc-plugins (1.11.9-1) ...
Setting up libfltk-cairo1.3:amd64 (1.3.4-6) ...
Setting up libalgorithm-merge-perl (0.08-3) ...
Setting up libkmlxsd1:amd64 (1.3.0-5) ...
Setting up pkg-config (0.29.1-0ubuntu2) ...
Setting up libpocojson50 (1.8.0.1-1ubuntu4) ...
Setting up libjpeg-turbo8-dev:amd64 (1.5.2-0ubuntu5.18.04.6) ...
Setting up libassimp-dev:amd64 (4.1.0~dfsg-3) ...
Setting up libpq5:amd64 (10.23-0ubuntu0.18.04.2) ...
Setting up libsimbody3.5v5:amd64 (3.5.4+dfsg-1ubuntu2) ...
Setting up libzip-dev:amd64 (1.1.2-1.1) ...
Setting up libalgorithm-diff-xs-perl (0.04-5) ...
Setting up libjpeg8-dev:amd64 (8c-2ubuntu8) ...
Setting up libsuperlu-dev:amd64 (5.2.1+dfsg1-3) ...
Setting up libserf-1-1:amd64 (1.3.9-6) ...
Setting up libsdl2-2.0-0:amd64 (2.0.8+dfsg1-1ubuntu1.18.04.4) ...
Setting up libpococrypto50 (1.8.0.1-1ubuntu4) ...
Setting up libjpeg-dev:amd64 (8c-2ubuntu8) ...
Setting up libqt5xml5:amd64 (5.9.5+dfsg-0ubuntu2.6) ...
Setting up libdapserver7v5:amd64 (3.19.1-2build1) ...
Setting up libqt5positioning5:amd64 (5.9.5+dfsg-0ubuntu2) ...
Setting up libexif-dev:amd64 (0.6.21-4ubuntu0.6) ...
Setting up proj-bin (4.9.3-2) ...
Setting up libswscale4:amd64 (7:3.4.11-0ubuntu0.1) ...
Setting up libice-dev:amd64 (2:1.0.9-2ubuntu0.18.04.1) ...
Setting up libqt5gui5:amd64 (5.9.5+dfsg-0ubuntu2.6) ...
Setting up tk8.6-blt2.5 (2.5.3+dfsg-4) ...
Setting up libwebpmux3:amd64 (0.6.1-2ubuntu0.18.04.2) ...
Setting up va-driver-all:amd64 (2.1.0-3) ...
Setting up ibverbs-providers:amd64 (17.1-1ubuntu0.2) ...
Setting up libopencv-core-dev:amd64 (3.2.0+dfsg-4ubuntu0.1) ...
Setting up tcl8.6 (8.6.8+dfsg-3) ...
Setting up libconsole-bridge-dev:amd64 (0.4.0+dfsg-2) ...
Setting up libpython2.7:amd64 (2.7.17-1~18.04ubuntu1.11) ...
Setting up libgeotiff2:amd64 (1.4.2-2build1) ...
Setting up libnetcdf13:amd64 (1:4.6.0-2build1) ...
Setting up automake (1:1.15.1-3ubuntu2) ...
update-alternatives: using /usr/bin/automake-1.15 to provide /usr/bin/automake (automake) in auto mode
Setting up libqt5sql5:amd64 (5.9.5+dfsg-0ubuntu2.6) ...
Setting up libpostproc54:amd64 (7:3.4.11-0ubuntu0.1) ...
Setting up libboost-timer1.65.1:amd64 (1.65.1+dfsg-0ubuntu5) ...
Setting up libsdformat6:amd64 (6.0.0+dfsg-4) ...
Setting up libgl2ps-dev (1.4.0+dfsg1-1) ...
Setting up libopencv-shape3.2:amd64 (3.2.0+dfsg-4ubuntu0.1) ...
Setting up libpocodatamysql50 (1.8.0.1-1ubuntu4) ...
Setting up libwebpdemux2:amd64 (0.6.1-2ubuntu0.18.04.2) ...
Setting up libexpat1-dev:amd64 (2.2.5-3ubuntu0.9) ...
Setting up libopencv-ml-dev:amd64 (3.2.0+dfsg-4ubuntu0.1) ...
Setting up libspatialite7:amd64 (4.3.0a-5build1) ...
Setting up libxcb1-dev:amd64 (1.13-2~ubuntu18.04) ...
Setting up libxcb-glx0-dev:amd64 (1.13-2~ubuntu18.04) ...
Setting up libarpack2:amd64 (3.5.0+real-2) ...
Setting up liburiparser-dev (0.8.4-1+deb9u2ubuntu0.1) ...
Setting up libopenal1:amd64 (1:1.18.2-2) ...
Setting up libsvn1:amd64 (1.9.7-4ubuntu1.1) ...
Setting up libpython2.7-dev:amd64 (2.7.17-1~18.04ubuntu1.11) ...
Setting up libkmldom1:amd64 (1.3.0-5) ...
Setting up libgts-bin (0.7.6+darcs121130-4) ...
Setting up libpoconet50 (1.8.0.1-1ubuntu4) ...
Setting up libgpgme-dev (1.10.0-1ubuntu2) ...
Setting up qt5-gtk-platformtheme:amd64 (5.9.5+dfsg-0ubuntu2.6) ...
Setting up libx11-dev:amd64 (2:1.6.4-3ubuntu0.4) ...
Setting up libpng-dev:amd64 (1.6.34-1ubuntu0.18.04.2) ...
Setting up libnuma-dev:amd64 (2.0.11-2.1ubuntu0.1) ...
Setting up libprotoc-dev:amd64 (3.0.0-9.1ubuntu1.1) ...
Setting up libpcl-filters1.8:amd64 (1.8.1+dfsg1-2ubuntu2.18.04.1) ...
Setting up libwayland-dev:amd64 (1.16.0-1ubuntu1.1~18.04.4) ...
Setting up cmake (3.10.2-1ubuntu2.18.04.2) ...
Setting up libpocoredis50 (1.8.0.1-1ubuntu4) ...
Setting up libpocoutil50 (1.8.0.1-1ubuntu4) ...
Setting up libxxf86vm-dev:amd64 (1:1.1.4-1) ...
Setting up libspatialite-dev:amd64 (4.3.0a-5build1) ...
Setting up libxfixes-dev:amd64 (1:5.0.3-1) ...
Setting up libpocodatasqlite50 (1.8.0.1-1ubuntu4) ...
Setting up dh-python (3.20180325ubuntu2) ...
Setting up libboost1.65-dev:amd64 (1.65.1+dfsg-0ubuntu5) ...
Setting up python2.7-dev (2.7.17-1~18.04ubuntu1.11) ...
Setting up libibverbs-dev:amd64 (17.1-1ubuntu0.2) ...
Setting up libboost-numpy-dev (1.65.1.0ubuntu1) ...
Setting up libqt5concurrent5:amd64 (5.9.5+dfsg-0ubuntu2.6) ...
Setting up libcurl4-openssl-dev:amd64 (7.58.0-2ubuntu3.24) ...
Setting up git (1:2.17.1-1ubuntu0.18) ...
Setting up python (2.7.15~rc1-1) ...
Setting up tcl8.6-dev:amd64 (8.6.8+dfsg-3) ...
Setting up libboost-signals1.65-dev:amd64 (1.65.1+dfsg-0ubuntu5) ...
Setting up libxerces-c3.2:amd64 (3.2.0+debian-2) ...
Setting up libopencv-imgproc-dev:amd64 (3.2.0+dfsg-4ubuntu0.1) ...
Setting up libxcb-sync-dev:amd64 (1.13-2~ubuntu18.04) ...
Setting up libboost-type-erasure1.65-dev:amd64 (1.65.1+dfsg-0ubuntu5) ...
Setting up libpoconetssl50 (1.8.0.1-1ubuntu4) ...
Setting up blt (2.5.3+dfsg-4) ...
Setting up libboost-signals-dev:amd64 (1.65.1.0ubuntu1) ...
Setting up libboost-locale1.65-dev:amd64 (1.65.1+dfsg-0ubuntu5) ...
Setting up libfltk1.3-dev (1.3.4-6) ...
Setting up python-sip (4.19.7+dfsg-1ubuntu0.1) ...
Setting up python-pyparsing (2.2.0+dfsg1-2) ...
Setting up python-u-msgpack (2.1-1) ...
Setting up libqt5qml5:amd64 (5.9.5-0ubuntu1.1) ...
Setting up vdpau-driver-all:amd64 (1.1.1-3ubuntu1) ...
Setting up libboost-locale-dev:amd64 (1.65.1.0ubuntu1) ...
Setting up python-idna (2.6-1) ...
Setting up liblapack-dev:amd64 (3.7.1-4ubuntu1) ...
update-alternatives: using /usr/lib/x86_64-linux-gnu/lapack/liblapack.so to provide /usr/lib/x86_64-linux-gnu/liblapack.so (liblapack.so-x86_64-linux-gnu) in auto mode
Setting up libpcl-tracking1.8:amd64 (1.8.1+dfsg1-2ubuntu2.18.04.1) ...
Setting up graphviz (2.40.1-2) ...
Setting up python-simplejson (3.13.2-1) ...
Setting up libqt5quick5:amd64 (5.9.5-0ubuntu1.1) ...
Setting up libx11-xcb-dev:amd64 (2:1.6.4-3ubuntu0.4) ...
Setting up libpython-dev:amd64 (2.7.15~rc1-1) ...
Setting up libpython3.6-stdlib:amd64 (3.6.9-1~18.04ubuntu1.12) ...
Setting up libavutil-dev:amd64 (7:3.4.11-0ubuntu0.1) ...
Setting up fluid (1.3.4-6) ...
Setting up qtbase5-dev-tools (5.9.5+dfsg-0ubuntu2.6) ...
Setting up python-hyperlink (17.3.1-2) ...
Setting up libboost-program-options1.65-dev:amd64 (1.65.1+dfsg-0ubuntu5) ...
Setting up libqt5sensors5:amd64 (5.9.5-0ubuntu1) ...
Setting up libnetcdf-c++4 (4.2-8) ...
Setting up libproj-dev:amd64 (4.9.3-2) ...
Setting up libsm-dev:amd64 (2:1.2.2-1) ...
Setting up libpoppler-private-dev:amd64 (0.62.0-2ubuntu2.14) ...
Setting up libhdf5-cpp-100:amd64 (1.10.0-patch1+docs-4) ...
Setting up python-yaml (3.12-1build2) ...
Setting up python-asn1crypto (0.24.0-1) ...
Setting up libboost-stacktrace1.65-dev:amd64 (1.65.1+dfsg-0ubuntu5) ...
Setting up libboost-atomic1.65-dev:amd64 (1.65.1+dfsg-0ubuntu5) ...
Setting up tk8.6 (8.6.8-4) ...
Setting up python-crypto (2.6.1-8ubuntu2) ...
Setting up libpq-dev (10.23-0ubuntu0.18.04.2) ...
Setting up libopencv-ts-dev:amd64 (3.2.0+dfsg-4ubuntu0.1) ...
Setting up python-lz4 (0.10.1+dfsg1-0.2) ...
Setting up python-pydot (1.2.3-1) ...
Setting up libqt5widgets5:amd64 (5.9.5+dfsg-0ubuntu2.6) ...
Setting up libignition-transport4:amd64 (4.0.0+dfsg-4) ...
Setting up libapr1-dev (1.6.3-2) ...
Setting up python-attr (17.4.0-2) ...
Setting up libopencv-photo-dev:amd64 (3.2.0+dfsg-4ubuntu0.1) ...
Setting up libpocodataodbc50 (1.8.0.1-1ubuntu4) ...
Setting up python-snappy (0.5-1.1build2) ...
Setting up python-opengl (3.1.0+dfsg-1) ...
Setting up libavresample3:amd64 (7:3.4.11-0ubuntu0.1) ...
Setting up mesa-common-dev:amd64 (20.0.8-0ubuntu1~18.04.1) ...
Setting up libmysqlclient-dev (5.7.42-0ubuntu0.18.04.1) ...
Setting up python-defusedxml (0.5.0-1ubuntu1) ...
Setting up libboost-atomic-dev:amd64 (1.65.1.0ubuntu1) ...
Setting up libfabric1 (1.5.3-1) ...
Setting up libboost-test1.65-dev:amd64 (1.65.1+dfsg-0ubuntu5) ...
Setting up libhwloc-dev:amd64 (1.11.9-1) ...
Setting up gcc-7 (7.5.0-3ubuntu1~18.04) ...
Setting up libopenni-sensor-pointclouds0 (5.1.0.41.9-1) ...
Setting up python-pycryptodome (3.4.7-1ubuntu1) ...
Setting up g++-7 (7.5.0-3ubuntu1~18.04) ...
Setting up python-backports.functools-lru-cache (1.4-2) ...
Setting up libeigen3-dev (3.3.4-4) ...
Setting up liburdfdom-headers-dev (1.0.0-1ubuntu0.1) ...
Setting up python-dev (2.7.15~rc1-1) ...
Setting up python-pyasn1 (0.4.2-3) ...
Setting up libfreeimage3:amd64 (3.17.0+ds1-5+deb9u1build0.18.04.1) ...
Setting up python-wxversion (3.0.2.0+dfsg-7) ...
Setting up libxmu-headers (2:1.1.2-2) ...
Setting up libgphoto2-dev:amd64 (2.5.16-2) ...
Setting up libboost-stacktrace-dev:amd64 (1.65.1.0ubuntu1) ...
Setting up libogre-1.9.0v5:amd64 (1.9.0+dfsg1-10) ...
Setting up libavcodec57:amd64 (7:3.4.11-0ubuntu0.1) ...
Setting up libavresample-dev:amd64 (7:3.4.11-0ubuntu0.1) ...
Setting up python-wxgtk3.0 (3.0.2.0+dfsg-7) ...
update-alternatives: using /usr/lib/wx/python/wx3.0.pth to provide /usr/lib/wx/python/wx.pth (wx.pth) in auto mode
Setting up libxcb-shm0-dev:amd64 (1.13-2~ubuntu18.04) ...
Setting up python-tz (2018.3-2) ...
Setting up libaprutil1-dev (1.6.1-2ubuntu0.1) ...
Setting up libtiff5-dev:amd64 (4.0.9-5ubuntu0.10) ...
Setting up libopencv-flann-dev:amd64 (3.2.0+dfsg-4ubuntu0.1) ...
Setting up libpostproc-dev:amd64 (7:3.4.11-0ubuntu0.1) ...
Setting up libxdamage-dev:amd64 (1:1.1.4-3) ...
Setting up libboost-type-erasure-dev:amd64 (1.65.1.0ubuntu1) ...
Setting up libtesseract4 (4.00~git2288-10f4998a-2) ...
Setting up tcl (8.6.0+9) ...
Setting up python3.6-minimal (3.6.9-1~18.04ubuntu1.12) ...
Setting up python-twisted-bin:amd64 (17.9.0-2ubuntu0.3) ...
Setting up libhdf5-dev (1.10.0-patch1+docs-4) ...
update-alternatives: using /usr/lib/x86_64-linux-gnu/pkgconfig/hdf5-serial.pc to provide /usr/lib/x86_64-linux-gnu/pkgconfig/hdf5.pc (hdf5.pc) in auto mode
Setting up libxrender-dev:amd64 (1:0.9.10-1) ...
Setting up python-colorama (0.3.7-1) ...
Setting up libboost-serialization1.65-dev:amd64 (1.65.1+dfsg-0ubuntu5) ...
Setting up libboost-chrono1.65-dev:amd64 (1.65.1+dfsg-0ubuntu5) ...
Setting up gcc (4:7.4.0-1ubuntu2.3) ...
Setting up python-pkg-resources (39.0.1-2ubuntu0.1) ...
Setting up python-roman (2.0.0-3) ...
Setting up libboost-exception1.65-dev:amd64 (1.65.1+dfsg-0ubuntu5) ...
Setting up libpcl-features1.8:amd64 (1.8.1+dfsg1-2ubuntu2.18.04.1) ...
Setting up libqt5printsupport5:amd64 (5.9.5+dfsg-0ubuntu2.6) ...
Setting up python-pyasn1-modules (0.2.1-0.2) ...
Setting up liburdfdom-dev:amd64 (1.0.0-2ubuntu0.1) ...
Setting up libpcl-segmentation1.8:amd64 (1.8.1+dfsg1-2ubuntu2.18.04.1) ...
Setting up libglib2.0-dev:amd64 (2.56.4-0ubuntu0.18.04.9) ...
Setting up python-numpy (1:1.13.3-2ubuntu1) ...
Setting up python-netifaces (0.10.4-0.1build4) ...
Setting up libqt5help5:amd64 (5.9.5-0ubuntu1) ...
Setting up libqt5opengl5:amd64 (5.9.5+dfsg-0ubuntu2.6) ...
Setting up cython (0.26.1-0.4) ...
Setting up python-wsaccel (0.6.2-1) ...
Setting up libogdi3.2-dev (3.2.0+ds-2) ...
Setting up libwebp-dev:amd64 (0.6.1-2ubuntu0.18.04.2) ...
Setting up libswscale-dev:amd64 (7:3.4.11-0ubuntu0.1) ...
Setting up libopenal-dev:amd64 (1:1.18.2-2) ...
Setting up ros-melodic-roslz4 (1.14.13-1bionic.20220127.142622) ...
Setting up libarmadillo8 (1:8.400.0+dfsg-2) ...
Setting up libxcb-dri2-0-dev:amd64 (1.13-2~ubuntu18.04) ...
Setting up libxcb-render0-dev:amd64 (1.13-2~ubuntu18.04) ...
Setting up libqt5sql5-sqlite:amd64 (5.9.5+dfsg-0ubuntu2.6) ...
Setting up python-httplib2 (0.9.2+dfsg-1ubuntu0.3) ...
Setting up libqt5quickparticles5:amd64 (5.9.5-0ubuntu1.1) ...
Setting up python-sip-dev (4.19.7+dfsg-1ubuntu0.1) ...
Setting up python-cffi-backend (1.11.5-1) ...
Setting up libturbojpeg0-dev:amd64 (1.5.2-0ubuntu5.18.04.6) ...
Setting up python-incremental (16.10.1-3) ...
Setting up mercurial-common (4.5.3-1ubuntu2.2) ...
Setting up python-gi (3.26.1-2ubuntu1) ...
Setting up mercurial (4.5.3-1ubuntu2.2) ...

Creating config file /etc/mercurial/hgrc.d/hgext.rc with new version
Setting up libgdk-pixbuf2.0-dev (2.36.11-2) ...
Setting up libxcb-dri3-dev:amd64 (1.13-2~ubuntu18.04) ...
Setting up python-six (1.11.0-2) ...
Setting up python-constantly (15.1.0-1) ...
Setting up libpocomongodb50 (1.8.0.1-1ubuntu4) ...
Setting up libboost-exception-dev:amd64 (1.65.1.0ubuntu1) ...
Setting up libboost-random1.65-dev:amd64 (1.65.1+dfsg-0ubuntu5) ...
Setting up python-cbor (1.0.0-1) ...
Setting up libqt5quicktest5:amd64 (5.9.5-0ubuntu1.1) ...
Setting up googletest:amd64 (1.8.0-6) ...
Setting up python-pygments (2.2.0+dfsg-1ubuntu0.2) ...
Setting up libkmlengine1:amd64 (1.3.0-5) ...
Setting up tk (8.6.0+9) ...
Setting up python-wxtools (3.0.2.0+dfsg-7) ...
Setting up libfreetype6-dev:amd64 (2.8.1-2ubuntu2.2) ...
Setting up python-zope.interface (4.3.2-1build2) ...
Setting up libboost-timer1.65-dev:amd64 (1.65.1+dfsg-0ubuntu5) ...
Setting up python-psutil (5.4.2-1ubuntu0.1) ...
Setting up python-empy (3.3.2-1build1) ...
Setting up libswresample-dev:amd64 (7:3.4.11-0ubuntu0.1) ...
Setting up libxext-dev:amd64 (2:1.3.3-1) ...
Setting up libxinerama-dev:amd64 (2:1.1.3-1) ...
Setting up libqt5svg5:amd64 (5.9.5-0ubuntu1.1) ...
Setting up liblog4cxx-dev:amd64 (0.10.0-13ubuntu2) ...
Setting up libboost-context1.65-dev:amd64 (1.65.1+dfsg-0ubuntu5) ...
Setting up python-lazr.uri (1.0.3-2build1) ...
Setting up python-enum34 (1.1.6-2) ...
Setting up libxcb-shape0-dev:amd64 (1.13-2~ubuntu18.04) ...
Setting up python-serial (3.4-2) ...
Setting up libgtest-dev:amd64 (1.8.0-6) ...
Setting up subversion (1.9.7-4ubuntu1.1) ...
Setting up libfreeimage-dev (3.17.0+ds1-5+deb9u1build0.18.04.1) ...
Setting up python-cairo:amd64 (1.16.2-1) ...
Setting up libarpack2-dev:amd64 (3.5.0+real-2) ...
Setting up libignition-msgs-dev:amd64 (1.0.0+dfsg1-5) ...
Setting up pyqt5-dev (5.10.1+dfsg-1ubuntu2) ...
Setting up python-olefile (0.45.1-1) ...
Setting up g++ (4:7.4.0-1ubuntu2.3) ...
update-alternatives: using /usr/bin/g++ to provide /usr/bin/c++ (c++) in auto mode
Setting up libboost-context-dev:amd64 (1.65.1.0ubuntu1) ...
Setting up libopenmpi2:amd64 (2.1.1-8) ...
Setting up python-oauth (1.0.1-5) ...
Setting up libboost-test-dev:amd64 (1.65.1.0ubuntu1) ...
Setting up libboost-system1.65-dev:amd64 (1.65.1+dfsg-0ubuntu5) ...
Setting up python-concurrent.futures (3.2.0-1) ...
Setting up default-libmysqlclient-dev:amd64 (1.0.4) ...
Setting up libqtpropertybrowser4 (4.0.4-2ubuntu4) ...
Setting up libboost-dev:amd64 (1.65.1.0ubuntu1) ...
Setting up libxi-dev:amd64 (2:1.7.9-1) ...
Setting up libpcl-registration1.8:amd64 (1.8.1+dfsg1-2ubuntu2.18.04.1) ...
Setting up libqt5webchannel5:amd64 (5.9.5-0ubuntu1) ...
Setting up libboost-container1.65-dev:amd64 (1.65.1+dfsg-0ubuntu5) ...
Setting up python-subprocess32 (3.2.7-3) ...
Setting up libpcl-keypoints1.8:amd64 (1.8.1+dfsg1-2ubuntu2.18.04.1) ...
Setting up python-dbus (1.2.6-1) ...
Setting up python-pam (0.4.2-13.2ubuntu4) ...
Setting up libboost-math1.65-dev:amd64 (1.65.1+dfsg-0ubuntu5) ...
Setting up python-tk (2.7.17-1~18.04) ...
Setting up libqt5designer5:amd64 (5.9.5-0ubuntu1) ...
Setting up python-ubjson (0.8.5-2build1) ...
Setting up python-ipaddress (1.0.17-1) ...
Setting up libopencv-video-dev:amd64 (3.2.0+dfsg-4ubuntu0.1) ...
Setting up python-trie (0.2+ds-1) ...
Setting up python-automat (0.6.0-1) ...
Setting up libboost-math-dev:amd64 (1.65.1.0ubuntu1) ...
Setting up libnetcdf-dev (1:4.6.0-2build1) ...
Setting up python-nose (1.3.7-3) ...
Setting up python-pil:amd64 (5.1.0-1ubuntu0.8) ...
Setting up ros-melodic-urdf-parser-plugin (1.13.2-1bionic.20200801.033902) ...
Setting up tcl-dev:amd64 (8.6.0+9) ...
Setting up python-gnupg (0.4.1-1ubuntu1.18.04.1) ...
Setting up qt5-qmltooling-plugins:amd64 (5.9.5-0ubuntu1.1) ...
Setting up libboost-program-options-dev:amd64 (1.65.1.0ubuntu1) ...
Setting up libopencv-shape-dev:amd64 (3.2.0+dfsg-4ubuntu0.1) ...
Setting up libpython3.6:amd64 (3.6.9-1~18.04ubuntu1.12) ...
Setting up libarmadillo-dev (1:8.400.0+dfsg-2) ...
Setting up libfontconfig1-dev:amd64 (2.12.6-0ubuntu2) ...
Setting up libtool (2.4.6-2) ...
Setting up libboost-serialization-dev:amd64 (1.65.1.0ubuntu1) ...
Setting up libtiff-dev (4.0.9-5ubuntu0.10) ...
Setting up libgts-dev:amd64 (0.7.6+darcs121130-4) ...
Setting up python-setuptools (39.0.1-2ubuntu0.1) ...
Setting up libxcursor-dev:amd64 (1:1.1.15-1) ...
Setting up libgeotiff-dev:amd64 (1.4.2-2build1) ...
Setting up libnetcdf-cxx-legacy-dev (4.2-8) ...
Setting up libxcb-randr0-dev:amd64 (1.13-2~ubuntu18.04) ...
Setting up libxt-dev:amd64 (1:1.1.5-1) ...
Setting up google-mock:amd64 (1.8.0-6) ...
Setting up libboost-fiber1.65-dev:amd64 (1.65.1+dfsg-0ubuntu5) ...
Setting up libchromaprint1:amd64 (1.4.3-1) ...
Setting up libqt5quickwidgets5:amd64 (5.9.5-0ubuntu1.1) ...
Setting up python-configobj (5.0.6-2) ...
Setting up python3.6 (3.6.9-1~18.04ubuntu1.12) ...
Setting up libhdf5-openmpi-100:amd64 (1.10.0-patch1+docs-4) ...
Setting up libboost-coroutine1.65-dev:amd64 (1.65.1+dfsg-0ubuntu5) ...
Setting up python-chardet (3.0.4-1) ...
Setting up libboost-graph1.65-dev:amd64 (1.65.1+dfsg-0ubuntu5) ...
Setting up python-nacl (1.1.2-1build1) ...
Setting up libxrandr-dev:amd64 (2:1.5.1-1) ...
Setting up libcairo2-dev:amd64 (1.15.10-2ubuntu0.1) ...
Setting up python-trollius (2.1~b1-5) ...
Setting up libxcomposite-dev:amd64 (1:0.4.4-2) ...
Setting up libxmu-dev:amd64 (2:1.1.2-2) ...
Setting up python-wadllib (1.3.2-3ubuntu0.18.04.1) ...
Setting up python-click (6.7-3) ...
Setting up libboost-date-time1.65-dev:amd64 (1.65.1+dfsg-0ubuntu5) ...
Setting up build-essential (12.4ubuntu1) ...
Setting up libxcb-xfixes0-dev:amd64 (1.13-2~ubuntu18.04) ...
Setting up libqt5webkit5:amd64 (5.212.0~alpha2-7ubuntu1) ...
Setting up libboost-chrono-dev:amd64 (1.65.1.0ubuntu1) ...
Setting up libboost-mpi1.65.1 (1.65.1+dfsg-0ubuntu5) ...
Setting up libboost-system-dev:amd64 (1.65.1.0ubuntu1) ...
Setting up libboost-graph-dev:amd64 (1.65.1.0ubuntu1) ...
Setting up python-bzrlib (2.7.0+bzr6622-10) ...
Setting up libopenmpi-dev (2.1.1-8) ...
update-alternatives: using /usr/lib/x86_64-linux-gnu/openmpi/include to provide /usr/include/mpi (mpi) in auto mode
Setting up libqt5designercomponents5:amd64 (5.9.5-0ubuntu1) ...
Setting up libavcodec-dev:amd64 (7:3.4.11-0ubuntu0.1) ...
Setting up python-pyqt5 (5.10.1+dfsg-1ubuntu2) ...
Setting up libatk1.0-dev:amd64 (2.28.1-1) ...
Setting up python-qrcode (5.3-1) ...
update-alternatives: using /usr/bin/python2-qr to provide /usr/bin/qr (qr) in auto mode
Setting up libboost-timer-dev:amd64 (1.65.1.0ubuntu1) ...
Setting up libyaml-cpp-dev (0.5.2-4ubuntu1) ...
Setting up libboost-fiber-dev:amd64 (1.65.1.0ubuntu1) ...
Setting up bzr (2.7.0+bzr6622-10) ...
update-alternatives: using /usr/bin/bzr.bzr to provide /usr/bin/bzr (bzr) in auto mode
Setting up libboost-date-time-dev:amd64 (1.65.1.0ubuntu1) ...
Setting up libkmlconvenience1:amd64 (1.3.0-5) ...
Setting up openmpi-bin (2.1.1-8) ...
update-alternatives: using /usr/bin/mpirun.openmpi to provide /usr/bin/mpirun (mpirun) in auto mode
Setting up python-pyqt5.qtwebkit (5.10.1+dfsg-1ubuntu2) ...
Setting up libxss-dev:amd64 (1:1.2.2-1) ...
Setting up libpython3.6-dev:amd64 (3.6.9-1~18.04ubuntu1.12) ...
Setting up python-cycler (0.10.0-1) ...
Setting up python-keyrings.alt (3.0-1) ...
Setting up mpi-default-dev (1.10) ...
Setting up libboost-filesystem1.65-dev:amd64 (1.65.1+dfsg-0ubuntu5) ...
Setting up libhdf4-alt-dev (4.2.13-2) ...
Setting up libboost-container-dev:amd64 (1.65.1.0ubuntu1) ...
Setting up libhdf5-openmpi-dev (1.10.0-patch1+docs-4) ...
update-alternatives: using /usr/bin/h5pcc.openmpi to provide /usr/bin/h5pcc (h5pcc) in auto mode
Setting up python-dateutil (2.6.1-1) ...
Setting up libpoco-dev (1.8.0.1-1ubuntu4) ...
Setting up python-vcstools (0.1.42-1) ...
Setting up libxft-dev (2.3.2-1) ...
Setting up libboost-random-dev:amd64 (1.65.1.0ubuntu1) ...
Setting up libqwt-qt5-6 (6.1.3-1) ...
Setting up libignition-transport4-dev:amd64 (4.0.0+dfsg-4) ...
Setting up libboost-thread1.65-dev:amd64 (1.65.1+dfsg-0ubuntu5) ...
Setting up libkmlregionator1:amd64 (1.3.0-5) ...
Setting up python-cryptography (2.1.4-1ubuntu1.4) ...
Setting up python-pyqt5.qtsvg (5.10.1+dfsg-1ubuntu2) ...
Setting up libxcb-present-dev:amd64 (1.13-2~ubuntu18.04) ...
Setting up python3.6-dev (3.6.9-1~18.04ubuntu1.12) ...
Setting up libboost-coroutine-dev:amd64 (1.65.1.0ubuntu1) ...
Setting up libavformat57:amd64 (7:3.4.11-0ubuntu0.1) ...
Setting up ros-melodic-webkit-dependency (1.1.0-0bionic.20200801.040531) ...
Setting up libignition-common:amd64 (1.0.1-1) ...
Setting up python-pyqt5.qtopengl (5.10.1+dfsg-1ubuntu2) ...
Setting up qt5-assistant (5.9.5-0ubuntu1) ...
Setting up libboost-mpi1.65-dev (1.65.1+dfsg-0ubuntu5) ...
Setting up libpython3-dev:amd64 (3.6.7-1~18.04) ...
Setting up python-secretstorage (2.3.1-2) ...
Setting up mpi-default-bin (1.10) ...
Setting up python-wstool (0.1.17-1) ...
Setting up python-lazr.restfulclient (0.13.5-1) ...
Setting up libboost-graph-parallel1.65.1 (1.65.1+dfsg-0ubuntu5) ...
Setting up python-keyring (10.6.0-1) ...
Setting up libqwt-qt5-dev (6.1.3-1) ...
Setting up libboost-thread-dev:amd64 (1.65.1.0ubuntu1) ...
Setting up libignition-fuel-tools1-1:amd64 (1.0.0+dfsg4-4) ...
Setting up python-openssl (17.5.0-1ubuntu1) ...
Setting up libboost-graph-parallel1.65-dev (1.65.1+dfsg-0ubuntu5) ...
Setting up tk8.6-dev:amd64 (8.6.8-4) ...
Setting up libavfilter6:amd64 (7:3.4.11-0ubuntu0.1) ...
Setting up tk-dev:amd64 (8.6.0+9) ...
Setting up python-matplotlib (2.1.1-2ubuntu3) ...
Setting up python3-dev (3.6.7-1~18.04) ...
Setting up libboost-wave1.65-dev:amd64 (1.65.1+dfsg-0ubuntu5) ...
Setting up libboost-filesystem-dev:amd64 (1.65.1.0ubuntu1) ...
Setting up libhdf5-mpi-dev (1.10.0-patch1+docs-4) ...
Setting up ros-melodic-gl-dependency (1.1.0-0bionic.20200801.033702) ...
Setting up libkml-dev:amd64 (1.3.0-5) ...
Setting up libogre-1.9-dev (1.9.0+dfsg1-10) ...
Setting up libgl1-mesa-dev:amd64 (20.0.8-0ubuntu1~18.04.1) ...
Setting up libboost-log1.65-dev (1.65.1+dfsg-0ubuntu5) ...
Setting up python-paramiko (2.0.0-1ubuntu1.3) ...
Setting up libboost-python1.65-dev (1.65.1+dfsg-0ubuntu5) ...
Setting up qttools5-dev-tools (5.9.5-0ubuntu1) ...
Setting up python-launchpadlib (1.10.6-1) ...
Setting up libboost-wave-dev:amd64 (1.65.1.0ubuntu1) ...
Setting up libegl1-mesa-dev:amd64 (20.0.8-0ubuntu1~18.04.1) ...
Setting up libavformat-dev:amd64 (7:3.4.11-0ubuntu0.1) ...
Setting up libboost-graph-parallel-dev (1.65.1.0ubuntu1) ...
Setting up libboost-mpi-dev (1.65.1.0ubuntu1) ...
Setting up libboost-mpi-python1.65.1 (1.65.1+dfsg-0ubuntu5) ...
Setting up python-service-identity (16.0.0-2) ...
Setting up libboost-python-dev (1.65.1.0ubuntu1) ...
Setting up python-mpi4py (2.0.0-3) ...
Setting up libglu1-mesa-dev:amd64 (9.0.0-2.1build1) ...
Setting up libavdevice57:amd64 (7:3.4.11-0ubuntu0.1) ...
Setting up libgles2-mesa-dev:amd64 (20.0.8-0ubuntu1~18.04.1) ...
Setting up libboost-mpi-python1.65-dev (1.65.1+dfsg-0ubuntu5) ...
Setting up libavfilter-dev:amd64 (7:3.4.11-0ubuntu0.1) ...
Setting up libboost-log-dev (1.65.1.0ubuntu1) ...
Setting up python-twisted-core (17.9.0-2ubuntu0.3) ...
Setting up libboost-mpi-python-dev (1.65.1.0ubuntu1) ...
Setting up python-twisted (17.9.0-2ubuntu0.3) ...
Setting up libavdevice-dev:amd64 (7:3.4.11-0ubuntu0.1) ...
Setting up libignition-common-dev:amd64 (1.0.1-1) ...
Setting up freeglut3-dev:amd64 (2.8.1-3) ...
Setting up libignition-fuel-tools1-dev:amd64 (1.0.0+dfsg4-4) ...
Setting up python-txaio (2.8.1-1) ...
Setting up qtbase5-dev:amd64 (5.9.5+dfsg-0ubuntu2.6) ...
Setting up libqt5opengl5-dev:amd64 (5.9.5+dfsg-0ubuntu2.6) ...
Setting up qtdeclarative5-dev:amd64 (5.9.5-0ubuntu1.1) ...
Setting up qttools5-dev:amd64 (5.9.5-0ubuntu1) ...
Setting up qttools5-private-dev:amd64 (5.9.5-0ubuntu1) ...
Setting up python-autobahn (17.10.1+dfsg1-2) ...
Setting up libsimbody-dev:amd64 (3.5.4+dfsg-1ubuntu2) ...
Setting up libqt5webkit5-dev:amd64 (5.212.0~alpha2-7ubuntu1) ...
Setting up rake (12.3.1-1ubuntu0.1) ...
Setting up odbcinst1debian2:amd64 (2.3.4-1.1ubuntu3) ...
Setting up libharfbuzz-dev:amd64 (1.7.2-1ubuntu1) ...
Setting up debhelper (11.1.6ubuntu2) ...
Setting up ruby2.5 (2.5.1-1ubuntu1.16) ...
Setting up unixodbc-dev:amd64 (2.3.4-1.1ubuntu3) ...
Setting up dh-autoreconf (17) ...
Setting up libicu-le-hb-dev:amd64 (1.0.3+git161113-4) ...
Setting up odbcinst (2.3.4-1.1ubuntu3) ...
Setting up libgdal20 (2.2.3+dfsg-2) ...
Setting up libicu-dev (60.2-3ubuntu3.2) ...
Setting up libopencv-imgcodecs3.2:amd64 (3.2.0+dfsg-4ubuntu0.1) ...
Setting up libxml2-dev:amd64 (2.9.4+dfsg1-6.1ubuntu1.9) ...
Setting up libvtk6.3 (6.3.0+dfsg1-11build1) ...
Setting up dh-strip-nondeterminism (0.040-1.1~build1) ...
Setting up libvtk6.3-qt (6.3.0+dfsg1-11build1) ...
Setting up libgazebo9:amd64 (9.0.0+dfsg5-3ubuntu1+ppa2) ...
Setting up libboost-regex1.65-dev:amd64 (1.65.1+dfsg-0ubuntu5) ...
Setting up libpango1.0-dev (1.40.14-1ubuntu0.1) ...
Setting up ruby (1:2.5.1) ...
Setting up libopencv-videoio3.2:amd64 (3.2.0+dfsg-4ubuntu0.1) ...
Setting up python-vtk6 (6.3.0+dfsg1-11build1) ...
Setting up libpcl-surface1.8:amd64 (1.8.1+dfsg1-2ubuntu2.18.04.1) ...
Setting up libxerces-c-dev (3.2.0+debian-2) ...
Setting up libdap-dev:amd64 (3.19.1-2build1) ...
Setting up ruby-test-unit (3.2.5-1) ...
Setting up libopencv-imgcodecs-dev:amd64 (3.2.0+dfsg-4ubuntu0.1) ...
Setting up vtk6 (6.3.0+dfsg1-11build1) ...
Setting up libvtk6-jni (6.3.0+dfsg1-11build1) ...
Setting up libgtk2.0-dev (2.24.32-1ubuntu1) ...
Setting up libboost-iostreams1.65-dev:amd64 (1.65.1+dfsg-0ubuntu5) ...
Setting up gazebo9-plugin-base (9.0.0+dfsg5-3ubuntu1+ppa2) ...
Setting up libopencv-viz3.2:amd64 (3.2.0+dfsg-4ubuntu0.1) ...
Setting up libpcl-io1.8:amd64 (1.8.1+dfsg1-2ubuntu2.18.04.1) ...
Setting up libopencv-superres3.2:amd64 (3.2.0+dfsg-4ubuntu0.1) ...
Setting up libboost-iostreams-dev:amd64 (1.65.1.0ubuntu1) ...
Setting up tcl-vtk6 (6.3.0+dfsg1-11build1) ...
Setting up gazebo9 (9.0.0+dfsg5-3ubuntu1+ppa2) ...
Setting up libpcl-apps1.8:amd64 (1.8.1+dfsg1-2ubuntu2.18.04.1) ...
Setting up libboost-regex-dev:amd64 (1.65.1.0ubuntu1) ...
Setting up libsdformat6-dev:amd64 (6.0.0+dfsg-4) ...
Setting up libpcl-recognition1.8:amd64 (1.8.1+dfsg1-2ubuntu2.18.04.1) ...
Setting up libopencv-highgui3.2:amd64 (3.2.0+dfsg-4ubuntu0.1) ...
Setting up libpcl-visualization1.8:amd64 (1.8.1+dfsg1-2ubuntu2.18.04.1) ...
Setting up libopencv-videoio-dev:amd64 (3.2.0+dfsg-4ubuntu0.1) ...
Setting up libruby2.5:amd64 (2.5.1-1ubuntu1.16) ...
Setting up libopencv-viz-dev:amd64 (3.2.0+dfsg-4ubuntu0.1) ...
Setting up libvtk6-java (6.3.0+dfsg1-11build1) ...
Setting up libgdal-dev (2.2.3+dfsg-2) ...
Setting up libopencv-objdetect3.2:amd64 (3.2.0+dfsg-4ubuntu0.1) ...
Setting up libvtk6-dev (6.3.0+dfsg1-11build1) ...
Setting up libopencv-highgui-dev:amd64 (3.2.0+dfsg-4ubuntu0.1) ...
Setting up libopencv-features2d3.2:amd64 (3.2.0+dfsg-4ubuntu0.1) ...
Setting up libboost-all-dev (1.65.1.0ubuntu1) ...
Setting up libopencv-superres-dev:amd64 (3.2.0+dfsg-4ubuntu0.1) ...
Setting up libopencv-features2d-dev:amd64 (3.2.0+dfsg-4ubuntu0.1) ...
Setting up libopencv-calib3d3.2:amd64 (3.2.0+dfsg-4ubuntu0.1) ...
Setting up libvtk6-qt-dev (6.3.0+dfsg1-11build1) ...
Setting up ros-melodic-cpp-common (0.6.14-1bionic.20200801.035855) ...
Setting up libpcl-dev (1.8.1+dfsg1-2ubuntu2.18.04.1) ...
Setting up libopencv-stitching3.2:amd64 (3.2.0+dfsg-4ubuntu0.1) ...
Setting up ros-melodic-class-loader (0.4.1-0bionic.20201015.033003) ...
Setting up ros-melodic-rostime (0.6.14-1bionic.20200801.051100) ...
Setting up libopencv-calib3d-dev:amd64 (3.2.0+dfsg-4ubuntu0.1) ...
Setting up libopencv-objdetect-dev:amd64 (3.2.0+dfsg-4ubuntu0.1) ...
Setting up libopencv-videostab3.2:amd64 (3.2.0+dfsg-4ubuntu0.1) ...
Setting up libopencv-stitching-dev:amd64 (3.2.0+dfsg-4ubuntu0.1) ...
Setting up ros-melodic-xmlrpcpp (1.14.13-1bionic.20220127.142710) ...
Setting up libgazebo9-dev:amd64 (9.0.0+dfsg5-3ubuntu1+ppa2) ...
Setting up ros-melodic-roscpp-traits (0.6.14-1bionic.20200801.063118) ...
Setting up libopencv-contrib3.2:amd64 (3.2.0+dfsg-4ubuntu0.1) ...
Setting up ros-melodic-gazebo-dev (2.8.7-1bionic.20201015.050828) ...
Setting up libopencv-videostab-dev:amd64 (3.2.0+dfsg-4ubuntu0.1) ...
Setting up ros-melodic-roscpp-serialization (0.6.14-1bionic.20200801.063506) ...
Setting up libopencv-contrib-dev:amd64 (3.2.0+dfsg-4ubuntu0.1) ...
Setting up python-opencv (3.2.0+dfsg-4ubuntu0.1) ...
Setting up ros-melodic-roscpp-core (0.6.14-1bionic.20200801.065849) ...
Setting up libopencv3.2-jni (3.2.0+dfsg-4ubuntu0.1) ...
Setting up libopencv3.2-java (3.2.0+dfsg-4ubuntu0.1) ...
Setting up libopencv-dev (3.2.0+dfsg-4ubuntu0.1) ...
Processing triggers for libc-bin (2.27-3ubuntu1.4) ...
Processing triggers for systemd (237-3ubuntu10.52) ...
Processing triggers for man-db (2.8.3-2ubuntu0.1) ...
Processing triggers for shared-mime-info (1.9-2) ...
Processing triggers for gnome-menus (3.13.3-11ubuntu1.1) ...
Processing triggers for hicolor-icon-theme (0.17-2) ...
Processing triggers for fontconfig (2.12.6-0ubuntu2) ...
Processing triggers for mime-support (3.60ubuntu1) ...
Processing triggers for ureadahead (0.100.0-21) ...
Processing triggers for desktop-file-utils (0.23-1ubuntu3.18.04.2) ...
Processing triggers for install-info (6.5.0.dfsg.1-2) ...
Processing triggers for sgml-base (1.29) ...
Setting up docutils-common (0.14+dfsg-3) ...
Processing triggers for sgml-base (1.29) ...
Setting up python-docutils (0.14+dfsg-3) ...
update-alternatives: using /usr/share/docutils/scripts/python2/rst-buildhtml to provide /usr/bin/rst-buildhtml (rst-buildhtml) in auto mode
update-alternatives: using /usr/share/docutils/scripts/python2/rst2html to provide /usr/bin/rst2html (rst2html) in auto mode
update-alternatives: using /usr/share/docutils/scripts/python2/rst2html4 to provide /usr/bin/rst2html4 (rst2html4) in auto mode
update-alternatives: using /usr/share/docutils/scripts/python2/rst2html5 to provide /usr/bin/rst2html5 (rst2html5) in auto mode
update-alternatives: using /usr/share/docutils/scripts/python2/rst2latex to provide /usr/bin/rst2latex (rst2latex) in auto mode
update-alternatives: using /usr/share/docutils/scripts/python2/rst2man to provide /usr/bin/rst2man (rst2man) in auto mode
update-alternatives: using /usr/share/docutils/scripts/python2/rst2odt to provide /usr/bin/rst2odt (rst2odt) in auto mode
update-alternatives: using /usr/share/docutils/scripts/python2/rst2odt_prepstyles to provide /usr/bin/rst2odt_prepstyles (rst2odt_prepstyles) in auto mode
update-alternatives: using /usr/share/docutils/scripts/python2/rst2pseudoxml to provide /usr/bin/rst2pseudoxml (rst2pseudoxml) in auto mode
update-alternatives: using /usr/share/docutils/scripts/python2/rst2s5 to provide /usr/bin/rst2s5 (rst2s5) in auto mode
update-alternatives: using /usr/share/docutils/scripts/python2/rst2xetex to provide /usr/bin/rst2xetex (rst2xetex) in auto mode
update-alternatives: using /usr/share/docutils/scripts/python2/rst2xml to provide /usr/bin/rst2xml (rst2xml) in auto mode
update-alternatives: using /usr/share/docutils/scripts/python2/rstpep2html to provide /usr/bin/rstpep2html (rstpep2html) in auto mode
Setting up python-catkin-pkg-modules (0.5.2-1) ...
Setting up python-rospkg-modules (1.5.1-1) ...
Setting up python-catkin-pkg (0.5.2-100) ...
Setting up ros-melodic-catkin (0.7.29-1bionic.20201014.191449) ...
Setting up python-rosdistro-modules (0.9.1-1) ...
Setting up python-rosdep-modules (0.23.1-1) ...
Setting up ros-melodic-python-qt-binding (0.4.4-1bionic.20221025.180602) ...
Setting up python-rospkg (1.5.1-100) ...
Setting up ros-melodic-qt-gui (0.4.2-1bionic.20221025.181049) ...
Setting up ros-melodic-rosmake (1.14.9-1bionic.20201015.052555) ...
Setting up ros-melodic-orocos-kdl (1.4.0-0bionic.20201017.031444) ...
Setting up python-rosdep (0.23.1-1) ...
Setting up ros-melodic-qt-gui-py-common (0.4.2-1bionic.20221025.181052) ...
Setting up ros-melodic-rospack (2.5.6-1bionic.20201015.070131) ...
Setting up ros-melodic-stage (4.3.0-0bionic.20201015.035745) ...
Setting up ros-melodic-qt-dotgraph (0.4.2-1bionic.20221025.181036) ...
Setting up ros-melodic-genmsg (0.5.17-1bionic.20221025.173817) ...
Setting up ros-melodic-rosgraph (1.14.13-1bionic.20220127.142555) ...
Setting up ros-melodic-python-orocos-kdl (1.4.0-0bionic.20201017.032955) ...
Setting up python-rosinstall-generator (0.1.23-1) ...
Setting up ros-melodic-rosbash (1.14.9-1bionic.20201016.105914) ...
Setting up ros-melodic-gencpp (0.6.6-1bionic.20221025.174158) ...
Setting up python-rosdistro (0.9.1-100) ...
Setting up ros-melodic-genpy (0.6.16-1bionic.20221025.174014) ...
Setting up python-rosinstall (0.7.8-1) ...
Setting up ros-melodic-gennodejs (2.0.1-0bionic.20221025.174010) ...
Setting up ros-melodic-roslang (1.14.9-1bionic.20221025.174015) ...
Setting up ros-melodic-rosparam (1.14.13-1bionic.20220127.142805) ...
Setting up ros-melodic-rosclean (1.14.9-1bionic.20201015.071027) ...
Setting up ros-melodic-geneus (2.2.6-0bionic.20221025.174153) ...
Setting up ros-melodic-rosmaster (1.14.13-1bionic.20220127.143155) ...
Setting up ros-melodic-message-runtime (0.4.12-0bionic.20221025.174256) ...
Setting up ros-melodic-std-msgs (0.5.12-0bionic.20221025.174604) ...
Setting up ros-melodic-roslib (1.14.9-1bionic.20201016.105810) ...
Setting up ros-melodic-genlisp (0.4.16-0bionic.20221025.174014) ...
Setting up ros-melodic-std-srvs (1.11.2-0bionic.20221025.174616) ...
Setting up ros-melodic-rosunit (1.14.9-1bionic.20201017.031507) ...
Setting up ros-melodic-roscreate (1.14.9-1bionic.20201017.031701) ...
Setting up ros-melodic-geometry-msgs (1.12.8-1bionic.20221025.175355) ...
Setting up ros-melodic-bond (1.8.5-1bionic.20221025.175226) ...
Setting up ros-melodic-diagnostic-msgs (1.12.8-1bionic.20221025.175306) ...
Setting up ros-melodic-shape-msgs (1.12.8-1bionic.20221025.175947) ...
Setting up ros-melodic-smach-msgs (2.0.3-1bionic.20230620.174430) ...
Setting up ros-melodic-trajectory-msgs (1.12.8-1bionic.20221025.180014) ...
Setting up ros-melodic-rosgraph-msgs (1.11.2-0bionic.20221025.180432) ...
Setting up ros-melodic-message-generation (0.4.1-1bionic.20221025.174412) ...
Setting up ros-melodic-roslisp (1.9.25-1bionic.20230215.205200) ...
Setting up ros-melodic-kdl-conversions (1.12.1-1bionic.20221025.180803) ...
Setting up ros-melodic-sensor-msgs (1.12.8-1bionic.20221025.185709) ...
Setting up ros-melodic-eigen-conversions (1.12.1-1bionic.20221025.180648) ...
Setting up ros-melodic-visualization-msgs (1.12.8-1bionic.20221025.180213) ...
Setting up ros-melodic-stereo-msgs (1.12.8-1bionic.20221025.191732) ...
Setting up ros-melodic-rosbuild (1.14.9-1bionic.20221025.174623) ...
Setting up ros-melodic-actionlib-msgs (1.12.8-1bionic.20221025.174924) ...
Setting up ros-melodic-pcl-msgs (0.2.0-0bionic.20221025.191509) ...
Setting up ros-melodic-rosconsole (1.13.18-1bionic.20221025.180608) ...
Setting up ros-melodic-image-geometry (1.13.1-1bionic.20221025.190823) ...
Setting up ros-melodic-gazebo-msgs (2.8.7-1bionic.20221025.190757) ...
Setting up ros-melodic-control-msgs (1.5.1-1bionic.20221025.180101) ...
Setting up ros-melodic-roscpp (1.14.13-1bionic.20221025.181538) ...
Setting up ros-melodic-rosout (1.14.13-1bionic.20221025.182737) ...
Setting up ros-melodic-roslaunch (1.14.13-1bionic.20221025.183434) ...
Setting up ros-melodic-cv-bridge (1.13.1-1bionic.20221025.190044) ...
Setting up ros-melodic-camera-calibration-parsers (1.11.13-0bionic.20221025.190030) ...
Setting up ros-melodic-diagnostic-updater (1.9.7-1bionic.20221025.184506) ...
Setting up ros-melodic-visualization-marker-tutorials (0.10.5-1bionic.20221025.183055) ...
Setting up ros-melodic-roscpp-tutorials (0.9.3-1bionic.20221025.182724) ...
Setting up ros-melodic-rosconsole-bridge (0.5.3-0bionic.20221025.181027) ...
Setting up ros-melodic-nav-msgs (1.12.8-1bionic.20221025.175754) ...
Setting up ros-melodic-topic-tools (1.14.13-1bionic.20221025.184424) ...
Setting up ros-melodic-tf2-msgs (0.6.5-0bionic.20221025.180544) ...
Setting up ros-melodic-mk (1.14.9-1bionic.20221025.180548) ...
Setting up ros-melodic-pcl-conversions (1.7.4-1bionic.20221025.191702) ...
Setting up ros-melodic-resource-retriever (1.12.7-1bionic.20221025.181028) ...
Setting up ros-melodic-common-msgs (1.12.8-1bionic.20221025.192012) ...
Setting up ros-melodic-pluginlib (1.12.1-0bionic.20221025.180956) ...
Setting up ros-melodic-rospy (1.14.13-1bionic.20221025.182746) ...
Setting up ros-melodic-ros (1.14.9-1bionic.20221025.180622) ...
Setting up ros-melodic-rqt-gui (0.5.3-1bionic.20221025.183139) ...
Setting up ros-melodic-vision-opencv (1.13.1-1bionic.20221025.192133) ...
Setting up ros-melodic-bondpy (1.8.5-1bionic.20221025.183131) ...
Setting up ros-melodic-qt-gui-cpp (0.4.2-1bionic.20221025.182102) ...
Setting up ros-melodic-message-filters (1.14.13-1bionic.20221025.184443) ...
Setting up ros-melodic-tf2 (0.6.5-0bionic.20221025.180805) ...
Setting up ros-melodic-hardware-interface (0.18.4-1bionic.20221025.182429) ...
Setting up ros-melodic-turtlesim (0.9.3-1bionic.20221025.183010) ...
Setting up ros-melodic-bondcpp (1.8.5-1bionic.20221025.182354) ...
Setting up ros-melodic-map-msgs (1.14.1-1bionic.20221025.191218) ...
Setting up ros-melodic-filters (1.8.3-1bionic.20221025.184439) ...
Setting up ros-melodic-joint-state-publisher (1.12.15-1bionic.20221025.190845) ...
Setting up ros-melodic-self-test (1.9.7-1bionic.20221025.184818) ...
Setting up ros-melodic-xacro (1.13.20-1bionic.20230524.154340) ...
Setting up ros-melodic-rqt-gui-py (0.5.3-1bionic.20221025.183400) ...
Setting up ros-melodic-nodelet (1.9.16-0bionic.20221025.182908) ...
Setting up ros-melodic-pluginlib-tutorials (0.1.11-0bionic.20221025.182323) ...
Setting up ros-melodic-rostest (1.14.13-1bionic.20221025.183909) ...
Setting up ros-melodic-rqt-shell (0.4.9-0bionic.20221025.183745) ...
Setting up ros-melodic-rospy-tutorials (0.9.3-1bionic.20221025.184810) ...
Setting up ros-melodic-diagnostic-aggregator (1.9.7-1bionic.20221025.184453) ...
Setting up ros-melodic-nodelet-tutorial-math (0.1.11-0bionic.20221025.183146) ...
Setting up ros-melodic-urdfdom-py (0.4.6-1bionic.20221025.183413) ...
Setting up ros-melodic-rqt-web (0.4.8-0bionic.20221025.183756) ...
Setting up ros-melodic-rosbag-storage (1.14.13-1bionic.20221025.184506) ...
Setting up ros-melodic-rqt-top (0.4.8-0bionic.20221025.183745) ...
Setting up ros-melodic-urdf (1.13.2-1bionic.20221025.184459) ...
Setting up ros-melodic-image-transport (1.11.13-0bionic.20221025.190453) ...
Setting up ros-melodic-rqt-gui-cpp (0.5.3-1bionic.20221025.183139) ...
Setting up ros-melodic-ros-tutorials (0.9.3-1bionic.20221025.185118) ...
Setting up ros-melodic-rqt-image-view (0.4.17-1bionic.20230314.193026) ...
Setting up ros-melodic-tf2-py (0.6.5-0bionic.20221025.183352) ...
Setting up ros-melodic-controller-interface (0.18.4-1bionic.20221025.182637) ...
Setting up ros-melodic-rqt-py-console (0.4.8-0bionic.20221025.183903) ...
Setting up ros-melodic-rqt-runtime-monitor (0.5.7-0bionic.20221025.183755) ...
Setting up ros-melodic-transmission-interface (0.18.4-1bionic.20221025.182629) ...
Setting up ros-melodic-camera-calibration (1.15.2-1bionic.20221025.191201) ...
Setting up ros-melodic-polled-camera (1.11.13-0bionic.20221025.190753) ...
Setting up ros-melodic-tf2-eigen (0.6.5-0bionic.20221025.181036) ...
Setting up ros-melodic-kdl-parser (1.13.3-1bionic.20221025.184847) ...
Setting up ros-melodic-bond-core (1.8.5-1bionic.20221025.183502) ...
Setting up ros-melodic-rosbag (1.14.13-1bionic.20221025.185335) ...
Setting up ros-melodic-joint-limits-interface (0.18.4-1bionic.20221025.185031) ...
Setting up ros-melodic-kdl-parser-py (1.13.3-1bionic.20221025.184119) ...
Setting up ros-melodic-camera-info-manager (1.11.13-0bionic.20221025.190730) ...
Setting up ros-melodic-rosmsg (1.14.13-1bionic.20221025.185916) ...
Setting up ros-melodic-diagnostic-analysis (1.9.7-1bionic.20221025.185951) ...
Setting up ros-melodic-rostopic (1.14.13-1bionic.20221025.185955) ...
Setting up ros-melodic-rosservice (1.14.13-1bionic.20221025.190129) ...
Setting up ros-melodic-image-common (1.11.13-0bionic.20221025.192050) ...
Setting up ros-melodic-rqt-robot-steering (0.5.10-1bionic.20221025.190300) ...
Setting up ros-melodic-controller-manager-msgs (0.18.4-1bionic.20221025.192015) ...
Setting up ros-melodic-rqt-topic (0.4.11-1bionic.20221025.190308) ...
Setting up ros-melodic-controller-manager (0.18.4-1bionic.20221025.202229) ...
Setting up ros-melodic-dynamic-reconfigure (1.6.5-1bionic.20221025.192006) ...
Setting up ros-melodic-theora-image-transport (1.9.6-1bionic.20230202.200013) ...
Setting up ros-melodic-actionlib (1.12.1-1bionic.20221025.190636) ...
Setting up ros-melodic-rosnode (1.14.13-1bionic.20221025.190319) ...
Setting up ros-melodic-nodelet-topic-tools (1.9.16-0bionic.20221025.192652) ...
Setting up ros-melodic-image-publisher (1.15.2-1bionic.20221025.192336) ...
Setting up ros-melodic-rqt-py-common (0.5.3-1bionic.20221025.191043) ...
Setting up ros-melodic-nodelet-core (1.9.16-0bionic.20221025.192934) ...
Setting up ros-melodic-tf2-ros (0.6.5-0bionic.20221025.192245) ...
Setting up ros-melodic-compressed-depth-image-transport (1.9.6-1bionic.20230202.200046) ...
Setting up ros-melodic-tf2-geometry-msgs (0.6.5-0bionic.20221025.203000) ...
Setting up ros-melodic-turtle-tf2 (0.2.2-0bionic.20221025.203031) ...
Setting up ros-melodic-compressed-image-transport (1.9.6-1bionic.20230202.200106) ...
Setting up ros-melodic-realtime-tools (1.15.1-1bionic.20221025.201415) ...
Setting up ros-melodic-rqt-logger-level (0.4.8-0bionic.20221025.191921) ...
Setting up ros-melodic-forward-command-controller (0.17.3-1bionic.20230131.222718) ...
Setting up ros-melodic-rqt-moveit (0.5.10-1bionic.20221025.191244) ...
Setting up ros-melodic-smach-ros (2.0.3-1bionic.20230620.174705) ...
Setting up ros-melodic-rqt-bag (0.5.1-1bionic.20221025.192047) ...
Setting up ros-melodic-actionlib-tutorials (0.1.11-0bionic.20221025.192304) ...
Setting up ros-melodic-image-proc (1.15.2-1bionic.20221025.192934) ...
Setting up ros-melodic-stereo-image-proc (1.15.2-1bionic.20221025.200906) ...
Setting up ros-melodic-image-view (1.15.2-1bionic.20221025.192347) ...
Setting up ros-melodic-control-toolbox (1.19.0-1bionic.20221025.202332) ...
Setting up ros-melodic-image-transport-plugins (1.9.6-1bionic.20230202.201403) ...
Setting up ros-melodic-depth-image-proc (1.15.2-1bionic.20221025.192734) ...
Setting up ros-melodic-turtle-actionlib (0.1.11-0bionic.20221025.201633) ...
Setting up ros-melodic-rqt-service-caller (0.4.8-0bionic.20221025.191327) ...
Setting up ros-melodic-rqt-robot-monitor (0.5.14-1bionic.20221025.201921) ...
Setting up ros-melodic-rqt-graph (0.4.11-1bionic.20221025.190621) ...
Setting up ros-melodic-image-rotate (1.15.2-1bionic.20221025.204254) ...
Setting up ros-melodic-roswtf (1.14.13-1bionic.20221025.190549) ...
Setting up ros-melodic-position-controllers (0.17.3-1bionic.20230131.223210) ...
Setting up ros-melodic-rqt-plot (0.4.13-1bionic.20221025.191252) ...
Setting up ros-melodic-tf2-kdl (0.6.5-0bionic.20221025.202954) ...
Setting up ros-melodic-ros-comm (1.14.13-1bionic.20230215.205508) ...
Setting up ros-melodic-rqt-console (0.4.9-1bionic.20221025.201935) ...
Setting up ros-melodic-rqt-publisher (0.4.8-0bionic.20221025.191257) ...
Setting up ros-melodic-rqt-launch (0.4.8-0bionic.20221025.202039) ...
Setting up ros-melodic-executive-smach (2.0.3-1bionic.20230620.175122) ...
Setting up ros-melodic-rqt-reconfigure (0.5.4-1bionic.20221025.202046) ...
Setting up ros-melodic-common-tutorials (0.1.11-0bionic.20221025.203037) ...
Setting up ros-melodic-joint-state-controller (0.17.3-1bionic.20230131.222942) ...
Setting up ros-melodic-rqt-tf-tree (0.6.0-0bionic.20221025.192804) ...
Setting up ros-melodic-rqt-dep (0.4.9-0bionic.20221025.190705) ...
Setting up ros-melodic-tf (1.12.1-1bionic.20221025.192750) ...
Setting up ros-melodic-image-pipeline (1.15.2-1bionic.20221025.211051) ...
Setting up ros-melodic-turtle-tf (0.2.2-0bionic.20221025.194353) ...
Setting up ros-melodic-robot-state-publisher (1.14.1-1bionic.20221025.203320) ...
Setting up ros-melodic-ros-core (1.4.1-0bionic.20230215.205603) ...
Setting up ros-melodic-laser-geometry (1.6.7-1bionic.20221025.204812) ...
Setting up ros-melodic-diagnostic-common-diagnostics (1.9.7-1bionic.20221025.195536) ...
Setting up ros-melodic-laser-assembler (1.7.7-2bionic.20221025.205224) ...
Setting up ros-melodic-laser-filters (1.8.12-1bionic.20221025.205337) ...
Setting up ros-melodic-rqt-msg (0.4.8-0bionic.20221025.202044) ...
Setting up ros-melodic-rqt-bag-plugins (0.5.1-1bionic.20221025.192147) ...
Setting up ros-melodic-rqt-nav-view (0.5.7-0bionic.20221025.195353) ...
Setting up ros-melodic-tf-conversions (1.12.1-1bionic.20221025.203221) ...
Setting up ros-melodic-rqt-pose-view (0.5.8-0bionic.20221025.195404) ...
Setting up ros-melodic-ros-base (1.4.1-0bionic.20230215.205719) ...
Setting up ros-melodic-pcl-ros (1.7.4-1bionic.20221025.193359) ...
Setting up ros-melodic-diagnostics (1.9.7-1bionic.20221025.201000) ...
Setting up ros-melodic-geometry (1.12.1-1bionic.20221025.204822) ...
Setting up ros-melodic-diff-drive-controller (0.17.3-1bionic.20230524.155755) ...
Setting up ros-melodic-geometry-tutorials (0.2.2-0bionic.20221025.203449) ...
Setting up ros-melodic-gazebo-ros (2.8.7-1bionic.20221025.195022) ...
Setting up ros-melodic-rqt-srv (0.4.8-0bionic.20221025.202148) ...
Setting up ros-melodic-interactive-markers (1.11.5-1bionic.20221025.194647) ...
Setting up ros-melodic-perception-pcl (1.7.4-1bionic.20221025.202007) ...
Setting up ros-melodic-stage-ros (1.8.0-0bionic.20221025.194349) ...
Setting up ros-melodic-rqt-robot-dashboard (0.5.7-0bionic.20221025.202046) ...
Setting up ros-melodic-laser-pipeline (1.6.3-0bionic.20221025.214158) ...
Setting up ros-melodic-perception (1.4.1-0bionic.20230215.210053) ...
Setting up ros-melodic-rqt-action (0.4.9-0bionic.20221025.202142) ...
Setting up ros-melodic-gazebo-ros-control (2.8.7-1bionic.20221025.202747) ...
Setting up ros-melodic-robot (1.4.1-0bionic.20230620.175152) ...
Setting up ros-melodic-gazebo-plugins (2.8.7-1bionic.20221025.195709) ...
Setting up ros-melodic-interactive-marker-tutorials (0.10.5-1bionic.20221025.195102) ...
Setting up ros-melodic-rviz (1.13.30-1bionic.20230330.122332) ...
Setting up ros-melodic-rqt-rviz (0.7.0-1bionic.20230330.133614) ...
Setting up ros-melodic-rqt-robot-plugins (0.5.7-0bionic.20230330.134125) ...
Setting up ros-melodic-gazebo-ros-pkgs (2.8.7-1bionic.20221025.201835) ...
Setting up ros-melodic-rqt-common-plugins (0.4.8-0bionic.20230314.193548) ...
Setting up ros-melodic-rviz-python-tutorial (0.10.5-1bionic.20230330.133717) ...
Setting up ros-melodic-rviz-plugin-tutorials (0.10.5-1bionic.20230330.133655) ...
Setting up ros-melodic-librviz-tutorial (0.10.5-1bionic.20230330.133535) ...
Setting up ros-melodic-simulators (1.4.1-0bionic.20230620.175233) ...
Setting up ros-melodic-urdf-tutorial (0.4.0-0bionic.20230524.155441) ...
Setting up ros-melodic-urdf-sim-tutorial (0.4.0-0bionic.20230524.160230) ...
Setting up ros-melodic-viz (1.4.1-0bionic.20230330.134338) ...
Setting up ros-melodic-visualization-tutorials (0.10.5-1bionic.20230330.134144) ...
Setting up ros-melodic-desktop (1.4.1-0bionic.20230620.175232) ...
Setting up ros-melodic-desktop-full (1.4.1-0bionic.20230620.175308) ...
Processing triggers for libc-bin (2.27-3ubuntu1.4) ...
=== Preparing rosdep configuration ===
=== Package installation finished ===
python-rosdep	0.23.1-1
ros-melodic-desktop-full	1.4.1-0bionic.20230620.175308
ros-melodic-gazebo-ros	2.8.7-1bionic.20221025.195022
ros-melodic-roslaunch	1.14.13-1bionic.20221025.183434
ros-melodic-rviz	1.13.30-1bionic.20230330.122332
Filesystem      Size  Used Avail Use% Mounted on
/dev/sda1        20G  8.8G  9.8G  48% /
INSTALL_EXIT=0
